<?xml version="1.0" encoding="UTF-8"?>
<gpx xmlns:xsi="http://www.w3.org/2001/XMLSchema-instance" xsi:schemaLocation="http://www.topografix.com/GPX/1/1 http://www.topografix.com/GPX/1/1/gpx.xsd" creator="StravaGPX" version="1.1" xmlns="http://www.topografix.com/GPX/1/1">
 <metadata>
  <time>2025-11-20T06:25:30Z</time>
 </metadata>
 <trk>
  <name>Afternoon Hike</name>
  <type>hiking</type>
  <trkseg>
   <trkpt lat="7.0335400" lon="125.4602490">
    <ele>169.8</ele>
    <time>2025-11-20T06:25:30Z</time>
   </trkpt>
   <trkpt lat="7.0335420" lon="125.4602470">
    <ele>169.8</ele>
    <time>2025-11-20T06:25:31Z</time>
   </trkpt>
   <trkpt lat="7.0335440" lon="125.4602450">
    <ele>169.9</ele>
    <time>2025-11-20T06:25:32Z</time>
   </trkpt>
   <trkpt lat="7.0335520" lon="125.4602420">
    <ele>169.9</ele>
    <time>2025-11-20T06:25:33Z</time>
   </trkpt>
   <trkpt lat="7.0335590" lon="125.4602400">
    <ele>170.0</ele>
    <time>2025-11-20T06:25:34Z</time>
   </trkpt>
   <trkpt lat="7.0335600" lon="125.4602370">
    <ele>170.0</ele>
    <time>2025-11-20T06:25:35Z</time>
   </trkpt>
   <trkpt lat="7.0335650" lon="125.4602290">
    <ele>170.1</ele>
    <time>2025-11-20T06:25:36Z</time>
   </trkpt>
   <trkpt lat="7.0335710" lon="125.4602210">
    <ele>170.1</ele>
    <time>2025-11-20T06:25:37Z</time>
   </trkpt>
   <trkpt lat="7.0335720" lon="125.4602160">
    <ele>170.2</ele>
    <time>2025-11-20T06:25:38Z</time>
   </trkpt>
   <trkpt lat="7.0335780" lon="125.4602080">
    <ele>170.2</ele>
    <time>2025-11-20T06:25:39Z</time>
   </trkpt>
   <trkpt lat="7.0335750" lon="125.4602080">
    <ele>170.3</ele>
    <time>2025-11-20T06:25:40Z</time>
   </trkpt>
   <trkpt lat="7.0335780" lon="125.4602020">
    <ele>170.3</ele>
    <time>2025-11-20T06:25:41Z</time>
   </trkpt>
   <trkpt lat="7.0335820" lon="125.4601990">
    <ele>170.3</ele>
    <time>2025-11-20T06:25:42Z</time>
   </trkpt>
   <trkpt lat="7.0335900" lon="125.4601920">
    <ele>170.4</ele>
    <time>2025-11-20T06:25:43Z</time>
   </trkpt>
   <trkpt lat="7.0335970" lon="125.4601820">
    <ele>170.5</ele>
    <time>2025-11-20T06:25:44Z</time>
   </trkpt>
   <trkpt lat="7.0335970" lon="125.4601780">
    <ele>170.6</ele>
    <time>2025-11-20T06:25:45Z</time>
   </trkpt>
   <trkpt lat="7.0336010" lon="125.4601710">
    <ele>170.6</ele>
    <time>2025-11-20T06:25:46Z</time>
   </trkpt>
   <trkpt lat="7.0336050" lon="125.4601650">
    <ele>170.7</ele>
    <time>2025-11-20T06:25:47Z</time>
   </trkpt>
   <trkpt lat="7.0336130" lon="125.4601580">
    <ele>170.7</ele>
    <time>2025-11-20T06:25:48Z</time>
   </trkpt>
   <trkpt lat="7.0336220" lon="125.4601490">
    <ele>170.8</ele>
    <time>2025-11-20T06:25:49Z</time>
   </trkpt>
   <trkpt lat="7.0336280" lon="125.4601430">
    <ele>170.9</ele>
    <time>2025-11-20T06:25:50Z</time>
   </trkpt>
   <trkpt lat="7.0336310" lon="125.4601390">
    <ele>170.9</ele>
    <time>2025-11-20T06:25:51Z</time>
   </trkpt>
   <trkpt lat="7.0336320" lon="125.4601340">
    <ele>171.0</ele>
    <time>2025-11-20T06:25:52Z</time>
   </trkpt>
   <trkpt lat="7.0336360" lon="125.4601290">
    <ele>171.0</ele>
    <time>2025-11-20T06:25:53Z</time>
   </trkpt>
   <trkpt lat="7.0336420" lon="125.4601240">
    <ele>171.1</ele>
    <time>2025-11-20T06:25:54Z</time>
   </trkpt>
   <trkpt lat="7.0336460" lon="125.4601150">
    <ele>171.2</ele>
    <time>2025-11-20T06:25:55Z</time>
   </trkpt>
   <trkpt lat="7.0336530" lon="125.4601060">
    <ele>171.3</ele>
    <time>2025-11-20T06:25:56Z</time>
   </trkpt>
   <trkpt lat="7.0336620" lon="125.4600930">
    <ele>171.4</ele>
    <time>2025-11-20T06:25:57Z</time>
   </trkpt>
   <trkpt lat="7.0336680" lon="125.4600830">
    <ele>171.5</ele>
    <time>2025-11-20T06:25:58Z</time>
   </trkpt>
   <trkpt lat="7.0336800" lon="125.4600820">
    <ele>171.6</ele>
    <time>2025-11-20T06:25:59Z</time>
   </trkpt>
   <trkpt lat="7.0336900" lon="125.4600800">
    <ele>171.6</ele>
    <time>2025-11-20T06:26:00Z</time>
   </trkpt>
   <trkpt lat="7.0337010" lon="125.4600690">
    <ele>171.8</ele>
    <time>2025-11-20T06:26:01Z</time>
   </trkpt>
   <trkpt lat="7.0336990" lon="125.4600750">
    <ele>171.8</ele>
    <time>2025-11-20T06:26:02Z</time>
   </trkpt>
   <trkpt lat="7.0337090" lon="125.4600670">
    <ele>171.9</ele>
    <time>2025-11-20T06:26:03Z</time>
   </trkpt>
   <trkpt lat="7.0337240" lon="125.4600550">
    <ele>172.1</ele>
    <time>2025-11-20T06:26:04Z</time>
   </trkpt>
   <trkpt lat="7.0337280" lon="125.4600530">
    <ele>172.1</ele>
    <time>2025-11-20T06:26:05Z</time>
   </trkpt>
   <trkpt lat="7.0337310" lon="125.4600370">
    <ele>172.2</ele>
    <time>2025-11-20T06:26:06Z</time>
   </trkpt>
   <trkpt lat="7.0337410" lon="125.4600250">
    <ele>172.3</ele>
    <time>2025-11-20T06:26:07Z</time>
   </trkpt>
   <trkpt lat="7.0337420" lon="125.4600150">
    <ele>172.4</ele>
    <time>2025-11-20T06:26:08Z</time>
   </trkpt>
   <trkpt lat="7.0337400" lon="125.4599970">
    <ele>172.6</ele>
    <time>2025-11-20T06:26:09Z</time>
   </trkpt>
   <trkpt lat="7.0337420" lon="125.4599920">
    <ele>172.6</ele>
    <time>2025-11-20T06:26:10Z</time>
   </trkpt>
   <trkpt lat="7.0337360" lon="125.4599840">
    <ele>172.7</ele>
    <time>2025-11-20T06:26:11Z</time>
   </trkpt>
   <trkpt lat="7.0337390" lon="125.4599700">
    <ele>172.8</ele>
    <time>2025-11-20T06:26:12Z</time>
   </trkpt>
   <trkpt lat="7.0337450" lon="125.4599620">
    <ele>172.9</ele>
    <time>2025-11-20T06:26:13Z</time>
   </trkpt>
   <trkpt lat="7.0337510" lon="125.4599590">
    <ele>172.9</ele>
    <time>2025-11-20T06:26:14Z</time>
   </trkpt>
   <trkpt lat="7.0337650" lon="125.4599570">
    <ele>173.0</ele>
    <time>2025-11-20T06:26:15Z</time>
   </trkpt>
   <trkpt lat="7.0337660" lon="125.4599440">
    <ele>173.1</ele>
    <time>2025-11-20T06:26:16Z</time>
   </trkpt>
   <trkpt lat="7.0337730" lon="125.4599350">
    <ele>173.2</ele>
    <time>2025-11-20T06:26:17Z</time>
   </trkpt>
   <trkpt lat="7.0337900" lon="125.4599390">
    <ele>173.4</ele>
    <time>2025-11-20T06:26:18Z</time>
   </trkpt>
   <trkpt lat="7.0337910" lon="125.4599330">
    <ele>173.4</ele>
    <time>2025-11-20T06:26:19Z</time>
   </trkpt>
   <trkpt lat="7.0338030" lon="125.4599330">
    <ele>173.5</ele>
    <time>2025-11-20T06:26:20Z</time>
   </trkpt>
   <trkpt lat="7.0338060" lon="125.4599190">
    <ele>173.6</ele>
    <time>2025-11-20T06:26:21Z</time>
   </trkpt>
   <trkpt lat="7.0338050" lon="125.4599120">
    <ele>173.7</ele>
    <time>2025-11-20T06:26:22Z</time>
   </trkpt>
   <trkpt lat="7.0338100" lon="125.4598960">
    <ele>173.8</ele>
    <time>2025-11-20T06:26:23Z</time>
   </trkpt>
   <trkpt lat="7.0338110" lon="125.4598880">
    <ele>173.8</ele>
    <time>2025-11-20T06:26:24Z</time>
   </trkpt>
   <trkpt lat="7.0338170" lon="125.4598850">
    <ele>173.9</ele>
    <time>2025-11-20T06:26:25Z</time>
   </trkpt>
   <trkpt lat="7.0338170" lon="125.4598740">
    <ele>174.0</ele>
    <time>2025-11-20T06:26:26Z</time>
   </trkpt>
   <trkpt lat="7.0338250" lon="125.4598740">
    <ele>174.0</ele>
    <time>2025-11-20T06:26:27Z</time>
   </trkpt>
   <trkpt lat="7.0338250" lon="125.4598820">
    <ele>174.1</ele>
    <time>2025-11-20T06:26:28Z</time>
   </trkpt>
   <trkpt lat="7.0338280" lon="125.4598730">
    <ele>174.2</ele>
    <time>2025-11-20T06:26:29Z</time>
   </trkpt>
   <trkpt lat="7.0338280" lon="125.4598700">
    <ele>174.2</ele>
    <time>2025-11-20T06:26:30Z</time>
   </trkpt>
   <trkpt lat="7.0338320" lon="125.4598600">
    <ele>174.3</ele>
    <time>2025-11-20T06:26:31Z</time>
   </trkpt>
   <trkpt lat="7.0338300" lon="125.4598510">
    <ele>174.4</ele>
    <time>2025-11-20T06:26:32Z</time>
   </trkpt>
   <trkpt lat="7.0338300" lon="125.4598380">
    <ele>174.5</ele>
    <time>2025-11-20T06:26:33Z</time>
   </trkpt>
   <trkpt lat="7.0338240" lon="125.4598350">
    <ele>174.5</ele>
    <time>2025-11-20T06:26:34Z</time>
   </trkpt>
   <trkpt lat="7.0338330" lon="125.4598270">
    <ele>174.6</ele>
    <time>2025-11-20T06:26:35Z</time>
   </trkpt>
   <trkpt lat="7.0338320" lon="125.4598080">
    <ele>174.7</ele>
    <time>2025-11-20T06:26:36Z</time>
   </trkpt>
   <trkpt lat="7.0338350" lon="125.4597920">
    <ele>174.9</ele>
    <time>2025-11-20T06:26:37Z</time>
   </trkpt>
   <trkpt lat="7.0338390" lon="125.4597840">
    <ele>174.9</ele>
    <time>2025-11-20T06:26:38Z</time>
   </trkpt>
   <trkpt lat="7.0338390" lon="125.4597780">
    <ele>175.0</ele>
    <time>2025-11-20T06:26:39Z</time>
   </trkpt>
   <trkpt lat="7.0338460" lon="125.4597660">
    <ele>175.1</ele>
    <time>2025-11-20T06:26:40Z</time>
   </trkpt>
   <trkpt lat="7.0338520" lon="125.4597450">
    <ele>175.3</ele>
    <time>2025-11-20T06:26:41Z</time>
   </trkpt>
   <trkpt lat="7.0338540" lon="125.4597370">
    <ele>175.3</ele>
    <time>2025-11-20T06:26:42Z</time>
   </trkpt>
   <trkpt lat="7.0338560" lon="125.4597290">
    <ele>175.4</ele>
    <time>2025-11-20T06:26:43Z</time>
   </trkpt>
   <trkpt lat="7.0338600" lon="125.4597240">
    <ele>175.5</ele>
    <time>2025-11-20T06:26:44Z</time>
   </trkpt>
   <trkpt lat="7.0338720" lon="125.4597200">
    <ele>175.6</ele>
    <time>2025-11-20T06:26:45Z</time>
   </trkpt>
   <trkpt lat="7.0338700" lon="125.4597000">
    <ele>175.7</ele>
    <time>2025-11-20T06:26:46Z</time>
   </trkpt>
   <trkpt lat="7.0338780" lon="125.4597000">
    <ele>175.8</ele>
    <time>2025-11-20T06:26:47Z</time>
   </trkpt>
   <trkpt lat="7.0338850" lon="125.4596960">
    <ele>175.9</ele>
    <time>2025-11-20T06:26:48Z</time>
   </trkpt>
   <trkpt lat="7.0338880" lon="125.4596930">
    <ele>175.9</ele>
    <time>2025-11-20T06:26:49Z</time>
   </trkpt>
   <trkpt lat="7.0338890" lon="125.4596880">
    <ele>175.9</ele>
    <time>2025-11-20T06:26:50Z</time>
   </trkpt>
   <trkpt lat="7.0338880" lon="125.4596750">
    <ele>176.0</ele>
    <time>2025-11-20T06:26:51Z</time>
   </trkpt>
   <trkpt lat="7.0338960" lon="125.4596820">
    <ele>176.1</ele>
    <time>2025-11-20T06:26:52Z</time>
   </trkpt>
   <trkpt lat="7.0338940" lon="125.4596700">
    <ele>176.2</ele>
    <time>2025-11-20T06:26:53Z</time>
   </trkpt>
   <trkpt lat="7.0338990" lon="125.4596670">
    <ele>176.3</ele>
    <time>2025-11-20T06:26:54Z</time>
   </trkpt>
   <trkpt lat="7.0339070" lon="125.4596530">
    <ele>176.4</ele>
    <time>2025-11-20T06:26:55Z</time>
   </trkpt>
   <trkpt lat="7.0339070" lon="125.4596460">
    <ele>176.5</ele>
    <time>2025-11-20T06:26:56Z</time>
   </trkpt>
   <trkpt lat="7.0339100" lon="125.4596440">
    <ele>176.5</ele>
    <time>2025-11-20T06:26:57Z</time>
   </trkpt>
   <trkpt lat="7.0339190" lon="125.4596440">
    <ele>176.6</ele>
    <time>2025-11-20T06:26:58Z</time>
   </trkpt>
   <trkpt lat="7.0339230" lon="125.4596500">
    <ele>176.6</ele>
    <time>2025-11-20T06:26:59Z</time>
   </trkpt>
   <trkpt lat="7.0339310" lon="125.4596470">
    <ele>176.7</ele>
    <time>2025-11-20T06:27:00Z</time>
   </trkpt>
   <trkpt lat="7.0339310" lon="125.4596440">
    <ele>176.7</ele>
    <time>2025-11-20T06:27:01Z</time>
   </trkpt>
   <trkpt lat="7.0339330" lon="125.4596390">
    <ele>176.8</ele>
    <time>2025-11-20T06:27:02Z</time>
   </trkpt>
   <trkpt lat="7.0339250" lon="125.4596270">
    <ele>176.9</ele>
    <time>2025-11-20T06:27:03Z</time>
   </trkpt>
   <trkpt lat="7.0339280" lon="125.4596180">
    <ele>177.0</ele>
    <time>2025-11-20T06:27:04Z</time>
   </trkpt>
   <trkpt lat="7.0339300" lon="125.4596090">
    <ele>177.0</ele>
    <time>2025-11-20T06:27:05Z</time>
   </trkpt>
   <trkpt lat="7.0339330" lon="125.4596000">
    <ele>177.1</ele>
    <time>2025-11-20T06:27:06Z</time>
   </trkpt>
   <trkpt lat="7.0339340" lon="125.4595910">
    <ele>177.2</ele>
    <time>2025-11-20T06:27:07Z</time>
   </trkpt>
   <trkpt lat="7.0339400" lon="125.4595780">
    <ele>177.3</ele>
    <time>2025-11-20T06:27:08Z</time>
   </trkpt>
   <trkpt lat="7.0339450" lon="125.4595750">
    <ele>177.4</ele>
    <time>2025-11-20T06:27:09Z</time>
   </trkpt>
   <trkpt lat="7.0339530" lon="125.4595620">
    <ele>177.5</ele>
    <time>2025-11-20T06:27:10Z</time>
   </trkpt>
   <trkpt lat="7.0339550" lon="125.4595520">
    <ele>177.6</ele>
    <time>2025-11-20T06:27:11Z</time>
   </trkpt>
   <trkpt lat="7.0339550" lon="125.4595450">
    <ele>177.7</ele>
    <time>2025-11-20T06:27:12Z</time>
   </trkpt>
   <trkpt lat="7.0339550" lon="125.4595420">
    <ele>177.7</ele>
    <time>2025-11-20T06:27:13Z</time>
   </trkpt>
   <trkpt lat="7.0339560" lon="125.4595290">
    <ele>177.8</ele>
    <time>2025-11-20T06:27:14Z</time>
   </trkpt>
   <trkpt lat="7.0339550" lon="125.4595100">
    <ele>178.0</ele>
    <time>2025-11-20T06:27:15Z</time>
   </trkpt>
   <trkpt lat="7.0339670" lon="125.4595020">
    <ele>178.2</ele>
    <time>2025-11-20T06:27:16Z</time>
   </trkpt>
   <trkpt lat="7.0339680" lon="125.4595020">
    <ele>178.2</ele>
    <time>2025-11-20T06:27:17Z</time>
   </trkpt>
   <trkpt lat="7.0339720" lon="125.4594960">
    <ele>178.3</ele>
    <time>2025-11-20T06:27:18Z</time>
   </trkpt>
   <trkpt lat="7.0339770" lon="125.4594870">
    <ele>178.4</ele>
    <time>2025-11-20T06:27:19Z</time>
   </trkpt>
   <trkpt lat="7.0339820" lon="125.4594700">
    <ele>178.6</ele>
    <time>2025-11-20T06:27:20Z</time>
   </trkpt>
   <trkpt lat="7.0339850" lon="125.4594540">
    <ele>178.7</ele>
    <time>2025-11-20T06:27:21Z</time>
   </trkpt>
   <trkpt lat="7.0339880" lon="125.4594440">
    <ele>178.8</ele>
    <time>2025-11-20T06:27:22Z</time>
   </trkpt>
   <trkpt lat="7.0339880" lon="125.4594320">
    <ele>179.0</ele>
    <time>2025-11-20T06:27:23Z</time>
   </trkpt>
   <trkpt lat="7.0339910" lon="125.4594210">
    <ele>179.1</ele>
    <time>2025-11-20T06:27:24Z</time>
   </trkpt>
   <trkpt lat="7.0339980" lon="125.4593880">
    <ele>179.5</ele>
    <time>2025-11-20T06:27:25Z</time>
   </trkpt>
   <trkpt lat="7.0339960" lon="125.4593810">
    <ele>179.5</ele>
    <time>2025-11-20T06:27:26Z</time>
   </trkpt>
   <trkpt lat="7.0339930" lon="125.4593580">
    <ele>179.8</ele>
    <time>2025-11-20T06:27:27Z</time>
   </trkpt>
   <trkpt lat="7.0339970" lon="125.4593450">
    <ele>180.0</ele>
    <time>2025-11-20T06:27:28Z</time>
   </trkpt>
   <trkpt lat="7.0340000" lon="125.4593310">
    <ele>180.1</ele>
    <time>2025-11-20T06:27:29Z</time>
   </trkpt>
   <trkpt lat="7.0340060" lon="125.4593350">
    <ele>180.2</ele>
    <time>2025-11-20T06:27:30Z</time>
   </trkpt>
   <trkpt lat="7.0340110" lon="125.4593280">
    <ele>180.3</ele>
    <time>2025-11-20T06:27:31Z</time>
   </trkpt>
   <trkpt lat="7.0340150" lon="125.4593200">
    <ele>180.4</ele>
    <time>2025-11-20T06:27:32Z</time>
   </trkpt>
   <trkpt lat="7.0340250" lon="125.4593170">
    <ele>180.6</ele>
    <time>2025-11-20T06:27:33Z</time>
   </trkpt>
   <trkpt lat="7.0340320" lon="125.4593010">
    <ele>180.8</ele>
    <time>2025-11-20T06:27:34Z</time>
   </trkpt>
   <trkpt lat="7.0340380" lon="125.4593000">
    <ele>180.9</ele>
    <time>2025-11-20T06:27:35Z</time>
   </trkpt>
   <trkpt lat="7.0340320" lon="125.4592960">
    <ele>181.0</ele>
    <time>2025-11-20T06:27:36Z</time>
   </trkpt>
   <trkpt lat="7.0340360" lon="125.4592900">
    <ele>181.1</ele>
    <time>2025-11-20T06:27:37Z</time>
   </trkpt>
   <trkpt lat="7.0340370" lon="125.4592810">
    <ele>181.2</ele>
    <time>2025-11-20T06:27:38Z</time>
   </trkpt>
   <trkpt lat="7.0340350" lon="125.4592760">
    <ele>181.3</ele>
    <time>2025-11-20T06:27:39Z</time>
   </trkpt>
   <trkpt lat="7.0340350" lon="125.4592680">
    <ele>181.4</ele>
    <time>2025-11-20T06:27:40Z</time>
   </trkpt>
   <trkpt lat="7.0340430" lon="125.4592690">
    <ele>181.5</ele>
    <time>2025-11-20T06:27:41Z</time>
   </trkpt>
   <trkpt lat="7.0340500" lon="125.4592620">
    <ele>181.6</ele>
    <time>2025-11-20T06:27:42Z</time>
   </trkpt>
   <trkpt lat="7.0340600" lon="125.4592480">
    <ele>181.9</ele>
    <time>2025-11-20T06:27:43Z</time>
   </trkpt>
   <trkpt lat="7.0340650" lon="125.4592440">
    <ele>181.9</ele>
    <time>2025-11-20T06:27:44Z</time>
   </trkpt>
   <trkpt lat="7.0340700" lon="125.4592340">
    <ele>182.1</ele>
    <time>2025-11-20T06:27:45Z</time>
   </trkpt>
   <trkpt lat="7.0340720" lon="125.4592360">
    <ele>182.1</ele>
    <time>2025-11-20T06:27:46Z</time>
   </trkpt>
   <trkpt lat="7.0340760" lon="125.4592260">
    <ele>182.3</ele>
    <time>2025-11-20T06:27:47Z</time>
   </trkpt>
   <trkpt lat="7.0340790" lon="125.4592260">
    <ele>182.3</ele>
    <time>2025-11-20T06:27:48Z</time>
   </trkpt>
   <trkpt lat="7.0340830" lon="125.4592270">
    <ele>182.4</ele>
    <time>2025-11-20T06:27:49Z</time>
   </trkpt>
   <trkpt lat="7.0340840" lon="125.4592190">
    <ele>182.5</ele>
    <time>2025-11-20T06:27:50Z</time>
   </trkpt>
   <trkpt lat="7.0340890" lon="125.4592090">
    <ele>182.7</ele>
    <time>2025-11-20T06:27:51Z</time>
   </trkpt>
   <trkpt lat="7.0340910" lon="125.4591990">
    <ele>182.8</ele>
    <time>2025-11-20T06:27:52Z</time>
   </trkpt>
   <trkpt lat="7.0340900" lon="125.4591950">
    <ele>182.9</ele>
    <time>2025-11-20T06:27:53Z</time>
   </trkpt>
   <trkpt lat="7.0340860" lon="125.4591800">
    <ele>183.1</ele>
    <time>2025-11-20T06:27:54Z</time>
   </trkpt>
   <trkpt lat="7.0340920" lon="125.4591780">
    <ele>183.2</ele>
    <time>2025-11-20T06:27:55Z</time>
   </trkpt>
   <trkpt lat="7.0340980" lon="125.4591710">
    <ele>183.3</ele>
    <time>2025-11-20T06:27:56Z</time>
   </trkpt>
   <trkpt lat="7.0341000" lon="125.4591570">
    <ele>183.5</ele>
    <time>2025-11-20T06:27:57Z</time>
   </trkpt>
   <trkpt lat="7.0341030" lon="125.4591550">
    <ele>183.6</ele>
    <time>2025-11-20T06:27:58Z</time>
   </trkpt>
   <trkpt lat="7.0341050" lon="125.4591510">
    <ele>183.6</ele>
    <time>2025-11-20T06:27:59Z</time>
   </trkpt>
   <trkpt lat="7.0341070" lon="125.4591420">
    <ele>183.7</ele>
    <time>2025-11-20T06:28:00Z</time>
   </trkpt>
   <trkpt lat="7.0341090" lon="125.4591250">
    <ele>184.0</ele>
    <time>2025-11-20T06:28:01Z</time>
   </trkpt>
   <trkpt lat="7.0341190" lon="125.4591210">
    <ele>184.1</ele>
    <time>2025-11-20T06:28:02Z</time>
   </trkpt>
   <trkpt lat="7.0341210" lon="125.4591090">
    <ele>184.3</ele>
    <time>2025-11-20T06:28:03Z</time>
   </trkpt>
   <trkpt lat="7.0341290" lon="125.4591000">
    <ele>184.5</ele>
    <time>2025-11-20T06:28:04Z</time>
   </trkpt>
   <trkpt lat="7.0341390" lon="125.4590840">
    <ele>184.8</ele>
    <time>2025-11-20T06:28:05Z</time>
   </trkpt>
   <trkpt lat="7.0341390" lon="125.4590780">
    <ele>184.9</ele>
    <time>2025-11-20T06:28:06Z</time>
   </trkpt>
   <trkpt lat="7.0341400" lon="125.4590720">
    <ele>184.9</ele>
    <time>2025-11-20T06:28:07Z</time>
   </trkpt>
   <trkpt lat="7.0341430" lon="125.4590580">
    <ele>185.1</ele>
    <time>2025-11-20T06:28:08Z</time>
   </trkpt>
   <trkpt lat="7.0341540" lon="125.4590570">
    <ele>185.3</ele>
    <time>2025-11-20T06:28:09Z</time>
   </trkpt>
   <trkpt lat="7.0341570" lon="125.4590420">
    <ele>185.5</ele>
    <time>2025-11-20T06:28:10Z</time>
   </trkpt>
   <trkpt lat="7.0341660" lon="125.4590370">
    <ele>185.7</ele>
    <time>2025-11-20T06:28:11Z</time>
   </trkpt>
   <trkpt lat="7.0341690" lon="125.4590320">
    <ele>185.8</ele>
    <time>2025-11-20T06:28:12Z</time>
   </trkpt>
   <trkpt lat="7.0341710" lon="125.4590270">
    <ele>185.8</ele>
    <time>2025-11-20T06:28:13Z</time>
   </trkpt>
   <trkpt lat="7.0341730" lon="125.4590220">
    <ele>185.9</ele>
    <time>2025-11-20T06:28:14Z</time>
   </trkpt>
   <trkpt lat="7.0341760" lon="125.4590170">
    <ele>186.0</ele>
    <time>2025-11-20T06:28:15Z</time>
   </trkpt>
   <trkpt lat="7.0341780" lon="125.4590120">
    <ele>186.1</ele>
    <time>2025-11-20T06:28:16Z</time>
   </trkpt>
   <trkpt lat="7.0341920" lon="125.4590110">
    <ele>186.3</ele>
    <time>2025-11-20T06:28:17Z</time>
   </trkpt>
   <trkpt lat="7.0342010" lon="125.4590100">
    <ele>186.4</ele>
    <time>2025-11-20T06:28:18Z</time>
   </trkpt>
   <trkpt lat="7.0342090" lon="125.4590080">
    <ele>186.6</ele>
    <time>2025-11-20T06:28:19Z</time>
   </trkpt>
   <trkpt lat="7.0342170" lon="125.4590060">
    <ele>186.7</ele>
    <time>2025-11-20T06:28:20Z</time>
   </trkpt>
   <trkpt lat="7.0342240" lon="125.4590020">
    <ele>186.8</ele>
    <time>2025-11-20T06:28:21Z</time>
   </trkpt>
   <trkpt lat="7.0342320" lon="125.4590030">
    <ele>186.9</ele>
    <time>2025-11-20T06:28:22Z</time>
   </trkpt>
   <trkpt lat="7.0342360" lon="125.4589920">
    <ele>187.1</ele>
    <time>2025-11-20T06:28:23Z</time>
   </trkpt>
   <trkpt lat="7.0342430" lon="125.4589950">
    <ele>187.2</ele>
    <time>2025-11-20T06:28:24Z</time>
   </trkpt>
   <trkpt lat="7.0342550" lon="125.4589930">
    <ele>187.4</ele>
    <time>2025-11-20T06:28:25Z</time>
   </trkpt>
   <trkpt lat="7.0342690" lon="125.4589890">
    <ele>187.6</ele>
    <time>2025-11-20T06:28:26Z</time>
   </trkpt>
   <trkpt lat="7.0342720" lon="125.4589880">
    <ele>187.7</ele>
    <time>2025-11-20T06:28:27Z</time>
   </trkpt>
   <trkpt lat="7.0342770" lon="125.4589840">
    <ele>187.7</ele>
    <time>2025-11-20T06:28:28Z</time>
   </trkpt>
   <trkpt lat="7.0342800" lon="125.4589810">
    <ele>187.8</ele>
    <time>2025-11-20T06:28:29Z</time>
   </trkpt>
   <trkpt lat="7.0342860" lon="125.4589750">
    <ele>187.9</ele>
    <time>2025-11-20T06:28:30Z</time>
   </trkpt>
   <trkpt lat="7.0342870" lon="125.4589570">
    <ele>188.2</ele>
    <time>2025-11-20T06:28:31Z</time>
   </trkpt>
   <trkpt lat="7.0342900" lon="125.4589460">
    <ele>188.4</ele>
    <time>2025-11-20T06:28:32Z</time>
   </trkpt>
   <trkpt lat="7.0342900" lon="125.4589420">
    <ele>188.4</ele>
    <time>2025-11-20T06:28:33Z</time>
   </trkpt>
   <trkpt lat="7.0342960" lon="125.4589290">
    <ele>188.6</ele>
    <time>2025-11-20T06:28:34Z</time>
   </trkpt>
   <trkpt lat="7.0342910" lon="125.4589180">
    <ele>188.8</ele>
    <time>2025-11-20T06:28:35Z</time>
   </trkpt>
   <trkpt lat="7.0342810" lon="125.4589050">
    <ele>189.1</ele>
    <time>2025-11-20T06:28:36Z</time>
   </trkpt>
   <trkpt lat="7.0342740" lon="125.4588920">
    <ele>189.3</ele>
    <time>2025-11-20T06:28:37Z</time>
   </trkpt>
   <trkpt lat="7.0342660" lon="125.4588800">
    <ele>189.5</ele>
    <time>2025-11-20T06:28:38Z</time>
   </trkpt>
   <trkpt lat="7.0342720" lon="125.4588730">
    <ele>189.6</ele>
    <time>2025-11-20T06:28:39Z</time>
   </trkpt>
   <trkpt lat="7.0342740" lon="125.4588680">
    <ele>189.7</ele>
    <time>2025-11-20T06:28:40Z</time>
   </trkpt>
   <trkpt lat="7.0342770" lon="125.4588620">
    <ele>189.8</ele>
    <time>2025-11-20T06:28:41Z</time>
   </trkpt>
   <trkpt lat="7.0342800" lon="125.4588570">
    <ele>189.9</ele>
    <time>2025-11-20T06:28:42Z</time>
   </trkpt>
   <trkpt lat="7.0342830" lon="125.4588510">
    <ele>190.0</ele>
    <time>2025-11-20T06:28:43Z</time>
   </trkpt>
   <trkpt lat="7.0342850" lon="125.4588460">
    <ele>190.1</ele>
    <time>2025-11-20T06:28:44Z</time>
   </trkpt>
   <trkpt lat="7.0342880" lon="125.4588400">
    <ele>190.2</ele>
    <time>2025-11-20T06:28:45Z</time>
   </trkpt>
   <trkpt lat="7.0342950" lon="125.4588370">
    <ele>190.3</ele>
    <time>2025-11-20T06:28:46Z</time>
   </trkpt>
   <trkpt lat="7.0343020" lon="125.4588440">
    <ele>190.4</ele>
    <time>2025-11-20T06:28:47Z</time>
   </trkpt>
   <trkpt lat="7.0343040" lon="125.4588250">
    <ele>190.7</ele>
    <time>2025-11-20T06:28:48Z</time>
   </trkpt>
   <trkpt lat="7.0343150" lon="125.4588220">
    <ele>190.8</ele>
    <time>2025-11-20T06:28:49Z</time>
   </trkpt>
   <trkpt lat="7.0343130" lon="125.4588230">
    <ele>190.9</ele>
    <time>2025-11-20T06:28:50Z</time>
   </trkpt>
   <trkpt lat="7.0343040" lon="125.4588290">
    <ele>191.0</ele>
    <time>2025-11-20T06:28:51Z</time>
   </trkpt>
   <trkpt lat="7.0343020" lon="125.4588260">
    <ele>191.1</ele>
    <time>2025-11-20T06:28:52Z</time>
   </trkpt>
   <trkpt lat="7.0342940" lon="125.4588040">
    <ele>191.3</ele>
    <time>2025-11-20T06:28:53Z</time>
   </trkpt>
   <trkpt lat="7.0342930" lon="125.4587920">
    <ele>191.5</ele>
    <time>2025-11-20T06:28:54Z</time>
   </trkpt>
   <trkpt lat="7.0342840" lon="125.4587850">
    <ele>191.6</ele>
    <time>2025-11-20T06:28:55Z</time>
   </trkpt>
   <trkpt lat="7.0342890" lon="125.4587840">
    <ele>191.7</ele>
    <time>2025-11-20T06:28:56Z</time>
   </trkpt>
   <trkpt lat="7.0342850" lon="125.4587870">
    <ele>191.7</ele>
    <time>2025-11-20T06:28:57Z</time>
   </trkpt>
   <trkpt lat="7.0342900" lon="125.4587710">
    <ele>192.0</ele>
    <time>2025-11-20T06:28:58Z</time>
   </trkpt>
   <trkpt lat="7.0342980" lon="125.4587700">
    <ele>192.1</ele>
    <time>2025-11-20T06:28:59Z</time>
   </trkpt>
   <trkpt lat="7.0343050" lon="125.4587600">
    <ele>192.2</ele>
    <time>2025-11-20T06:29:00Z</time>
   </trkpt>
   <trkpt lat="7.0343100" lon="125.4587450">
    <ele>192.4</ele>
    <time>2025-11-20T06:29:01Z</time>
   </trkpt>
   <trkpt lat="7.0343070" lon="125.4587370">
    <ele>192.6</ele>
    <time>2025-11-20T06:29:02Z</time>
   </trkpt>
   <trkpt lat="7.0343100" lon="125.4587300">
    <ele>192.7</ele>
    <time>2025-11-20T06:29:03Z</time>
   </trkpt>
   <trkpt lat="7.0343230" lon="125.4587300">
    <ele>192.8</ele>
    <time>2025-11-20T06:29:04Z</time>
   </trkpt>
   <trkpt lat="7.0343180" lon="125.4587260">
    <ele>192.9</ele>
    <time>2025-11-20T06:29:05Z</time>
   </trkpt>
   <trkpt lat="7.0343140" lon="125.4587120">
    <ele>193.1</ele>
    <time>2025-11-20T06:29:06Z</time>
   </trkpt>
   <trkpt lat="7.0343140" lon="125.4586990">
    <ele>193.3</ele>
    <time>2025-11-20T06:29:07Z</time>
   </trkpt>
   <trkpt lat="7.0343130" lon="125.4586960">
    <ele>193.3</ele>
    <time>2025-11-20T06:29:08Z</time>
   </trkpt>
   <trkpt lat="7.0343150" lon="125.4586770">
    <ele>193.6</ele>
    <time>2025-11-20T06:29:09Z</time>
   </trkpt>
   <trkpt lat="7.0343040" lon="125.4586710">
    <ele>193.8</ele>
    <time>2025-11-20T06:29:10Z</time>
   </trkpt>
   <trkpt lat="7.0343100" lon="125.4586520">
    <ele>194.0</ele>
    <time>2025-11-20T06:29:11Z</time>
   </trkpt>
   <trkpt lat="7.0343190" lon="125.4586410">
    <ele>194.2</ele>
    <time>2025-11-20T06:29:12Z</time>
   </trkpt>
   <trkpt lat="7.0343320" lon="125.4586330">
    <ele>194.4</ele>
    <time>2025-11-20T06:29:13Z</time>
   </trkpt>
   <trkpt lat="7.0343460" lon="125.4586240">
    <ele>194.7</ele>
    <time>2025-11-20T06:29:14Z</time>
   </trkpt>
   <trkpt lat="7.0343540" lon="125.4586240">
    <ele>194.8</ele>
    <time>2025-11-20T06:29:15Z</time>
   </trkpt>
   <trkpt lat="7.0343540" lon="125.4586170">
    <ele>194.9</ele>
    <time>2025-11-20T06:29:16Z</time>
   </trkpt>
   <trkpt lat="7.0343530" lon="125.4586100">
    <ele>195.0</ele>
    <time>2025-11-20T06:29:17Z</time>
   </trkpt>
   <trkpt lat="7.0343520" lon="125.4586040">
    <ele>195.1</ele>
    <time>2025-11-20T06:29:18Z</time>
   </trkpt>
   <trkpt lat="7.0343510" lon="125.4585970">
    <ele>195.2</ele>
    <time>2025-11-20T06:29:19Z</time>
   </trkpt>
   <trkpt lat="7.0343510" lon="125.4585900">
    <ele>195.2</ele>
    <time>2025-11-20T06:29:20Z</time>
   </trkpt>
   <trkpt lat="7.0343500" lon="125.4585830">
    <ele>195.3</ele>
    <time>2025-11-20T06:29:21Z</time>
   </trkpt>
   <trkpt lat="7.0343480" lon="125.4585720">
    <ele>195.5</ele>
    <time>2025-11-20T06:29:22Z</time>
   </trkpt>
   <trkpt lat="7.0343470" lon="125.4585670">
    <ele>195.6</ele>
    <time>2025-11-20T06:29:23Z</time>
   </trkpt>
   <trkpt lat="7.0343490" lon="125.4585570">
    <ele>195.7</ele>
    <time>2025-11-20T06:29:24Z</time>
   </trkpt>
   <trkpt lat="7.0343450" lon="125.4585480">
    <ele>195.8</ele>
    <time>2025-11-20T06:29:25Z</time>
   </trkpt>
   <trkpt lat="7.0343410" lon="125.4585400">
    <ele>196.0</ele>
    <time>2025-11-20T06:29:26Z</time>
   </trkpt>
   <trkpt lat="7.0343360" lon="125.4585260">
    <ele>196.2</ele>
    <time>2025-11-20T06:29:27Z</time>
   </trkpt>
   <trkpt lat="7.0343410" lon="125.4585170">
    <ele>196.3</ele>
    <time>2025-11-20T06:29:28Z</time>
   </trkpt>
   <trkpt lat="7.0343450" lon="125.4585140">
    <ele>196.4</ele>
    <time>2025-11-20T06:29:29Z</time>
   </trkpt>
   <trkpt lat="7.0343430" lon="125.4584980">
    <ele>196.6</ele>
    <time>2025-11-20T06:29:30Z</time>
   </trkpt>
   <trkpt lat="7.0343420" lon="125.4584930">
    <ele>196.7</ele>
    <time>2025-11-20T06:29:31Z</time>
   </trkpt>
   <trkpt lat="7.0343410" lon="125.4584870">
    <ele>196.8</ele>
    <time>2025-11-20T06:29:32Z</time>
   </trkpt>
   <trkpt lat="7.0343450" lon="125.4584790">
    <ele>196.9</ele>
    <time>2025-11-20T06:29:33Z</time>
   </trkpt>
   <trkpt lat="7.0343590" lon="125.4584710">
    <ele>197.1</ele>
    <time>2025-11-20T06:29:34Z</time>
   </trkpt>
   <trkpt lat="7.0343610" lon="125.4584590">
    <ele>197.3</ele>
    <time>2025-11-20T06:29:35Z</time>
   </trkpt>
   <trkpt lat="7.0343620" lon="125.4584420">
    <ele>197.5</ele>
    <time>2025-11-20T06:29:36Z</time>
   </trkpt>
   <trkpt lat="7.0343620" lon="125.4584320">
    <ele>197.6</ele>
    <time>2025-11-20T06:29:37Z</time>
   </trkpt>
   <trkpt lat="7.0343610" lon="125.4584220">
    <ele>197.8</ele>
    <time>2025-11-20T06:29:38Z</time>
   </trkpt>
   <trkpt lat="7.0343590" lon="125.4584140">
    <ele>197.9</ele>
    <time>2025-11-20T06:29:39Z</time>
   </trkpt>
   <trkpt lat="7.0343620" lon="125.4584020">
    <ele>198.0</ele>
    <time>2025-11-20T06:29:40Z</time>
   </trkpt>
   <trkpt lat="7.0343620" lon="125.4583990">
    <ele>198.1</ele>
    <time>2025-11-20T06:29:41Z</time>
   </trkpt>
   <trkpt lat="7.0343660" lon="125.4583860">
    <ele>198.3</ele>
    <time>2025-11-20T06:29:42Z</time>
   </trkpt>
   <trkpt lat="7.0343660" lon="125.4583750">
    <ele>198.4</ele>
    <time>2025-11-20T06:29:43Z</time>
   </trkpt>
   <trkpt lat="7.0343710" lon="125.4583710">
    <ele>198.5</ele>
    <time>2025-11-20T06:29:44Z</time>
   </trkpt>
   <trkpt lat="7.0343780" lon="125.4583700">
    <ele>198.6</ele>
    <time>2025-11-20T06:29:45Z</time>
   </trkpt>
   <trkpt lat="7.0343800" lon="125.4583630">
    <ele>198.7</ele>
    <time>2025-11-20T06:29:46Z</time>
   </trkpt>
   <trkpt lat="7.0343800" lon="125.4583590">
    <ele>198.7</ele>
    <time>2025-11-20T06:29:47Z</time>
   </trkpt>
   <trkpt lat="7.0343790" lon="125.4583530">
    <ele>198.8</ele>
    <time>2025-11-20T06:29:48Z</time>
   </trkpt>
   <trkpt lat="7.0343790" lon="125.4583460">
    <ele>198.9</ele>
    <time>2025-11-20T06:29:49Z</time>
   </trkpt>
   <trkpt lat="7.0343790" lon="125.4583400">
    <ele>199.0</ele>
    <time>2025-11-20T06:29:50Z</time>
   </trkpt>
   <trkpt lat="7.0343790" lon="125.4583330">
    <ele>199.1</ele>
    <time>2025-11-20T06:29:51Z</time>
   </trkpt>
   <trkpt lat="7.0343780" lon="125.4583270">
    <ele>199.2</ele>
    <time>2025-11-20T06:29:52Z</time>
   </trkpt>
   <trkpt lat="7.0343780" lon="125.4583200">
    <ele>199.3</ele>
    <time>2025-11-20T06:29:53Z</time>
   </trkpt>
   <trkpt lat="7.0343830" lon="125.4583210">
    <ele>199.3</ele>
    <time>2025-11-20T06:29:54Z</time>
   </trkpt>
   <trkpt lat="7.0343790" lon="125.4583060">
    <ele>199.5</ele>
    <time>2025-11-20T06:29:55Z</time>
   </trkpt>
   <trkpt lat="7.0343810" lon="125.4583020">
    <ele>199.6</ele>
    <time>2025-11-20T06:29:56Z</time>
   </trkpt>
   <trkpt lat="7.0343880" lon="125.4583010">
    <ele>199.7</ele>
    <time>2025-11-20T06:29:57Z</time>
   </trkpt>
   <trkpt lat="7.0343870" lon="125.4582880">
    <ele>199.9</ele>
    <time>2025-11-20T06:29:58Z</time>
   </trkpt>
   <trkpt lat="7.0343780" lon="125.4582770">
    <ele>200.1</ele>
    <time>2025-11-20T06:29:59Z</time>
   </trkpt>
   <trkpt lat="7.0343780" lon="125.4582700">
    <ele>200.2</ele>
    <time>2025-11-20T06:30:00Z</time>
   </trkpt>
   <trkpt lat="7.0343790" lon="125.4582640">
    <ele>200.2</ele>
    <time>2025-11-20T06:30:01Z</time>
   </trkpt>
   <trkpt lat="7.0343790" lon="125.4582570">
    <ele>200.3</ele>
    <time>2025-11-20T06:30:02Z</time>
   </trkpt>
   <trkpt lat="7.0343790" lon="125.4582500">
    <ele>200.4</ele>
    <time>2025-11-20T06:30:03Z</time>
   </trkpt>
   <trkpt lat="7.0343810" lon="125.4582360">
    <ele>200.6</ele>
    <time>2025-11-20T06:30:04Z</time>
   </trkpt>
   <trkpt lat="7.0343860" lon="125.4582310">
    <ele>200.7</ele>
    <time>2025-11-20T06:30:05Z</time>
   </trkpt>
   <trkpt lat="7.0343890" lon="125.4582210">
    <ele>200.9</ele>
    <time>2025-11-20T06:30:06Z</time>
   </trkpt>
   <trkpt lat="7.0343950" lon="125.4582110">
    <ele>201.0</ele>
    <time>2025-11-20T06:30:07Z</time>
   </trkpt>
   <trkpt lat="7.0343980" lon="125.4581980">
    <ele>201.2</ele>
    <time>2025-11-20T06:30:08Z</time>
   </trkpt>
   <trkpt lat="7.0344030" lon="125.4581970">
    <ele>201.3</ele>
    <time>2025-11-20T06:30:09Z</time>
   </trkpt>
   <trkpt lat="7.0344060" lon="125.4581900">
    <ele>201.4</ele>
    <time>2025-11-20T06:30:10Z</time>
   </trkpt>
   <trkpt lat="7.0344030" lon="125.4581830">
    <ele>201.5</ele>
    <time>2025-11-20T06:30:11Z</time>
   </trkpt>
   <trkpt lat="7.0344000" lon="125.4581750">
    <ele>201.6</ele>
    <time>2025-11-20T06:30:12Z</time>
   </trkpt>
   <trkpt lat="7.0343970" lon="125.4581680">
    <ele>201.7</ele>
    <time>2025-11-20T06:30:13Z</time>
   </trkpt>
   <trkpt lat="7.0343940" lon="125.4581600">
    <ele>201.9</ele>
    <time>2025-11-20T06:30:14Z</time>
   </trkpt>
   <trkpt lat="7.0343990" lon="125.4581530">
    <ele>202.0</ele>
    <time>2025-11-20T06:30:15Z</time>
   </trkpt>
   <trkpt lat="7.0344040" lon="125.4581470">
    <ele>202.1</ele>
    <time>2025-11-20T06:30:16Z</time>
   </trkpt>
   <trkpt lat="7.0344030" lon="125.4581350">
    <ele>202.3</ele>
    <time>2025-11-20T06:30:17Z</time>
   </trkpt>
   <trkpt lat="7.0344060" lon="125.4581270">
    <ele>202.4</ele>
    <time>2025-11-20T06:30:18Z</time>
   </trkpt>
   <trkpt lat="7.0344130" lon="125.4581040">
    <ele>202.7</ele>
    <time>2025-11-20T06:30:19Z</time>
   </trkpt>
   <trkpt lat="7.0344130" lon="125.4580970">
    <ele>202.8</ele>
    <time>2025-11-20T06:30:20Z</time>
   </trkpt>
   <trkpt lat="7.0344140" lon="125.4580900">
    <ele>202.9</ele>
    <time>2025-11-20T06:30:21Z</time>
   </trkpt>
   <trkpt lat="7.0344120" lon="125.4580690">
    <ele>203.2</ele>
    <time>2025-11-20T06:30:22Z</time>
   </trkpt>
   <trkpt lat="7.0344110" lon="125.4580560">
    <ele>203.4</ele>
    <time>2025-11-20T06:30:23Z</time>
   </trkpt>
   <trkpt lat="7.0344180" lon="125.4580430">
    <ele>203.6</ele>
    <time>2025-11-20T06:30:24Z</time>
   </trkpt>
   <trkpt lat="7.0344140" lon="125.4580360">
    <ele>203.7</ele>
    <time>2025-11-20T06:30:25Z</time>
   </trkpt>
   <trkpt lat="7.0344270" lon="125.4580300">
    <ele>203.9</ele>
    <time>2025-11-20T06:30:26Z</time>
   </trkpt>
   <trkpt lat="7.0344310" lon="125.4580280">
    <ele>204.0</ele>
    <time>2025-11-20T06:30:27Z</time>
   </trkpt>
   <trkpt lat="7.0344250" lon="125.4580180">
    <ele>204.1</ele>
    <time>2025-11-20T06:30:28Z</time>
   </trkpt>
   <trkpt lat="7.0344350" lon="125.4580100">
    <ele>204.3</ele>
    <time>2025-11-20T06:30:29Z</time>
   </trkpt>
   <trkpt lat="7.0344440" lon="125.4579990">
    <ele>204.5</ele>
    <time>2025-11-20T06:30:30Z</time>
   </trkpt>
   <trkpt lat="7.0344450" lon="125.4579870">
    <ele>204.7</ele>
    <time>2025-11-20T06:30:31Z</time>
   </trkpt>
   <trkpt lat="7.0344440" lon="125.4579780">
    <ele>204.8</ele>
    <time>2025-11-20T06:30:32Z</time>
   </trkpt>
   <trkpt lat="7.0344420" lon="125.4579690">
    <ele>204.9</ele>
    <time>2025-11-20T06:30:33Z</time>
   </trkpt>
   <trkpt lat="7.0344410" lon="125.4579600">
    <ele>205.0</ele>
    <time>2025-11-20T06:30:34Z</time>
   </trkpt>
   <trkpt lat="7.0344460" lon="125.4579630">
    <ele>205.1</ele>
    <time>2025-11-20T06:30:35Z</time>
   </trkpt>
   <trkpt lat="7.0344560" lon="125.4579640">
    <ele>205.2</ele>
    <time>2025-11-20T06:30:36Z</time>
   </trkpt>
   <trkpt lat="7.0344570" lon="125.4579560">
    <ele>205.3</ele>
    <time>2025-11-20T06:30:37Z</time>
   </trkpt>
   <trkpt lat="7.0344660" lon="125.4579620">
    <ele>205.4</ele>
    <time>2025-11-20T06:30:38Z</time>
   </trkpt>
   <trkpt lat="7.0344720" lon="125.4579420">
    <ele>205.7</ele>
    <time>2025-11-20T06:30:39Z</time>
   </trkpt>
   <trkpt lat="7.0344740" lon="125.4579370">
    <ele>205.7</ele>
    <time>2025-11-20T06:30:40Z</time>
   </trkpt>
   <trkpt lat="7.0344740" lon="125.4579380">
    <ele>205.7</ele>
    <time>2025-11-20T06:30:41Z</time>
   </trkpt>
   <trkpt lat="7.0344760" lon="125.4579300">
    <ele>205.8</ele>
    <time>2025-11-20T06:30:42Z</time>
   </trkpt>
   <trkpt lat="7.0344780" lon="125.4579200">
    <ele>206.0</ele>
    <time>2025-11-20T06:30:43Z</time>
   </trkpt>
   <trkpt lat="7.0344810" lon="125.4579110">
    <ele>206.1</ele>
    <time>2025-11-20T06:30:44Z</time>
   </trkpt>
   <trkpt lat="7.0344910" lon="125.4578920">
    <ele>206.3</ele>
    <time>2025-11-20T06:30:45Z</time>
   </trkpt>
   <trkpt lat="7.0344930" lon="125.4578820">
    <ele>206.4</ele>
    <time>2025-11-20T06:30:46Z</time>
   </trkpt>
   <trkpt lat="7.0344960" lon="125.4578730">
    <ele>206.6</ele>
    <time>2025-11-20T06:30:47Z</time>
   </trkpt>
   <trkpt lat="7.0345010" lon="125.4578560">
    <ele>206.8</ele>
    <time>2025-11-20T06:30:48Z</time>
   </trkpt>
   <trkpt lat="7.0345060" lon="125.4578490">
    <ele>206.9</ele>
    <time>2025-11-20T06:30:49Z</time>
   </trkpt>
   <trkpt lat="7.0344950" lon="125.4578500">
    <ele>207.0</ele>
    <time>2025-11-20T06:30:50Z</time>
   </trkpt>
   <trkpt lat="7.0344960" lon="125.4578400">
    <ele>207.1</ele>
    <time>2025-11-20T06:30:51Z</time>
   </trkpt>
   <trkpt lat="7.0344850" lon="125.4578320">
    <ele>207.3</ele>
    <time>2025-11-20T06:30:52Z</time>
   </trkpt>
   <trkpt lat="7.0344810" lon="125.4578210">
    <ele>207.4</ele>
    <time>2025-11-20T06:30:53Z</time>
   </trkpt>
   <trkpt lat="7.0344760" lon="125.4578130">
    <ele>207.5</ele>
    <time>2025-11-20T06:30:54Z</time>
   </trkpt>
   <trkpt lat="7.0344710" lon="125.4577980">
    <ele>207.7</ele>
    <time>2025-11-20T06:30:55Z</time>
   </trkpt>
   <trkpt lat="7.0344750" lon="125.4577930">
    <ele>207.8</ele>
    <time>2025-11-20T06:30:56Z</time>
   </trkpt>
   <trkpt lat="7.0344760" lon="125.4577840">
    <ele>207.9</ele>
    <time>2025-11-20T06:30:57Z</time>
   </trkpt>
   <trkpt lat="7.0344800" lon="125.4577670">
    <ele>208.1</ele>
    <time>2025-11-20T06:30:58Z</time>
   </trkpt>
   <trkpt lat="7.0344910" lon="125.4577590">
    <ele>208.3</ele>
    <time>2025-11-20T06:30:59Z</time>
   </trkpt>
   <trkpt lat="7.0344970" lon="125.4577440">
    <ele>208.5</ele>
    <time>2025-11-20T06:31:00Z</time>
   </trkpt>
   <trkpt lat="7.0344970" lon="125.4577400">
    <ele>208.5</ele>
    <time>2025-11-20T06:31:01Z</time>
   </trkpt>
   <trkpt lat="7.0344990" lon="125.4577320">
    <ele>208.6</ele>
    <time>2025-11-20T06:31:02Z</time>
   </trkpt>
   <trkpt lat="7.0345090" lon="125.4577260">
    <ele>208.7</ele>
    <time>2025-11-20T06:31:03Z</time>
   </trkpt>
   <trkpt lat="7.0345140" lon="125.4577130">
    <ele>208.9</ele>
    <time>2025-11-20T06:31:04Z</time>
   </trkpt>
   <trkpt lat="7.0345160" lon="125.4577000">
    <ele>209.0</ele>
    <time>2025-11-20T06:31:05Z</time>
   </trkpt>
   <trkpt lat="7.0345090" lon="125.4576990">
    <ele>209.1</ele>
    <time>2025-11-20T06:31:06Z</time>
   </trkpt>
   <trkpt lat="7.0345080" lon="125.4576940">
    <ele>209.1</ele>
    <time>2025-11-20T06:31:07Z</time>
   </trkpt>
   <trkpt lat="7.0345070" lon="125.4576920">
    <ele>209.2</ele>
    <time>2025-11-20T06:31:08Z</time>
   </trkpt>
   <trkpt lat="7.0345050" lon="125.4576830">
    <ele>209.3</ele>
    <time>2025-11-20T06:31:09Z</time>
   </trkpt>
   <trkpt lat="7.0345220" lon="125.4576790">
    <ele>209.4</ele>
    <time>2025-11-20T06:31:10Z</time>
   </trkpt>
   <trkpt lat="7.0345220" lon="125.4576710">
    <ele>209.5</ele>
    <time>2025-11-20T06:31:12Z</time>
   </trkpt>
   <trkpt lat="7.0345250" lon="125.4576690">
    <ele>209.5</ele>
    <time>2025-11-20T06:31:13Z</time>
   </trkpt>
   <trkpt lat="7.0345230" lon="125.4576530">
    <ele>209.7</ele>
    <time>2025-11-20T06:31:14Z</time>
   </trkpt>
   <trkpt lat="7.0345330" lon="125.4576460">
    <ele>209.8</ele>
    <time>2025-11-20T06:31:15Z</time>
   </trkpt>
   <trkpt lat="7.0345370" lon="125.4576370">
    <ele>209.9</ele>
    <time>2025-11-20T06:31:16Z</time>
   </trkpt>
   <trkpt lat="7.0345430" lon="125.4576290">
    <ele>210.0</ele>
    <time>2025-11-20T06:31:17Z</time>
   </trkpt>
   <trkpt lat="7.0345510" lon="125.4576250">
    <ele>210.1</ele>
    <time>2025-11-20T06:31:18Z</time>
   </trkpt>
   <trkpt lat="7.0345540" lon="125.4575990">
    <ele>210.3</ele>
    <time>2025-11-20T06:31:19Z</time>
   </trkpt>
   <trkpt lat="7.0345530" lon="125.4575940">
    <ele>210.3</ele>
    <time>2025-11-20T06:31:20Z</time>
   </trkpt>
   <trkpt lat="7.0345510" lon="125.4575880">
    <ele>210.4</ele>
    <time>2025-11-20T06:31:21Z</time>
   </trkpt>
   <trkpt lat="7.0345530" lon="125.4575810">
    <ele>210.4</ele>
    <time>2025-11-20T06:31:22Z</time>
   </trkpt>
   <trkpt lat="7.0345510" lon="125.4575620">
    <ele>210.5</ele>
    <time>2025-11-20T06:31:23Z</time>
   </trkpt>
   <trkpt lat="7.0345560" lon="125.4575530">
    <ele>210.6</ele>
    <time>2025-11-20T06:31:24Z</time>
   </trkpt>
   <trkpt lat="7.0345670" lon="125.4575520">
    <ele>210.6</ele>
    <time>2025-11-20T06:31:25Z</time>
   </trkpt>
   <trkpt lat="7.0345750" lon="125.4575430">
    <ele>210.7</ele>
    <time>2025-11-20T06:31:26Z</time>
   </trkpt>
   <trkpt lat="7.0345730" lon="125.4575500">
    <ele>210.7</ele>
    <time>2025-11-20T06:31:27Z</time>
   </trkpt>
   <trkpt lat="7.0345770" lon="125.4575370">
    <ele>210.8</ele>
    <time>2025-11-20T06:31:28Z</time>
   </trkpt>
   <trkpt lat="7.0345780" lon="125.4575350">
    <ele>210.8</ele>
    <time>2025-11-20T06:31:29Z</time>
   </trkpt>
   <trkpt lat="7.0345840" lon="125.4575220">
    <ele>210.9</ele>
    <time>2025-11-20T06:31:30Z</time>
   </trkpt>
   <trkpt lat="7.0345880" lon="125.4575080">
    <ele>211.0</ele>
    <time>2025-11-20T06:31:31Z</time>
   </trkpt>
   <trkpt lat="7.0345910" lon="125.4575000">
    <ele>211.0</ele>
    <time>2025-11-20T06:31:32Z</time>
   </trkpt>
   <trkpt lat="7.0345940" lon="125.4574960">
    <ele>211.0</ele>
    <time>2025-11-20T06:31:33Z</time>
   </trkpt>
   <trkpt lat="7.0345970" lon="125.4574910">
    <ele>211.1</ele>
    <time>2025-11-20T06:31:34Z</time>
   </trkpt>
   <trkpt lat="7.0346010" lon="125.4574870">
    <ele>211.1</ele>
    <time>2025-11-20T06:31:35Z</time>
   </trkpt>
   <trkpt lat="7.0346040" lon="125.4574820">
    <ele>211.1</ele>
    <time>2025-11-20T06:31:36Z</time>
   </trkpt>
   <trkpt lat="7.0346070" lon="125.4574780">
    <ele>211.2</ele>
    <time>2025-11-20T06:31:37Z</time>
   </trkpt>
   <trkpt lat="7.0346100" lon="125.4574730">
    <ele>211.2</ele>
    <time>2025-11-20T06:31:38Z</time>
   </trkpt>
   <trkpt lat="7.0346110" lon="125.4574720">
    <ele>211.2</ele>
    <time>2025-11-20T06:31:39Z</time>
   </trkpt>
   <trkpt lat="7.0346110" lon="125.4574610">
    <ele>211.3</ele>
    <time>2025-11-20T06:31:40Z</time>
   </trkpt>
   <trkpt lat="7.0346090" lon="125.4574550">
    <ele>211.3</ele>
    <time>2025-11-20T06:31:41Z</time>
   </trkpt>
   <trkpt lat="7.0346170" lon="125.4574530">
    <ele>211.3</ele>
    <time>2025-11-20T06:31:42Z</time>
   </trkpt>
   <trkpt lat="7.0346240" lon="125.4574480">
    <ele>211.4</ele>
    <time>2025-11-20T06:31:43Z</time>
   </trkpt>
   <trkpt lat="7.0346260" lon="125.4574400">
    <ele>211.4</ele>
    <time>2025-11-20T06:31:44Z</time>
   </trkpt>
   <trkpt lat="7.0346250" lon="125.4574320">
    <ele>211.5</ele>
    <time>2025-11-20T06:31:45Z</time>
   </trkpt>
   <trkpt lat="7.0346240" lon="125.4574250">
    <ele>211.5</ele>
    <time>2025-11-20T06:31:46Z</time>
   </trkpt>
   <trkpt lat="7.0346280" lon="125.4574170">
    <ele>211.5</ele>
    <time>2025-11-20T06:31:47Z</time>
   </trkpt>
   <trkpt lat="7.0346270" lon="125.4574130">
    <ele>211.6</ele>
    <time>2025-11-20T06:31:48Z</time>
   </trkpt>
   <trkpt lat="7.0346240" lon="125.4574110">
    <ele>211.6</ele>
    <time>2025-11-20T06:31:49Z</time>
   </trkpt>
   <trkpt lat="7.0346220" lon="125.4574090">
    <ele>211.6</ele>
    <time>2025-11-20T06:31:50Z</time>
   </trkpt>
   <trkpt lat="7.0346290" lon="125.4574110">
    <ele>211.6</ele>
    <time>2025-11-20T06:31:51Z</time>
   </trkpt>
   <trkpt lat="7.0346400" lon="125.4574160">
    <ele>211.7</ele>
    <time>2025-11-20T06:31:52Z</time>
   </trkpt>
   <trkpt lat="7.0346460" lon="125.4574210">
    <ele>211.7</ele>
    <time>2025-11-20T06:31:53Z</time>
   </trkpt>
   <trkpt lat="7.0346480" lon="125.4574260">
    <ele>211.8</ele>
    <time>2025-11-20T06:31:54Z</time>
   </trkpt>
   <trkpt lat="7.0346470" lon="125.4574250">
    <ele>211.8</ele>
    <time>2025-11-20T06:31:55Z</time>
   </trkpt>
   <trkpt lat="7.0346490" lon="125.4574240">
    <ele>211.8</ele>
    <time>2025-11-20T06:31:56Z</time>
   </trkpt>
   <trkpt lat="7.0346510" lon="125.4574170">
    <ele>211.8</ele>
    <time>2025-11-20T06:31:57Z</time>
   </trkpt>
   <trkpt lat="7.0346510" lon="125.4574170">
    <ele>211.8</ele>
    <time>2025-11-20T06:31:58Z</time>
   </trkpt>
   <trkpt lat="7.0346510" lon="125.4574170">
    <ele>211.8</ele>
    <time>2025-11-20T06:31:59Z</time>
   </trkpt>
   <trkpt lat="7.0346510" lon="125.4574170">
    <ele>211.8</ele>
    <time>2025-11-20T06:32:00Z</time>
   </trkpt>
   <trkpt lat="7.0346510" lon="125.4574170">
    <ele>211.8</ele>
    <time>2025-11-20T06:32:01Z</time>
   </trkpt>
   <trkpt lat="7.0346510" lon="125.4574170">
    <ele>211.8</ele>
    <time>2025-11-20T06:32:02Z</time>
   </trkpt>
   <trkpt lat="7.0346510" lon="125.4574170">
    <ele>211.8</ele>
    <time>2025-11-20T06:32:03Z</time>
   </trkpt>
   <trkpt lat="7.0346510" lon="125.4574170">
    <ele>211.8</ele>
    <time>2025-11-20T06:32:04Z</time>
   </trkpt>
   <trkpt lat="7.0346460" lon="125.4574210">
    <ele>211.8</ele>
    <time>2025-11-20T06:32:05Z</time>
   </trkpt>
   <trkpt lat="7.0346390" lon="125.4574180">
    <ele>211.9</ele>
    <time>2025-11-20T06:32:06Z</time>
   </trkpt>
   <trkpt lat="7.0346400" lon="125.4574200">
    <ele>211.9</ele>
    <time>2025-11-20T06:32:07Z</time>
   </trkpt>
   <trkpt lat="7.0346460" lon="125.4574210">
    <ele>211.9</ele>
    <time>2025-11-20T06:32:08Z</time>
   </trkpt>
   <trkpt lat="7.0346460" lon="125.4574220">
    <ele>211.9</ele>
    <time>2025-11-20T06:32:09Z</time>
   </trkpt>
   <trkpt lat="7.0346490" lon="125.4574210">
    <ele>212.0</ele>
    <time>2025-11-20T06:32:10Z</time>
   </trkpt>
   <trkpt lat="7.0346500" lon="125.4574190">
    <ele>212.0</ele>
    <time>2025-11-20T06:32:11Z</time>
   </trkpt>
   <trkpt lat="7.0346520" lon="125.4574120">
    <ele>212.0</ele>
    <time>2025-11-20T06:32:12Z</time>
   </trkpt>
   <trkpt lat="7.0346510" lon="125.4573990">
    <ele>212.1</ele>
    <time>2025-11-20T06:32:13Z</time>
   </trkpt>
   <trkpt lat="7.0346510" lon="125.4573930">
    <ele>212.1</ele>
    <time>2025-11-20T06:32:14Z</time>
   </trkpt>
   <trkpt lat="7.0346540" lon="125.4573830">
    <ele>212.2</ele>
    <time>2025-11-20T06:32:15Z</time>
   </trkpt>
   <trkpt lat="7.0346560" lon="125.4573770">
    <ele>212.2</ele>
    <time>2025-11-20T06:32:16Z</time>
   </trkpt>
   <trkpt lat="7.0346630" lon="125.4573670">
    <ele>212.2</ele>
    <time>2025-11-20T06:32:17Z</time>
   </trkpt>
   <trkpt lat="7.0346650" lon="125.4573570">
    <ele>212.3</ele>
    <time>2025-11-20T06:32:18Z</time>
   </trkpt>
   <trkpt lat="7.0346640" lon="125.4573510">
    <ele>212.3</ele>
    <time>2025-11-20T06:32:19Z</time>
   </trkpt>
   <trkpt lat="7.0346640" lon="125.4573470">
    <ele>212.4</ele>
    <time>2025-11-20T06:32:20Z</time>
   </trkpt>
   <trkpt lat="7.0346690" lon="125.4573430">
    <ele>212.4</ele>
    <time>2025-11-20T06:32:21Z</time>
   </trkpt>
   <trkpt lat="7.0346740" lon="125.4573340">
    <ele>212.4</ele>
    <time>2025-11-20T06:32:22Z</time>
   </trkpt>
   <trkpt lat="7.0346780" lon="125.4573210">
    <ele>212.5</ele>
    <time>2025-11-20T06:32:23Z</time>
   </trkpt>
   <trkpt lat="7.0346750" lon="125.4573150">
    <ele>212.5</ele>
    <time>2025-11-20T06:32:25Z</time>
   </trkpt>
   <trkpt lat="7.0346730" lon="125.4573070">
    <ele>212.6</ele>
    <time>2025-11-20T06:32:26Z</time>
   </trkpt>
   <trkpt lat="7.0346700" lon="125.4572960">
    <ele>212.6</ele>
    <time>2025-11-20T06:32:27Z</time>
   </trkpt>
   <trkpt lat="7.0346690" lon="125.4572890">
    <ele>212.7</ele>
    <time>2025-11-20T06:32:28Z</time>
   </trkpt>
   <trkpt lat="7.0346710" lon="125.4572850">
    <ele>212.7</ele>
    <time>2025-11-20T06:32:29Z</time>
   </trkpt>
   <trkpt lat="7.0346710" lon="125.4572780">
    <ele>212.7</ele>
    <time>2025-11-20T06:32:30Z</time>
   </trkpt>
   <trkpt lat="7.0346710" lon="125.4572720">
    <ele>212.8</ele>
    <time>2025-11-20T06:32:31Z</time>
   </trkpt>
   <trkpt lat="7.0346740" lon="125.4572720">
    <ele>212.8</ele>
    <time>2025-11-20T06:32:32Z</time>
   </trkpt>
   <trkpt lat="7.0346800" lon="125.4572790">
    <ele>212.8</ele>
    <time>2025-11-20T06:32:33Z</time>
   </trkpt>
   <trkpt lat="7.0346820" lon="125.4572930">
    <ele>212.8</ele>
    <time>2025-11-20T06:32:34Z</time>
   </trkpt>
   <trkpt lat="7.0346870" lon="125.4573020">
    <ele>212.8</ele>
    <time>2025-11-20T06:32:35Z</time>
   </trkpt>
   <trkpt lat="7.0346920" lon="125.4573060">
    <ele>212.8</ele>
    <time>2025-11-20T06:32:36Z</time>
   </trkpt>
   <trkpt lat="7.0347030" lon="125.4573090">
    <ele>212.8</ele>
    <time>2025-11-20T06:32:37Z</time>
   </trkpt>
   <trkpt lat="7.0347170" lon="125.4573140">
    <ele>212.9</ele>
    <time>2025-11-20T06:32:38Z</time>
   </trkpt>
   <trkpt lat="7.0347270" lon="125.4573140">
    <ele>212.9</ele>
    <time>2025-11-20T06:32:39Z</time>
   </trkpt>
   <trkpt lat="7.0347370" lon="125.4573140">
    <ele>212.9</ele>
    <time>2025-11-20T06:32:40Z</time>
   </trkpt>
   <trkpt lat="7.0347490" lon="125.4573160">
    <ele>212.9</ele>
    <time>2025-11-20T06:32:41Z</time>
   </trkpt>
   <trkpt lat="7.0347610" lon="125.4573120">
    <ele>212.9</ele>
    <time>2025-11-20T06:32:42Z</time>
   </trkpt>
   <trkpt lat="7.0347680" lon="125.4573070">
    <ele>212.9</ele>
    <time>2025-11-20T06:32:43Z</time>
   </trkpt>
   <trkpt lat="7.0347750" lon="125.4573000">
    <ele>212.9</ele>
    <time>2025-11-20T06:32:44Z</time>
   </trkpt>
   <trkpt lat="7.0347880" lon="125.4572960">
    <ele>212.8</ele>
    <time>2025-11-20T06:32:45Z</time>
   </trkpt>
   <trkpt lat="7.0348030" lon="125.4572940">
    <ele>212.8</ele>
    <time>2025-11-20T06:32:46Z</time>
   </trkpt>
   <trkpt lat="7.0348220" lon="125.4572950">
    <ele>212.8</ele>
    <time>2025-11-20T06:32:47Z</time>
   </trkpt>
   <trkpt lat="7.0348270" lon="125.4572990">
    <ele>212.8</ele>
    <time>2025-11-20T06:32:48Z</time>
   </trkpt>
   <trkpt lat="7.0348390" lon="125.4572980">
    <ele>212.8</ele>
    <time>2025-11-20T06:32:49Z</time>
   </trkpt>
   <trkpt lat="7.0348520" lon="125.4572930">
    <ele>212.8</ele>
    <time>2025-11-20T06:32:50Z</time>
   </trkpt>
   <trkpt lat="7.0348600" lon="125.4572910">
    <ele>212.7</ele>
    <time>2025-11-20T06:32:51Z</time>
   </trkpt>
   <trkpt lat="7.0348700" lon="125.4572920">
    <ele>212.7</ele>
    <time>2025-11-20T06:32:52Z</time>
   </trkpt>
   <trkpt lat="7.0348720" lon="125.4572910">
    <ele>212.7</ele>
    <time>2025-11-20T06:32:53Z</time>
   </trkpt>
   <trkpt lat="7.0348850" lon="125.4572890">
    <ele>212.7</ele>
    <time>2025-11-20T06:32:54Z</time>
   </trkpt>
   <trkpt lat="7.0348970" lon="125.4572870">
    <ele>212.7</ele>
    <time>2025-11-20T06:32:55Z</time>
   </trkpt>
   <trkpt lat="7.0349030" lon="125.4572850">
    <ele>212.7</ele>
    <time>2025-11-20T06:32:56Z</time>
   </trkpt>
   <trkpt lat="7.0349100" lon="125.4572740">
    <ele>212.8</ele>
    <time>2025-11-20T06:32:57Z</time>
   </trkpt>
   <trkpt lat="7.0349200" lon="125.4572710">
    <ele>213.0</ele>
    <time>2025-11-20T06:32:58Z</time>
   </trkpt>
   <trkpt lat="7.0349360" lon="125.4572660">
    <ele>213.2</ele>
    <time>2025-11-20T06:32:59Z</time>
   </trkpt>
   <trkpt lat="7.0349430" lon="125.4572610">
    <ele>213.4</ele>
    <time>2025-11-20T06:33:00Z</time>
   </trkpt>
   <trkpt lat="7.0349430" lon="125.4572560">
    <ele>213.4</ele>
    <time>2025-11-20T06:33:01Z</time>
   </trkpt>
   <trkpt lat="7.0349480" lon="125.4572530">
    <ele>213.5</ele>
    <time>2025-11-20T06:33:02Z</time>
   </trkpt>
   <trkpt lat="7.0349560" lon="125.4572510">
    <ele>213.6</ele>
    <time>2025-11-20T06:33:03Z</time>
   </trkpt>
   <trkpt lat="7.0349650" lon="125.4572440">
    <ele>213.8</ele>
    <time>2025-11-20T06:33:04Z</time>
   </trkpt>
   <trkpt lat="7.0349780" lon="125.4572370">
    <ele>214.0</ele>
    <time>2025-11-20T06:33:05Z</time>
   </trkpt>
   <trkpt lat="7.0349870" lon="125.4572320">
    <ele>214.1</ele>
    <time>2025-11-20T06:33:06Z</time>
   </trkpt>
   <trkpt lat="7.0349960" lon="125.4572280">
    <ele>214.3</ele>
    <time>2025-11-20T06:33:07Z</time>
   </trkpt>
   <trkpt lat="7.0350040" lon="125.4572220">
    <ele>214.4</ele>
    <time>2025-11-20T06:33:08Z</time>
   </trkpt>
   <trkpt lat="7.0350070" lon="125.4572220">
    <ele>214.5</ele>
    <time>2025-11-20T06:33:09Z</time>
   </trkpt>
   <trkpt lat="7.0350140" lon="125.4572140">
    <ele>214.6</ele>
    <time>2025-11-20T06:33:10Z</time>
   </trkpt>
   <trkpt lat="7.0350220" lon="125.4572080">
    <ele>214.7</ele>
    <time>2025-11-20T06:33:11Z</time>
   </trkpt>
   <trkpt lat="7.0350310" lon="125.4572000">
    <ele>214.9</ele>
    <time>2025-11-20T06:33:12Z</time>
   </trkpt>
   <trkpt lat="7.0350480" lon="125.4572010">
    <ele>215.1</ele>
    <time>2025-11-20T06:33:13Z</time>
   </trkpt>
   <trkpt lat="7.0350560" lon="125.4571980">
    <ele>215.3</ele>
    <time>2025-11-20T06:33:14Z</time>
   </trkpt>
   <trkpt lat="7.0350630" lon="125.4571960">
    <ele>215.4</ele>
    <time>2025-11-20T06:33:15Z</time>
   </trkpt>
   <trkpt lat="7.0350710" lon="125.4571930">
    <ele>215.5</ele>
    <time>2025-11-20T06:33:16Z</time>
   </trkpt>
   <trkpt lat="7.0350780" lon="125.4571890">
    <ele>215.6</ele>
    <time>2025-11-20T06:33:17Z</time>
   </trkpt>
   <trkpt lat="7.0350850" lon="125.4571870">
    <ele>215.7</ele>
    <time>2025-11-20T06:33:18Z</time>
   </trkpt>
   <trkpt lat="7.0350890" lon="125.4571780">
    <ele>215.7</ele>
    <time>2025-11-20T06:33:19Z</time>
   </trkpt>
   <trkpt lat="7.0350960" lon="125.4571670">
    <ele>215.8</ele>
    <time>2025-11-20T06:33:20Z</time>
   </trkpt>
   <trkpt lat="7.0351010" lon="125.4571660">
    <ele>215.8</ele>
    <time>2025-11-20T06:33:21Z</time>
   </trkpt>
   <trkpt lat="7.0351070" lon="125.4571570">
    <ele>215.8</ele>
    <time>2025-11-20T06:33:22Z</time>
   </trkpt>
   <trkpt lat="7.0351120" lon="125.4571440">
    <ele>215.9</ele>
    <time>2025-11-20T06:33:23Z</time>
   </trkpt>
   <trkpt lat="7.0351170" lon="125.4571440">
    <ele>215.9</ele>
    <time>2025-11-20T06:33:24Z</time>
   </trkpt>
   <trkpt lat="7.0351220" lon="125.4571320">
    <ele>216.0</ele>
    <time>2025-11-20T06:33:25Z</time>
   </trkpt>
   <trkpt lat="7.0351160" lon="125.4571220">
    <ele>216.0</ele>
    <time>2025-11-20T06:33:26Z</time>
   </trkpt>
   <trkpt lat="7.0351110" lon="125.4571160">
    <ele>216.1</ele>
    <time>2025-11-20T06:33:27Z</time>
   </trkpt>
   <trkpt lat="7.0351100" lon="125.4571030">
    <ele>216.1</ele>
    <time>2025-11-20T06:33:28Z</time>
   </trkpt>
   <trkpt lat="7.0351070" lon="125.4570950">
    <ele>216.1</ele>
    <time>2025-11-20T06:33:29Z</time>
   </trkpt>
   <trkpt lat="7.0351110" lon="125.4570890">
    <ele>216.2</ele>
    <time>2025-11-20T06:33:30Z</time>
   </trkpt>
   <trkpt lat="7.0351150" lon="125.4570840">
    <ele>216.2</ele>
    <time>2025-11-20T06:33:31Z</time>
   </trkpt>
   <trkpt lat="7.0351200" lon="125.4570780">
    <ele>216.1</ele>
    <time>2025-11-20T06:33:32Z</time>
   </trkpt>
   <trkpt lat="7.0351280" lon="125.4570730">
    <ele>216.1</ele>
    <time>2025-11-20T06:33:33Z</time>
   </trkpt>
   <trkpt lat="7.0351360" lon="125.4570720">
    <ele>216.1</ele>
    <time>2025-11-20T06:33:34Z</time>
   </trkpt>
   <trkpt lat="7.0351440" lon="125.4570740">
    <ele>216.0</ele>
    <time>2025-11-20T06:33:35Z</time>
   </trkpt>
   <trkpt lat="7.0351600" lon="125.4570690">
    <ele>216.0</ele>
    <time>2025-11-20T06:33:36Z</time>
   </trkpt>
   <trkpt lat="7.0351700" lon="125.4570650">
    <ele>215.9</ele>
    <time>2025-11-20T06:33:37Z</time>
   </trkpt>
   <trkpt lat="7.0351790" lon="125.4570600">
    <ele>215.8</ele>
    <time>2025-11-20T06:33:38Z</time>
   </trkpt>
   <trkpt lat="7.0351800" lon="125.4570530">
    <ele>215.8</ele>
    <time>2025-11-20T06:33:39Z</time>
   </trkpt>
   <trkpt lat="7.0351790" lon="125.4570460">
    <ele>215.8</ele>
    <time>2025-11-20T06:33:40Z</time>
   </trkpt>
   <trkpt lat="7.0351860" lon="125.4570270">
    <ele>215.6</ele>
    <time>2025-11-20T06:33:41Z</time>
   </trkpt>
   <trkpt lat="7.0351860" lon="125.4570220">
    <ele>215.6</ele>
    <time>2025-11-20T06:33:42Z</time>
   </trkpt>
   <trkpt lat="7.0351870" lon="125.4570070">
    <ele>215.5</ele>
    <time>2025-11-20T06:33:43Z</time>
   </trkpt>
   <trkpt lat="7.0351900" lon="125.4569930">
    <ele>215.4</ele>
    <time>2025-11-20T06:33:44Z</time>
   </trkpt>
   <trkpt lat="7.0351930" lon="125.4569920">
    <ele>215.4</ele>
    <time>2025-11-20T06:33:45Z</time>
   </trkpt>
   <trkpt lat="7.0351960" lon="125.4569980">
    <ele>215.3</ele>
    <time>2025-11-20T06:33:46Z</time>
   </trkpt>
   <trkpt lat="7.0351950" lon="125.4569990">
    <ele>215.2</ele>
    <time>2025-11-20T06:33:47Z</time>
   </trkpt>
   <trkpt lat="7.0351980" lon="125.4569990">
    <ele>215.1</ele>
    <time>2025-11-20T06:33:48Z</time>
   </trkpt>
   <trkpt lat="7.0352010" lon="125.4569990">
    <ele>215.0</ele>
    <time>2025-11-20T06:33:49Z</time>
   </trkpt>
   <trkpt lat="7.0352060" lon="125.4569980">
    <ele>214.9</ele>
    <time>2025-11-20T06:33:50Z</time>
   </trkpt>
   <trkpt lat="7.0352090" lon="125.4570020">
    <ele>215.1</ele>
    <time>2025-11-20T06:33:51Z</time>
   </trkpt>
   <trkpt lat="7.0352130" lon="125.4570140">
    <ele>215.0</ele>
    <time>2025-11-20T06:33:52Z</time>
   </trkpt>
   <trkpt lat="7.0352250" lon="125.4570140">
    <ele>214.3</ele>
    <time>2025-11-20T06:33:53Z</time>
   </trkpt>
   <trkpt lat="7.0352340" lon="125.4570120">
    <ele>214.2</ele>
    <time>2025-11-20T06:33:54Z</time>
   </trkpt>
   <trkpt lat="7.0352450" lon="125.4570130">
    <ele>214.1</ele>
    <time>2025-11-20T06:33:55Z</time>
   </trkpt>
   <trkpt lat="7.0352550" lon="125.4570110">
    <ele>214.0</ele>
    <time>2025-11-20T06:33:56Z</time>
   </trkpt>
   <trkpt lat="7.0352630" lon="125.4570090">
    <ele>213.1</ele>
    <time>2025-11-20T06:33:57Z</time>
   </trkpt>
   <trkpt lat="7.0352690" lon="125.4570070">
    <ele>213.0</ele>
    <time>2025-11-20T06:33:58Z</time>
   </trkpt>
   <trkpt lat="7.0352750" lon="125.4570090">
    <ele>212.9</ele>
    <time>2025-11-20T06:33:59Z</time>
   </trkpt>
   <trkpt lat="7.0352790" lon="125.4570160">
    <ele>212.8</ele>
    <time>2025-11-20T06:34:00Z</time>
   </trkpt>
   <trkpt lat="7.0352870" lon="125.4570260">
    <ele>212.7</ele>
    <time>2025-11-20T06:34:01Z</time>
   </trkpt>
   <trkpt lat="7.0352880" lon="125.4570270">
    <ele>212.6</ele>
    <time>2025-11-20T06:34:02Z</time>
   </trkpt>
   <trkpt lat="7.0352940" lon="125.4570240">
    <ele>212.5</ele>
    <time>2025-11-20T06:34:03Z</time>
   </trkpt>
   <trkpt lat="7.0353040" lon="125.4570210">
    <ele>212.4</ele>
    <time>2025-11-20T06:34:04Z</time>
   </trkpt>
   <trkpt lat="7.0353110" lon="125.4570170">
    <ele>211.3</ele>
    <time>2025-11-20T06:34:05Z</time>
   </trkpt>
   <trkpt lat="7.0353160" lon="125.4570120">
    <ele>211.2</ele>
    <time>2025-11-20T06:34:06Z</time>
   </trkpt>
   <trkpt lat="7.0353220" lon="125.4570070">
    <ele>211.1</ele>
    <time>2025-11-20T06:34:07Z</time>
   </trkpt>
   <trkpt lat="7.0353230" lon="125.4570060">
    <ele>211.0</ele>
    <time>2025-11-20T06:34:08Z</time>
   </trkpt>
   <trkpt lat="7.0353340" lon="125.4570060">
    <ele>211.0</ele>
    <time>2025-11-20T06:34:09Z</time>
   </trkpt>
   <trkpt lat="7.0353450" lon="125.4570130">
    <ele>210.9</ele>
    <time>2025-11-20T06:34:10Z</time>
   </trkpt>
   <trkpt lat="7.0353460" lon="125.4570050">
    <ele>210.8</ele>
    <time>2025-11-20T06:34:11Z</time>
   </trkpt>
   <trkpt lat="7.0353440" lon="125.4570080">
    <ele>210.7</ele>
    <time>2025-11-20T06:34:12Z</time>
   </trkpt>
   <trkpt lat="7.0353400" lon="125.4570010">
    <ele>210.6</ele>
    <time>2025-11-20T06:34:13Z</time>
   </trkpt>
   <trkpt lat="7.0353360" lon="125.4569960">
    <ele>210.1</ele>
    <time>2025-11-20T06:34:14Z</time>
   </trkpt>
   <trkpt lat="7.0353360" lon="125.4569880">
    <ele>210.0</ele>
    <time>2025-11-20T06:34:15Z</time>
   </trkpt>
   <trkpt lat="7.0353390" lon="125.4569900">
    <ele>210.0</ele>
    <time>2025-11-20T06:34:16Z</time>
   </trkpt>
   <trkpt lat="7.0353400" lon="125.4569930">
    <ele>209.9</ele>
    <time>2025-11-20T06:34:17Z</time>
   </trkpt>
   <trkpt lat="7.0353480" lon="125.4569920">
    <ele>208.7</ele>
    <time>2025-11-20T06:34:18Z</time>
   </trkpt>
   <trkpt lat="7.0353530" lon="125.4569900">
    <ele>208.6</ele>
    <time>2025-11-20T06:34:19Z</time>
   </trkpt>
   <trkpt lat="7.0353570" lon="125.4569830">
    <ele>208.5</ele>
    <time>2025-11-20T06:34:20Z</time>
   </trkpt>
   <trkpt lat="7.0353590" lon="125.4569760">
    <ele>208.4</ele>
    <time>2025-11-20T06:34:21Z</time>
   </trkpt>
   <trkpt lat="7.0353600" lon="125.4569740">
    <ele>208.3</ele>
    <time>2025-11-20T06:34:22Z</time>
   </trkpt>
   <trkpt lat="7.0353650" lon="125.4569640">
    <ele>208.3</ele>
    <time>2025-11-20T06:34:23Z</time>
   </trkpt>
   <trkpt lat="7.0353730" lon="125.4569560">
    <ele>207.9</ele>
    <time>2025-11-20T06:34:24Z</time>
   </trkpt>
   <trkpt lat="7.0353790" lon="125.4569640">
    <ele>208.1</ele>
    <time>2025-11-20T06:34:25Z</time>
   </trkpt>
   <trkpt lat="7.0353820" lon="125.4569640">
    <ele>208.0</ele>
    <time>2025-11-20T06:34:26Z</time>
   </trkpt>
   <trkpt lat="7.0353850" lon="125.4569580">
    <ele>207.9</ele>
    <time>2025-11-20T06:34:27Z</time>
   </trkpt>
   <trkpt lat="7.0353810" lon="125.4569540">
    <ele>207.5</ele>
    <time>2025-11-20T06:34:28Z</time>
   </trkpt>
   <trkpt lat="7.0353830" lon="125.4569520">
    <ele>207.4</ele>
    <time>2025-11-20T06:34:29Z</time>
   </trkpt>
   <trkpt lat="7.0353740" lon="125.4569580">
    <ele>207.6</ele>
    <time>2025-11-20T06:34:30Z</time>
   </trkpt>
   <trkpt lat="7.0353660" lon="125.4569610">
    <ele>207.5</ele>
    <time>2025-11-20T06:34:31Z</time>
   </trkpt>
   <trkpt lat="7.0353620" lon="125.4569610">
    <ele>207.4</ele>
    <time>2025-11-20T06:34:32Z</time>
   </trkpt>
   <trkpt lat="7.0353580" lon="125.4569620">
    <ele>207.3</ele>
    <time>2025-11-20T06:34:33Z</time>
   </trkpt>
   <trkpt lat="7.0353530" lon="125.4569620">
    <ele>207.2</ele>
    <time>2025-11-20T06:34:34Z</time>
   </trkpt>
   <trkpt lat="7.0353480" lon="125.4569780">
    <ele>207.1</ele>
    <time>2025-11-20T06:34:35Z</time>
   </trkpt>
   <trkpt lat="7.0353490" lon="125.4569700">
    <ele>207.0</ele>
    <time>2025-11-20T06:34:36Z</time>
   </trkpt>
   <trkpt lat="7.0353510" lon="125.4569720">
    <ele>206.9</ele>
    <time>2025-11-20T06:34:37Z</time>
   </trkpt>
   <trkpt lat="7.0353500" lon="125.4569740">
    <ele>206.8</ele>
    <time>2025-11-20T06:34:38Z</time>
   </trkpt>
   <trkpt lat="7.0353500" lon="125.4569810">
    <ele>206.7</ele>
    <time>2025-11-20T06:34:39Z</time>
   </trkpt>
   <trkpt lat="7.0353510" lon="125.4569810">
    <ele>206.6</ele>
    <time>2025-11-20T06:34:40Z</time>
   </trkpt>
   <trkpt lat="7.0353510" lon="125.4569870">
    <ele>206.5</ele>
    <time>2025-11-20T06:34:41Z</time>
   </trkpt>
   <trkpt lat="7.0353550" lon="125.4569900">
    <ele>206.4</ele>
    <time>2025-11-20T06:34:42Z</time>
   </trkpt>
   <trkpt lat="7.0353570" lon="125.4569910">
    <ele>206.3</ele>
    <time>2025-11-20T06:34:43Z</time>
   </trkpt>
   <trkpt lat="7.0353590" lon="125.4569900">
    <ele>206.2</ele>
    <time>2025-11-20T06:34:44Z</time>
   </trkpt>
   <trkpt lat="7.0353590" lon="125.4569980">
    <ele>206.1</ele>
    <time>2025-11-20T06:34:45Z</time>
   </trkpt>
   <trkpt lat="7.0353590" lon="125.4570030">
    <ele>206.4</ele>
    <time>2025-11-20T06:34:46Z</time>
   </trkpt>
   <trkpt lat="7.0353600" lon="125.4570020">
    <ele>206.3</ele>
    <time>2025-11-20T06:34:47Z</time>
   </trkpt>
   <trkpt lat="7.0353590" lon="125.4570060">
    <ele>206.2</ele>
    <time>2025-11-20T06:34:48Z</time>
   </trkpt>
   <trkpt lat="7.0353590" lon="125.4570030">
    <ele>206.1</ele>
    <time>2025-11-20T06:34:49Z</time>
   </trkpt>
   <trkpt lat="7.0353680" lon="125.4570050">
    <ele>206.0</ele>
    <time>2025-11-20T06:34:50Z</time>
   </trkpt>
   <trkpt lat="7.0353740" lon="125.4569960">
    <ele>205.6</ele>
    <time>2025-11-20T06:34:51Z</time>
   </trkpt>
   <trkpt lat="7.0353820" lon="125.4569840">
    <ele>205.5</ele>
    <time>2025-11-20T06:34:52Z</time>
   </trkpt>
   <trkpt lat="7.0353970" lon="125.4569700">
    <ele>204.3</ele>
    <time>2025-11-20T06:34:53Z</time>
   </trkpt>
   <trkpt lat="7.0354070" lon="125.4569660">
    <ele>204.2</ele>
    <time>2025-11-20T06:34:54Z</time>
   </trkpt>
   <trkpt lat="7.0354170" lon="125.4569630">
    <ele>204.1</ele>
    <time>2025-11-20T06:34:55Z</time>
   </trkpt>
   <trkpt lat="7.0354300" lon="125.4569620">
    <ele>204.0</ele>
    <time>2025-11-20T06:34:56Z</time>
   </trkpt>
   <trkpt lat="7.0354450" lon="125.4569670">
    <ele>202.9</ele>
    <time>2025-11-20T06:34:57Z</time>
   </trkpt>
   <trkpt lat="7.0354490" lon="125.4569680">
    <ele>202.8</ele>
    <time>2025-11-20T06:34:58Z</time>
   </trkpt>
   <trkpt lat="7.0354580" lon="125.4569660">
    <ele>202.7</ele>
    <time>2025-11-20T06:34:59Z</time>
   </trkpt>
   <trkpt lat="7.0354780" lon="125.4569670">
    <ele>201.0</ele>
    <time>2025-11-20T06:35:00Z</time>
   </trkpt>
   <trkpt lat="7.0354840" lon="125.4569670">
    <ele>200.9</ele>
    <time>2025-11-20T06:35:01Z</time>
   </trkpt>
   <trkpt lat="7.0354810" lon="125.4569650">
    <ele>200.8</ele>
    <time>2025-11-20T06:35:02Z</time>
   </trkpt>
   <trkpt lat="7.0354870" lon="125.4569630">
    <ele>200.7</ele>
    <time>2025-11-20T06:35:03Z</time>
   </trkpt>
   <trkpt lat="7.0354960" lon="125.4569640">
    <ele>200.6</ele>
    <time>2025-11-20T06:35:04Z</time>
   </trkpt>
   <trkpt lat="7.0355080" lon="125.4569670">
    <ele>200.5</ele>
    <time>2025-11-20T06:35:05Z</time>
   </trkpt>
   <trkpt lat="7.0355120" lon="125.4569700">
    <ele>200.4</ele>
    <time>2025-11-20T06:35:06Z</time>
   </trkpt>
   <trkpt lat="7.0355190" lon="125.4569680">
    <ele>199.3</ele>
    <time>2025-11-20T06:35:07Z</time>
   </trkpt>
   <trkpt lat="7.0355260" lon="125.4569670">
    <ele>199.2</ele>
    <time>2025-11-20T06:35:08Z</time>
   </trkpt>
   <trkpt lat="7.0355320" lon="125.4569650">
    <ele>199.1</ele>
    <time>2025-11-20T06:35:09Z</time>
   </trkpt>
   <trkpt lat="7.0355390" lon="125.4569640">
    <ele>199.0</ele>
    <time>2025-11-20T06:35:10Z</time>
   </trkpt>
   <trkpt lat="7.0355460" lon="125.4569620">
    <ele>198.9</ele>
    <time>2025-11-20T06:35:11Z</time>
   </trkpt>
   <trkpt lat="7.0355470" lon="125.4569710">
    <ele>198.8</ele>
    <time>2025-11-20T06:35:12Z</time>
   </trkpt>
   <trkpt lat="7.0355580" lon="125.4569710">
    <ele>198.7</ele>
    <time>2025-11-20T06:35:13Z</time>
   </trkpt>
   <trkpt lat="7.0355810" lon="125.4569700">
    <ele>197.5</ele>
    <time>2025-11-20T06:35:14Z</time>
   </trkpt>
   <trkpt lat="7.0356070" lon="125.4569760">
    <ele>196.2</ele>
    <time>2025-11-20T06:35:15Z</time>
   </trkpt>
   <trkpt lat="7.0356170" lon="125.4569800">
    <ele>196.1</ele>
    <time>2025-11-20T06:35:16Z</time>
   </trkpt>
   <trkpt lat="7.0356380" lon="125.4569960">
    <ele>196.0</ele>
    <time>2025-11-20T06:35:17Z</time>
   </trkpt>
   <trkpt lat="7.0356490" lon="125.4570020">
    <ele>194.7</ele>
    <time>2025-11-20T06:35:18Z</time>
   </trkpt>
   <trkpt lat="7.0356530" lon="125.4569960">
    <ele>194.6</ele>
    <time>2025-11-20T06:35:19Z</time>
   </trkpt>
   <trkpt lat="7.0356660" lon="125.4569880">
    <ele>194.4</ele>
    <time>2025-11-20T06:35:20Z</time>
   </trkpt>
   <trkpt lat="7.0356680" lon="125.4569810">
    <ele>194.3</ele>
    <time>2025-11-20T06:35:21Z</time>
   </trkpt>
   <trkpt lat="7.0356620" lon="125.4569830">
    <ele>194.3</ele>
    <time>2025-11-20T06:35:22Z</time>
   </trkpt>
   <trkpt lat="7.0356520" lon="125.4569900">
    <ele>194.1</ele>
    <time>2025-11-20T06:35:23Z</time>
   </trkpt>
   <trkpt lat="7.0356470" lon="125.4569950">
    <ele>194.0</ele>
    <time>2025-11-20T06:35:24Z</time>
   </trkpt>
   <trkpt lat="7.0356350" lon="125.4569950">
    <ele>193.9</ele>
    <time>2025-11-20T06:35:25Z</time>
   </trkpt>
   <trkpt lat="7.0356210" lon="125.4569950">
    <ele>193.8</ele>
    <time>2025-11-20T06:35:26Z</time>
   </trkpt>
   <trkpt lat="7.0356160" lon="125.4569990">
    <ele>193.7</ele>
    <time>2025-11-20T06:35:27Z</time>
   </trkpt>
   <trkpt lat="7.0356130" lon="125.4569920">
    <ele>193.6</ele>
    <time>2025-11-20T06:35:28Z</time>
   </trkpt>
   <trkpt lat="7.0356110" lon="125.4569910">
    <ele>193.6</ele>
    <time>2025-11-20T06:35:29Z</time>
   </trkpt>
   <trkpt lat="7.0356120" lon="125.4569870">
    <ele>193.5</ele>
    <time>2025-11-20T06:35:30Z</time>
   </trkpt>
   <trkpt lat="7.0356120" lon="125.4569860">
    <ele>193.5</ele>
    <time>2025-11-20T06:35:31Z</time>
   </trkpt>
   <trkpt lat="7.0356120" lon="125.4569870">
    <ele>193.5</ele>
    <time>2025-11-20T06:35:32Z</time>
   </trkpt>
   <trkpt lat="7.0356160" lon="125.4569880">
    <ele>193.5</ele>
    <time>2025-11-20T06:35:33Z</time>
   </trkpt>
   <trkpt lat="7.0356180" lon="125.4569890">
    <ele>193.4</ele>
    <time>2025-11-20T06:35:34Z</time>
   </trkpt>
   <trkpt lat="7.0356180" lon="125.4569900">
    <ele>193.4</ele>
    <time>2025-11-20T06:35:35Z</time>
   </trkpt>
   <trkpt lat="7.0356180" lon="125.4569900">
    <ele>193.4</ele>
    <time>2025-11-20T06:35:36Z</time>
   </trkpt>
   <trkpt lat="7.0356180" lon="125.4569900">
    <ele>193.4</ele>
    <time>2025-11-20T06:35:37Z</time>
   </trkpt>
   <trkpt lat="7.0356180" lon="125.4569900">
    <ele>193.4</ele>
    <time>2025-11-20T06:35:38Z</time>
   </trkpt>
   <trkpt lat="7.0356180" lon="125.4569900">
    <ele>193.4</ele>
    <time>2025-11-20T06:35:39Z</time>
   </trkpt>
   <trkpt lat="7.0356180" lon="125.4569900">
    <ele>193.4</ele>
    <time>2025-11-20T06:35:40Z</time>
   </trkpt>
   <trkpt lat="7.0356180" lon="125.4569900">
    <ele>193.4</ele>
    <time>2025-11-20T06:35:41Z</time>
   </trkpt>
   <trkpt lat="7.0356180" lon="125.4569900">
    <ele>193.4</ele>
    <time>2025-11-20T06:35:42Z</time>
   </trkpt>
   <trkpt lat="7.0356180" lon="125.4569900">
    <ele>193.4</ele>
    <time>2025-11-20T06:35:43Z</time>
   </trkpt>
   <trkpt lat="7.0356180" lon="125.4569900">
    <ele>193.4</ele>
    <time>2025-11-20T06:35:44Z</time>
   </trkpt>
   <trkpt lat="7.0356180" lon="125.4569900">
    <ele>193.4</ele>
    <time>2025-11-20T06:35:45Z</time>
   </trkpt>
   <trkpt lat="7.0356180" lon="125.4569900">
    <ele>193.4</ele>
    <time>2025-11-20T06:35:46Z</time>
   </trkpt>
   <trkpt lat="7.0356180" lon="125.4569900">
    <ele>193.4</ele>
    <time>2025-11-20T06:35:47Z</time>
   </trkpt>
   <trkpt lat="7.0356180" lon="125.4569900">
    <ele>193.4</ele>
    <time>2025-11-20T06:35:48Z</time>
   </trkpt>
   <trkpt lat="7.0356180" lon="125.4569900">
    <ele>193.4</ele>
    <time>2025-11-20T06:35:49Z</time>
   </trkpt>
   <trkpt lat="7.0356180" lon="125.4569900">
    <ele>193.4</ele>
    <time>2025-11-20T06:35:50Z</time>
   </trkpt>
   <trkpt lat="7.0356180" lon="125.4569900">
    <ele>193.4</ele>
    <time>2025-11-20T06:35:51Z</time>
   </trkpt>
   <trkpt lat="7.0356180" lon="125.4569900">
    <ele>193.4</ele>
    <time>2025-11-20T06:35:52Z</time>
   </trkpt>
   <trkpt lat="7.0356180" lon="125.4569900">
    <ele>193.4</ele>
    <time>2025-11-20T06:35:53Z</time>
   </trkpt>
   <trkpt lat="7.0356180" lon="125.4569900">
    <ele>193.4</ele>
    <time>2025-11-20T06:35:54Z</time>
   </trkpt>
   <trkpt lat="7.0356030" lon="125.4569970">
    <ele>193.2</ele>
    <time>2025-11-20T06:35:55Z</time>
   </trkpt>
   <trkpt lat="7.0356030" lon="125.4570000">
    <ele>193.2</ele>
    <time>2025-11-20T06:35:56Z</time>
   </trkpt>
   <trkpt lat="7.0356030" lon="125.4570000">
    <ele>193.2</ele>
    <time>2025-11-20T06:35:57Z</time>
   </trkpt>
   <trkpt lat="7.0356070" lon="125.4569990">
    <ele>193.2</ele>
    <time>2025-11-20T06:35:58Z</time>
   </trkpt>
   <trkpt lat="7.0356070" lon="125.4569990">
    <ele>193.2</ele>
    <time>2025-11-20T06:35:59Z</time>
   </trkpt>
   <trkpt lat="7.0356100" lon="125.4569960">
    <ele>193.1</ele>
    <time>2025-11-20T06:36:00Z</time>
   </trkpt>
   <trkpt lat="7.0356090" lon="125.4569900">
    <ele>193.1</ele>
    <time>2025-11-20T06:36:01Z</time>
   </trkpt>
   <trkpt lat="7.0356160" lon="125.4569740">
    <ele>192.9</ele>
    <time>2025-11-20T06:36:02Z</time>
   </trkpt>
   <trkpt lat="7.0356170" lon="125.4569740">
    <ele>192.9</ele>
    <time>2025-11-20T06:36:03Z</time>
   </trkpt>
   <trkpt lat="7.0356210" lon="125.4569720">
    <ele>192.8</ele>
    <time>2025-11-20T06:36:04Z</time>
   </trkpt>
   <trkpt lat="7.0356230" lon="125.4569670">
    <ele>192.8</ele>
    <time>2025-11-20T06:36:05Z</time>
   </trkpt>
   <trkpt lat="7.0356290" lon="125.4569580">
    <ele>192.7</ele>
    <time>2025-11-20T06:36:06Z</time>
   </trkpt>
   <trkpt lat="7.0356300" lon="125.4569650">
    <ele>192.6</ele>
    <time>2025-11-20T06:36:07Z</time>
   </trkpt>
   <trkpt lat="7.0356290" lon="125.4569640">
    <ele>192.6</ele>
    <time>2025-11-20T06:36:08Z</time>
   </trkpt>
   <trkpt lat="7.0356300" lon="125.4569660">
    <ele>192.6</ele>
    <time>2025-11-20T06:36:09Z</time>
   </trkpt>
   <trkpt lat="7.0356400" lon="125.4569570">
    <ele>192.4</ele>
    <time>2025-11-20T06:36:10Z</time>
   </trkpt>
   <trkpt lat="7.0356370" lon="125.4569640">
    <ele>192.4</ele>
    <time>2025-11-20T06:36:11Z</time>
   </trkpt>
   <trkpt lat="7.0356330" lon="125.4569620">
    <ele>192.3</ele>
    <time>2025-11-20T06:36:12Z</time>
   </trkpt>
   <trkpt lat="7.0356350" lon="125.4569630">
    <ele>192.3</ele>
    <time>2025-11-20T06:36:13Z</time>
   </trkpt>
   <trkpt lat="7.0356300" lon="125.4569620">
    <ele>192.2</ele>
    <time>2025-11-20T06:36:14Z</time>
   </trkpt>
   <trkpt lat="7.0356270" lon="125.4569650">
    <ele>192.2</ele>
    <time>2025-11-20T06:36:15Z</time>
   </trkpt>
   <trkpt lat="7.0356260" lon="125.4569650">
    <ele>192.2</ele>
    <time>2025-11-20T06:36:16Z</time>
   </trkpt>
   <trkpt lat="7.0356180" lon="125.4569590">
    <ele>192.1</ele>
    <time>2025-11-20T06:36:17Z</time>
   </trkpt>
   <trkpt lat="7.0356100" lon="125.4569590">
    <ele>192.0</ele>
    <time>2025-11-20T06:36:18Z</time>
   </trkpt>
   <trkpt lat="7.0356070" lon="125.4569560">
    <ele>192.0</ele>
    <time>2025-11-20T06:36:19Z</time>
   </trkpt>
   <trkpt lat="7.0356110" lon="125.4569570">
    <ele>191.9</ele>
    <time>2025-11-20T06:36:20Z</time>
   </trkpt>
   <trkpt lat="7.0356120" lon="125.4569420">
    <ele>191.8</ele>
    <time>2025-11-20T06:36:21Z</time>
   </trkpt>
   <trkpt lat="7.0356190" lon="125.4569270">
    <ele>191.7</ele>
    <time>2025-11-20T06:36:22Z</time>
   </trkpt>
   <trkpt lat="7.0356250" lon="125.4569240">
    <ele>191.6</ele>
    <time>2025-11-20T06:36:23Z</time>
   </trkpt>
   <trkpt lat="7.0356250" lon="125.4569130">
    <ele>191.5</ele>
    <time>2025-11-20T06:36:24Z</time>
   </trkpt>
   <trkpt lat="7.0356330" lon="125.4569000">
    <ele>191.4</ele>
    <time>2025-11-20T06:36:25Z</time>
   </trkpt>
   <trkpt lat="7.0356400" lon="125.4568960">
    <ele>191.3</ele>
    <time>2025-11-20T06:36:26Z</time>
   </trkpt>
   <trkpt lat="7.0356430" lon="125.4568820">
    <ele>191.2</ele>
    <time>2025-11-20T06:36:27Z</time>
   </trkpt>
   <trkpt lat="7.0356520" lon="125.4568690">
    <ele>191.1</ele>
    <time>2025-11-20T06:36:28Z</time>
   </trkpt>
   <trkpt lat="7.0356630" lon="125.4568630">
    <ele>191.0</ele>
    <time>2025-11-20T06:36:29Z</time>
   </trkpt>
   <trkpt lat="7.0356730" lon="125.4568570">
    <ele>190.9</ele>
    <time>2025-11-20T06:36:30Z</time>
   </trkpt>
   <trkpt lat="7.0356690" lon="125.4568520">
    <ele>190.9</ele>
    <time>2025-11-20T06:36:31Z</time>
   </trkpt>
   <trkpt lat="7.0356730" lon="125.4568400">
    <ele>190.8</ele>
    <time>2025-11-20T06:36:32Z</time>
   </trkpt>
   <trkpt lat="7.0356840" lon="125.4568270">
    <ele>190.7</ele>
    <time>2025-11-20T06:36:33Z</time>
   </trkpt>
   <trkpt lat="7.0356990" lon="125.4568240">
    <ele>190.6</ele>
    <time>2025-11-20T06:36:34Z</time>
   </trkpt>
   <trkpt lat="7.0357070" lon="125.4568100">
    <ele>190.5</ele>
    <time>2025-11-20T06:36:35Z</time>
   </trkpt>
   <trkpt lat="7.0357190" lon="125.4567900">
    <ele>190.4</ele>
    <time>2025-11-20T06:36:36Z</time>
   </trkpt>
   <trkpt lat="7.0357200" lon="125.4567780">
    <ele>190.4</ele>
    <time>2025-11-20T06:36:37Z</time>
   </trkpt>
   <trkpt lat="7.0357330" lon="125.4567620">
    <ele>190.3</ele>
    <time>2025-11-20T06:36:39Z</time>
   </trkpt>
   <trkpt lat="7.0357370" lon="125.4567540">
    <ele>190.3</ele>
    <time>2025-11-20T06:36:40Z</time>
   </trkpt>
   <trkpt lat="7.0357420" lon="125.4567470">
    <ele>190.3</ele>
    <time>2025-11-20T06:36:41Z</time>
   </trkpt>
   <trkpt lat="7.0357590" lon="125.4567310">
    <ele>190.2</ele>
    <time>2025-11-20T06:36:42Z</time>
   </trkpt>
   <trkpt lat="7.0357660" lon="125.4567280">
    <ele>190.2</ele>
    <time>2025-11-20T06:36:43Z</time>
   </trkpt>
   <trkpt lat="7.0357760" lon="125.4567220">
    <ele>190.2</ele>
    <time>2025-11-20T06:36:44Z</time>
   </trkpt>
   <trkpt lat="7.0357830" lon="125.4567090">
    <ele>190.1</ele>
    <time>2025-11-20T06:36:45Z</time>
   </trkpt>
   <trkpt lat="7.0357870" lon="125.4567070">
    <ele>190.1</ele>
    <time>2025-11-20T06:36:46Z</time>
   </trkpt>
   <trkpt lat="7.0357960" lon="125.4567070">
    <ele>190.1</ele>
    <time>2025-11-20T06:36:47Z</time>
   </trkpt>
   <trkpt lat="7.0358050" lon="125.4567050">
    <ele>190.1</ele>
    <time>2025-11-20T06:36:48Z</time>
   </trkpt>
   <trkpt lat="7.0358150" lon="125.4567020">
    <ele>190.1</ele>
    <time>2025-11-20T06:36:49Z</time>
   </trkpt>
   <trkpt lat="7.0358240" lon="125.4567000">
    <ele>190.1</ele>
    <time>2025-11-20T06:36:50Z</time>
   </trkpt>
   <trkpt lat="7.0358410" lon="125.4566950">
    <ele>190.1</ele>
    <time>2025-11-20T06:36:51Z</time>
   </trkpt>
   <trkpt lat="7.0358490" lon="125.4566930">
    <ele>190.1</ele>
    <time>2025-11-20T06:36:52Z</time>
   </trkpt>
   <trkpt lat="7.0358560" lon="125.4566910">
    <ele>190.1</ele>
    <time>2025-11-20T06:36:53Z</time>
   </trkpt>
   <trkpt lat="7.0358630" lon="125.4566890">
    <ele>190.1</ele>
    <time>2025-11-20T06:36:54Z</time>
   </trkpt>
   <trkpt lat="7.0358780" lon="125.4566700">
    <ele>190.1</ele>
    <time>2025-11-20T06:36:55Z</time>
   </trkpt>
   <trkpt lat="7.0358790" lon="125.4566600">
    <ele>190.1</ele>
    <time>2025-11-20T06:36:56Z</time>
   </trkpt>
   <trkpt lat="7.0358810" lon="125.4566500">
    <ele>190.1</ele>
    <time>2025-11-20T06:36:57Z</time>
   </trkpt>
   <trkpt lat="7.0358910" lon="125.4566300">
    <ele>190.2</ele>
    <time>2025-11-20T06:36:58Z</time>
   </trkpt>
   <trkpt lat="7.0358930" lon="125.4566180">
    <ele>190.2</ele>
    <time>2025-11-20T06:36:59Z</time>
   </trkpt>
   <trkpt lat="7.0358920" lon="125.4566110">
    <ele>190.2</ele>
    <time>2025-11-20T06:37:00Z</time>
   </trkpt>
   <trkpt lat="7.0358880" lon="125.4566090">
    <ele>190.2</ele>
    <time>2025-11-20T06:37:01Z</time>
   </trkpt>
   <trkpt lat="7.0358930" lon="125.4566070">
    <ele>190.2</ele>
    <time>2025-11-20T06:37:02Z</time>
   </trkpt>
   <trkpt lat="7.0358920" lon="125.4565880">
    <ele>190.2</ele>
    <time>2025-11-20T06:37:03Z</time>
   </trkpt>
   <trkpt lat="7.0358940" lon="125.4565970">
    <ele>190.2</ele>
    <time>2025-11-20T06:37:04Z</time>
   </trkpt>
   <trkpt lat="7.0358910" lon="125.4565900">
    <ele>190.2</ele>
    <time>2025-11-20T06:37:05Z</time>
   </trkpt>
   <trkpt lat="7.0358910" lon="125.4565720">
    <ele>190.3</ele>
    <time>2025-11-20T06:37:06Z</time>
   </trkpt>
   <trkpt lat="7.0359060" lon="125.4565610">
    <ele>190.3</ele>
    <time>2025-11-20T06:37:07Z</time>
   </trkpt>
   <trkpt lat="7.0359170" lon="125.4565520">
    <ele>190.3</ele>
    <time>2025-11-20T06:37:08Z</time>
   </trkpt>
   <trkpt lat="7.0359120" lon="125.4565340">
    <ele>190.3</ele>
    <time>2025-11-20T06:37:09Z</time>
   </trkpt>
   <trkpt lat="7.0359150" lon="125.4565330">
    <ele>190.3</ele>
    <time>2025-11-20T06:37:10Z</time>
   </trkpt>
   <trkpt lat="7.0359280" lon="125.4565270">
    <ele>190.3</ele>
    <time>2025-11-20T06:37:11Z</time>
   </trkpt>
   <trkpt lat="7.0359460" lon="125.4565270">
    <ele>190.4</ele>
    <time>2025-11-20T06:37:12Z</time>
   </trkpt>
   <trkpt lat="7.0359570" lon="125.4565310">
    <ele>190.4</ele>
    <time>2025-11-20T06:37:13Z</time>
   </trkpt>
   <trkpt lat="7.0359660" lon="125.4565320">
    <ele>190.4</ele>
    <time>2025-11-20T06:37:14Z</time>
   </trkpt>
   <trkpt lat="7.0359770" lon="125.4565330">
    <ele>190.4</ele>
    <time>2025-11-20T06:37:15Z</time>
   </trkpt>
   <trkpt lat="7.0359900" lon="125.4565340">
    <ele>190.4</ele>
    <time>2025-11-20T06:37:16Z</time>
   </trkpt>
   <trkpt lat="7.0360010" lon="125.4565440">
    <ele>190.4</ele>
    <time>2025-11-20T06:37:17Z</time>
   </trkpt>
   <trkpt lat="7.0360020" lon="125.4565560">
    <ele>190.4</ele>
    <time>2025-11-20T06:37:18Z</time>
   </trkpt>
   <trkpt lat="7.0360030" lon="125.4565500">
    <ele>190.5</ele>
    <time>2025-11-20T06:37:19Z</time>
   </trkpt>
   <trkpt lat="7.0360040" lon="125.4565440">
    <ele>190.5</ele>
    <time>2025-11-20T06:37:20Z</time>
   </trkpt>
   <trkpt lat="7.0360060" lon="125.4565300">
    <ele>190.7</ele>
    <time>2025-11-20T06:37:21Z</time>
   </trkpt>
   <trkpt lat="7.0360100" lon="125.4565270">
    <ele>190.7</ele>
    <time>2025-11-20T06:37:22Z</time>
   </trkpt>
   <trkpt lat="7.0360080" lon="125.4565200">
    <ele>190.8</ele>
    <time>2025-11-20T06:37:23Z</time>
   </trkpt>
   <trkpt lat="7.0360100" lon="125.4565060">
    <ele>190.9</ele>
    <time>2025-11-20T06:37:24Z</time>
   </trkpt>
   <trkpt lat="7.0360120" lon="125.4564960">
    <ele>191.1</ele>
    <time>2025-11-20T06:37:25Z</time>
   </trkpt>
   <trkpt lat="7.0360170" lon="125.4564960">
    <ele>191.1</ele>
    <time>2025-11-20T06:37:26Z</time>
   </trkpt>
   <trkpt lat="7.0360210" lon="125.4564930">
    <ele>191.2</ele>
    <time>2025-11-20T06:37:27Z</time>
   </trkpt>
   <trkpt lat="7.0360230" lon="125.4564900">
    <ele>191.2</ele>
    <time>2025-11-20T06:37:28Z</time>
   </trkpt>
   <trkpt lat="7.0360300" lon="125.4564820">
    <ele>191.3</ele>
    <time>2025-11-20T06:37:29Z</time>
   </trkpt>
   <trkpt lat="7.0360400" lon="125.4564830">
    <ele>191.4</ele>
    <time>2025-11-20T06:37:30Z</time>
   </trkpt>
   <trkpt lat="7.0360530" lon="125.4564780">
    <ele>191.5</ele>
    <time>2025-11-20T06:37:31Z</time>
   </trkpt>
   <trkpt lat="7.0360610" lon="125.4564770">
    <ele>191.6</ele>
    <time>2025-11-20T06:37:32Z</time>
   </trkpt>
   <trkpt lat="7.0360700" lon="125.4564810">
    <ele>191.9</ele>
    <time>2025-11-20T06:37:33Z</time>
   </trkpt>
   <trkpt lat="7.0360790" lon="125.4564800">
    <ele>192.0</ele>
    <time>2025-11-20T06:37:34Z</time>
   </trkpt>
   <trkpt lat="7.0360860" lon="125.4564830">
    <ele>192.2</ele>
    <time>2025-11-20T06:37:35Z</time>
   </trkpt>
   <trkpt lat="7.0361000" lon="125.4564820">
    <ele>192.5</ele>
    <time>2025-11-20T06:37:36Z</time>
   </trkpt>
   <trkpt lat="7.0361080" lon="125.4564890">
    <ele>192.7</ele>
    <time>2025-11-20T06:37:37Z</time>
   </trkpt>
   <trkpt lat="7.0361170" lon="125.4564950">
    <ele>192.9</ele>
    <time>2025-11-20T06:37:38Z</time>
   </trkpt>
   <trkpt lat="7.0361230" lon="125.4564950">
    <ele>193.0</ele>
    <time>2025-11-20T06:37:39Z</time>
   </trkpt>
   <trkpt lat="7.0361340" lon="125.4564940">
    <ele>193.2</ele>
    <time>2025-11-20T06:37:40Z</time>
   </trkpt>
   <trkpt lat="7.0361440" lon="125.4565000">
    <ele>193.4</ele>
    <time>2025-11-20T06:37:41Z</time>
   </trkpt>
   <trkpt lat="7.0361520" lon="125.4565020">
    <ele>193.6</ele>
    <time>2025-11-20T06:37:42Z</time>
   </trkpt>
   <trkpt lat="7.0361590" lon="125.4565070">
    <ele>193.8</ele>
    <time>2025-11-20T06:37:43Z</time>
   </trkpt>
   <trkpt lat="7.0361630" lon="125.4565120">
    <ele>193.9</ele>
    <time>2025-11-20T06:37:44Z</time>
   </trkpt>
   <trkpt lat="7.0361730" lon="125.4565340">
    <ele>194.3</ele>
    <time>2025-11-20T06:37:45Z</time>
   </trkpt>
   <trkpt lat="7.0361800" lon="125.4565480">
    <ele>194.6</ele>
    <time>2025-11-20T06:37:46Z</time>
   </trkpt>
   <trkpt lat="7.0361850" lon="125.4565530">
    <ele>194.8</ele>
    <time>2025-11-20T06:37:47Z</time>
   </trkpt>
   <trkpt lat="7.0361890" lon="125.4565590">
    <ele>194.9</ele>
    <time>2025-11-20T06:37:48Z</time>
   </trkpt>
   <trkpt lat="7.0361940" lon="125.4565650">
    <ele>195.1</ele>
    <time>2025-11-20T06:37:49Z</time>
   </trkpt>
   <trkpt lat="7.0362010" lon="125.4565690">
    <ele>195.2</ele>
    <time>2025-11-20T06:37:50Z</time>
   </trkpt>
   <trkpt lat="7.0362090" lon="125.4565730">
    <ele>195.4</ele>
    <time>2025-11-20T06:37:51Z</time>
   </trkpt>
   <trkpt lat="7.0362190" lon="125.4565780">
    <ele>195.6</ele>
    <time>2025-11-20T06:37:52Z</time>
   </trkpt>
   <trkpt lat="7.0362330" lon="125.4565880">
    <ele>196.0</ele>
    <time>2025-11-20T06:37:53Z</time>
   </trkpt>
   <trkpt lat="7.0362400" lon="125.4565910">
    <ele>196.1</ele>
    <time>2025-11-20T06:37:54Z</time>
   </trkpt>
   <trkpt lat="7.0362450" lon="125.4566020">
    <ele>196.4</ele>
    <time>2025-11-20T06:37:55Z</time>
   </trkpt>
   <trkpt lat="7.0362540" lon="125.4566080">
    <ele>196.6</ele>
    <time>2025-11-20T06:37:56Z</time>
   </trkpt>
   <trkpt lat="7.0362710" lon="125.4566180">
    <ele>197.0</ele>
    <time>2025-11-20T06:37:57Z</time>
   </trkpt>
   <trkpt lat="7.0362730" lon="125.4566200">
    <ele>197.0</ele>
    <time>2025-11-20T06:37:58Z</time>
   </trkpt>
   <trkpt lat="7.0362790" lon="125.4566240">
    <ele>197.2</ele>
    <time>2025-11-20T06:37:59Z</time>
   </trkpt>
   <trkpt lat="7.0362850" lon="125.4566300">
    <ele>197.3</ele>
    <time>2025-11-20T06:38:00Z</time>
   </trkpt>
   <trkpt lat="7.0363000" lon="125.4566370">
    <ele>197.7</ele>
    <time>2025-11-20T06:38:01Z</time>
   </trkpt>
   <trkpt lat="7.0363200" lon="125.4566530">
    <ele>198.2</ele>
    <time>2025-11-20T06:38:02Z</time>
   </trkpt>
   <trkpt lat="7.0363270" lon="125.4566550">
    <ele>198.3</ele>
    <time>2025-11-20T06:38:03Z</time>
   </trkpt>
   <trkpt lat="7.0363350" lon="125.4566580">
    <ele>198.5</ele>
    <time>2025-11-20T06:38:04Z</time>
   </trkpt>
   <trkpt lat="7.0363420" lon="125.4566630">
    <ele>198.7</ele>
    <time>2025-11-20T06:38:05Z</time>
   </trkpt>
   <trkpt lat="7.0363470" lon="125.4566630">
    <ele>198.8</ele>
    <time>2025-11-20T06:38:06Z</time>
   </trkpt>
   <trkpt lat="7.0363550" lon="125.4566650">
    <ele>199.0</ele>
    <time>2025-11-20T06:38:07Z</time>
   </trkpt>
   <trkpt lat="7.0363670" lon="125.4566650">
    <ele>199.2</ele>
    <time>2025-11-20T06:38:08Z</time>
   </trkpt>
   <trkpt lat="7.0363700" lon="125.4566640">
    <ele>199.3</ele>
    <time>2025-11-20T06:38:09Z</time>
   </trkpt>
   <trkpt lat="7.0363820" lon="125.4566650">
    <ele>199.5</ele>
    <time>2025-11-20T06:38:10Z</time>
   </trkpt>
   <trkpt lat="7.0363960" lon="125.4566660">
    <ele>199.9</ele>
    <time>2025-11-20T06:38:11Z</time>
   </trkpt>
   <trkpt lat="7.0364090" lon="125.4566690">
    <ele>200.2</ele>
    <time>2025-11-20T06:38:12Z</time>
   </trkpt>
   <trkpt lat="7.0364070" lon="125.4566710">
    <ele>200.2</ele>
    <time>2025-11-20T06:38:13Z</time>
   </trkpt>
   <trkpt lat="7.0364220" lon="125.4566720">
    <ele>200.6</ele>
    <time>2025-11-20T06:38:14Z</time>
   </trkpt>
   <trkpt lat="7.0364300" lon="125.4566720">
    <ele>200.7</ele>
    <time>2025-11-20T06:38:15Z</time>
   </trkpt>
   <trkpt lat="7.0364340" lon="125.4566670">
    <ele>200.9</ele>
    <time>2025-11-20T06:38:16Z</time>
   </trkpt>
   <trkpt lat="7.0364300" lon="125.4566630">
    <ele>201.0</ele>
    <time>2025-11-20T06:38:17Z</time>
   </trkpt>
   <trkpt lat="7.0364260" lon="125.4566600">
    <ele>201.1</ele>
    <time>2025-11-20T06:38:18Z</time>
   </trkpt>
   <trkpt lat="7.0364220" lon="125.4566570">
    <ele>201.2</ele>
    <time>2025-11-20T06:38:19Z</time>
   </trkpt>
   <trkpt lat="7.0364190" lon="125.4566530">
    <ele>201.4</ele>
    <time>2025-11-20T06:38:20Z</time>
   </trkpt>
   <trkpt lat="7.0364150" lon="125.4566500">
    <ele>201.5</ele>
    <time>2025-11-20T06:38:21Z</time>
   </trkpt>
   <trkpt lat="7.0364110" lon="125.4566470">
    <ele>201.6</ele>
    <time>2025-11-20T06:38:22Z</time>
   </trkpt>
   <trkpt lat="7.0364070" lon="125.4566430">
    <ele>201.7</ele>
    <time>2025-11-20T06:38:23Z</time>
   </trkpt>
   <trkpt lat="7.0364030" lon="125.4566400">
    <ele>201.9</ele>
    <time>2025-11-20T06:38:24Z</time>
   </trkpt>
   <trkpt lat="7.0363930" lon="125.4566400">
    <ele>202.1</ele>
    <time>2025-11-20T06:38:25Z</time>
   </trkpt>
   <trkpt lat="7.0363910" lon="125.4566430">
    <ele>202.2</ele>
    <time>2025-11-20T06:38:26Z</time>
   </trkpt>
   <trkpt lat="7.0363900" lon="125.4566450">
    <ele>202.2</ele>
    <time>2025-11-20T06:38:27Z</time>
   </trkpt>
   <trkpt lat="7.0363890" lon="125.4566480">
    <ele>202.3</ele>
    <time>2025-11-20T06:38:28Z</time>
   </trkpt>
   <trkpt lat="7.0363880" lon="125.4566510">
    <ele>202.4</ele>
    <time>2025-11-20T06:38:29Z</time>
   </trkpt>
   <trkpt lat="7.0363860" lon="125.4566540">
    <ele>202.5</ele>
    <time>2025-11-20T06:38:30Z</time>
   </trkpt>
   <trkpt lat="7.0363850" lon="125.4566570">
    <ele>202.6</ele>
    <time>2025-11-20T06:38:31Z</time>
   </trkpt>
   <trkpt lat="7.0363840" lon="125.4566590">
    <ele>202.6</ele>
    <time>2025-11-20T06:38:32Z</time>
   </trkpt>
   <trkpt lat="7.0363820" lon="125.4566620">
    <ele>202.7</ele>
    <time>2025-11-20T06:38:33Z</time>
   </trkpt>
   <trkpt lat="7.0363810" lon="125.4566650">
    <ele>202.8</ele>
    <time>2025-11-20T06:38:34Z</time>
   </trkpt>
   <trkpt lat="7.0363800" lon="125.4566680">
    <ele>202.9</ele>
    <time>2025-11-20T06:38:35Z</time>
   </trkpt>
   <trkpt lat="7.0363790" lon="125.4566700">
    <ele>202.9</ele>
    <time>2025-11-20T06:38:36Z</time>
   </trkpt>
   <trkpt lat="7.0363770" lon="125.4566730">
    <ele>203.0</ele>
    <time>2025-11-20T06:38:37Z</time>
   </trkpt>
   <trkpt lat="7.0363760" lon="125.4566760">
    <ele>203.1</ele>
    <time>2025-11-20T06:38:38Z</time>
   </trkpt>
   <trkpt lat="7.0363960" lon="125.4566730">
    <ele>203.6</ele>
    <time>2025-11-20T06:38:39Z</time>
   </trkpt>
   <trkpt lat="7.0364120" lon="125.4566720">
    <ele>204.0</ele>
    <time>2025-11-20T06:38:40Z</time>
   </trkpt>
   <trkpt lat="7.0364240" lon="125.4566770">
    <ele>204.4</ele>
    <time>2025-11-20T06:38:41Z</time>
   </trkpt>
   <trkpt lat="7.0364330" lon="125.4566750">
    <ele>204.6</ele>
    <time>2025-11-20T06:38:42Z</time>
   </trkpt>
   <trkpt lat="7.0364440" lon="125.4566760">
    <ele>204.9</ele>
    <time>2025-11-20T06:38:43Z</time>
   </trkpt>
   <trkpt lat="7.0364430" lon="125.4566770">
    <ele>204.9</ele>
    <time>2025-11-20T06:38:44Z</time>
   </trkpt>
   <trkpt lat="7.0364440" lon="125.4566770">
    <ele>205.0</ele>
    <time>2025-11-20T06:38:45Z</time>
   </trkpt>
   <trkpt lat="7.0364450" lon="125.4566760">
    <ele>205.0</ele>
    <time>2025-11-20T06:38:46Z</time>
   </trkpt>
   <trkpt lat="7.0364460" lon="125.4566760">
    <ele>205.0</ele>
    <time>2025-11-20T06:38:47Z</time>
   </trkpt>
   <trkpt lat="7.0364470" lon="125.4566750">
    <ele>205.1</ele>
    <time>2025-11-20T06:38:48Z</time>
   </trkpt>
   <trkpt lat="7.0364480" lon="125.4566750">
    <ele>205.1</ele>
    <time>2025-11-20T06:38:49Z</time>
   </trkpt>
   <trkpt lat="7.0364490" lon="125.4566740">
    <ele>205.1</ele>
    <time>2025-11-20T06:38:50Z</time>
   </trkpt>
   <trkpt lat="7.0364500" lon="125.4566740">
    <ele>205.1</ele>
    <time>2025-11-20T06:38:51Z</time>
   </trkpt>
   <trkpt lat="7.0364510" lon="125.4566730">
    <ele>205.2</ele>
    <time>2025-11-20T06:38:52Z</time>
   </trkpt>
   <trkpt lat="7.0364520" lon="125.4566730">
    <ele>205.2</ele>
    <time>2025-11-20T06:38:53Z</time>
   </trkpt>
   <trkpt lat="7.0364530" lon="125.4566720">
    <ele>205.2</ele>
    <time>2025-11-20T06:38:54Z</time>
   </trkpt>
   <trkpt lat="7.0364540" lon="125.4566720">
    <ele>205.3</ele>
    <time>2025-11-20T06:38:55Z</time>
   </trkpt>
   <trkpt lat="7.0364550" lon="125.4566710">
    <ele>205.3</ele>
    <time>2025-11-20T06:38:56Z</time>
   </trkpt>
   <trkpt lat="7.0364560" lon="125.4566700">
    <ele>205.3</ele>
    <time>2025-11-20T06:38:57Z</time>
   </trkpt>
   <trkpt lat="7.0364570" lon="125.4566700">
    <ele>205.4</ele>
    <time>2025-11-20T06:38:58Z</time>
   </trkpt>
   <trkpt lat="7.0364580" lon="125.4566690">
    <ele>205.4</ele>
    <time>2025-11-20T06:38:59Z</time>
   </trkpt>
   <trkpt lat="7.0364590" lon="125.4566690">
    <ele>205.4</ele>
    <time>2025-11-20T06:39:00Z</time>
   </trkpt>
   <trkpt lat="7.0364600" lon="125.4566680">
    <ele>205.5</ele>
    <time>2025-11-20T06:39:01Z</time>
   </trkpt>
   <trkpt lat="7.0364610" lon="125.4566680">
    <ele>205.5</ele>
    <time>2025-11-20T06:39:02Z</time>
   </trkpt>
   <trkpt lat="7.0364620" lon="125.4566670">
    <ele>205.5</ele>
    <time>2025-11-20T06:39:03Z</time>
   </trkpt>
   <trkpt lat="7.0364630" lon="125.4566670">
    <ele>205.6</ele>
    <time>2025-11-20T06:39:04Z</time>
   </trkpt>
   <trkpt lat="7.0364640" lon="125.4566660">
    <ele>205.6</ele>
    <time>2025-11-20T06:39:05Z</time>
   </trkpt>
   <trkpt lat="7.0364650" lon="125.4566660">
    <ele>205.6</ele>
    <time>2025-11-20T06:39:06Z</time>
   </trkpt>
   <trkpt lat="7.0364660" lon="125.4566650">
    <ele>205.7</ele>
    <time>2025-11-20T06:39:07Z</time>
   </trkpt>
   <trkpt lat="7.0364670" lon="125.4566640">
    <ele>205.7</ele>
    <time>2025-11-20T06:39:08Z</time>
   </trkpt>
   <trkpt lat="7.0364680" lon="125.4566640">
    <ele>205.7</ele>
    <time>2025-11-20T06:39:09Z</time>
   </trkpt>
   <trkpt lat="7.0364690" lon="125.4566630">
    <ele>205.8</ele>
    <time>2025-11-20T06:39:10Z</time>
   </trkpt>
   <trkpt lat="7.0364700" lon="125.4566630">
    <ele>205.8</ele>
    <time>2025-11-20T06:39:11Z</time>
   </trkpt>
   <trkpt lat="7.0364710" lon="125.4566620">
    <ele>205.8</ele>
    <time>2025-11-20T06:39:12Z</time>
   </trkpt>
   <trkpt lat="7.0364720" lon="125.4566620">
    <ele>205.8</ele>
    <time>2025-11-20T06:39:13Z</time>
   </trkpt>
   <trkpt lat="7.0364730" lon="125.4566610">
    <ele>205.9</ele>
    <time>2025-11-20T06:39:14Z</time>
   </trkpt>
   <trkpt lat="7.0364740" lon="125.4566610">
    <ele>205.9</ele>
    <time>2025-11-20T06:39:15Z</time>
   </trkpt>
   <trkpt lat="7.0364750" lon="125.4566600">
    <ele>205.9</ele>
    <time>2025-11-20T06:39:16Z</time>
   </trkpt>
   <trkpt lat="7.0364760" lon="125.4566600">
    <ele>206.0</ele>
    <time>2025-11-20T06:39:17Z</time>
   </trkpt>
   <trkpt lat="7.0364770" lon="125.4566590">
    <ele>206.0</ele>
    <time>2025-11-20T06:39:18Z</time>
   </trkpt>
   <trkpt lat="7.0364780" lon="125.4566590">
    <ele>206.0</ele>
    <time>2025-11-20T06:39:19Z</time>
   </trkpt>
   <trkpt lat="7.0364790" lon="125.4566580">
    <ele>206.1</ele>
    <time>2025-11-20T06:39:20Z</time>
   </trkpt>
   <trkpt lat="7.0364960" lon="125.4566510">
    <ele>206.5</ele>
    <time>2025-11-20T06:39:21Z</time>
   </trkpt>
   <trkpt lat="7.0365030" lon="125.4566540">
    <ele>206.7</ele>
    <time>2025-11-20T06:39:22Z</time>
   </trkpt>
   <trkpt lat="7.0365080" lon="125.4566390">
    <ele>207.1</ele>
    <time>2025-11-20T06:39:23Z</time>
   </trkpt>
   <trkpt lat="7.0365260" lon="125.4566370">
    <ele>207.6</ele>
    <time>2025-11-20T06:39:24Z</time>
   </trkpt>
   <trkpt lat="7.0365340" lon="125.4566370">
    <ele>207.8</ele>
    <time>2025-11-20T06:39:25Z</time>
   </trkpt>
   <trkpt lat="7.0365410" lon="125.4566360">
    <ele>208.0</ele>
    <time>2025-11-20T06:39:26Z</time>
   </trkpt>
   <trkpt lat="7.0365480" lon="125.4566360">
    <ele>208.1</ele>
    <time>2025-11-20T06:39:27Z</time>
   </trkpt>
   <trkpt lat="7.0365590" lon="125.4566360">
    <ele>208.4</ele>
    <time>2025-11-20T06:39:28Z</time>
   </trkpt>
   <trkpt lat="7.0365710" lon="125.4566350">
    <ele>208.7</ele>
    <time>2025-11-20T06:39:29Z</time>
   </trkpt>
   <trkpt lat="7.0365790" lon="125.4566380">
    <ele>208.9</ele>
    <time>2025-11-20T06:39:30Z</time>
   </trkpt>
   <trkpt lat="7.0365950" lon="125.4566430">
    <ele>209.3</ele>
    <time>2025-11-20T06:39:31Z</time>
   </trkpt>
   <trkpt lat="7.0366100" lon="125.4566490">
    <ele>209.6</ele>
    <time>2025-11-20T06:39:32Z</time>
   </trkpt>
   <trkpt lat="7.0366300" lon="125.4566530">
    <ele>210.1</ele>
    <time>2025-11-20T06:39:33Z</time>
   </trkpt>
   <trkpt lat="7.0366390" lon="125.4566530">
    <ele>210.3</ele>
    <time>2025-11-20T06:39:34Z</time>
   </trkpt>
   <trkpt lat="7.0366470" lon="125.4566530">
    <ele>210.4</ele>
    <time>2025-11-20T06:39:35Z</time>
   </trkpt>
   <trkpt lat="7.0366580" lon="125.4566530">
    <ele>210.7</ele>
    <time>2025-11-20T06:39:36Z</time>
   </trkpt>
   <trkpt lat="7.0366600" lon="125.4566530">
    <ele>210.7</ele>
    <time>2025-11-20T06:39:37Z</time>
   </trkpt>
   <trkpt lat="7.0366800" lon="125.4566460">
    <ele>211.1</ele>
    <time>2025-11-20T06:39:38Z</time>
   </trkpt>
   <trkpt lat="7.0366920" lon="125.4566420">
    <ele>211.3</ele>
    <time>2025-11-20T06:39:39Z</time>
   </trkpt>
   <trkpt lat="7.0367010" lon="125.4566400">
    <ele>211.5</ele>
    <time>2025-11-20T06:39:40Z</time>
   </trkpt>
   <trkpt lat="7.0367120" lon="125.4566320">
    <ele>211.8</ele>
    <time>2025-11-20T06:39:41Z</time>
   </trkpt>
   <trkpt lat="7.0367190" lon="125.4566270">
    <ele>211.9</ele>
    <time>2025-11-20T06:39:42Z</time>
   </trkpt>
   <trkpt lat="7.0367280" lon="125.4566250">
    <ele>212.1</ele>
    <time>2025-11-20T06:39:43Z</time>
   </trkpt>
   <trkpt lat="7.0367330" lon="125.4566200">
    <ele>212.2</ele>
    <time>2025-11-20T06:39:44Z</time>
   </trkpt>
   <trkpt lat="7.0367450" lon="125.4566160">
    <ele>212.4</ele>
    <time>2025-11-20T06:39:45Z</time>
   </trkpt>
   <trkpt lat="7.0367540" lon="125.4566190">
    <ele>212.6</ele>
    <time>2025-11-20T06:39:46Z</time>
   </trkpt>
   <trkpt lat="7.0367730" lon="125.4566130">
    <ele>212.9</ele>
    <time>2025-11-20T06:39:47Z</time>
   </trkpt>
   <trkpt lat="7.0367770" lon="125.4566170">
    <ele>213.0</ele>
    <time>2025-11-20T06:39:48Z</time>
   </trkpt>
   <trkpt lat="7.0367890" lon="125.4566150">
    <ele>213.2</ele>
    <time>2025-11-20T06:39:49Z</time>
   </trkpt>
   <trkpt lat="7.0367920" lon="125.4566150">
    <ele>213.2</ele>
    <time>2025-11-20T06:39:50Z</time>
   </trkpt>
   <trkpt lat="7.0368020" lon="125.4566170">
    <ele>213.4</ele>
    <time>2025-11-20T06:39:51Z</time>
   </trkpt>
   <trkpt lat="7.0368220" lon="125.4566130">
    <ele>213.7</ele>
    <time>2025-11-20T06:39:52Z</time>
   </trkpt>
   <trkpt lat="7.0368290" lon="125.4566120">
    <ele>213.8</ele>
    <time>2025-11-20T06:39:53Z</time>
   </trkpt>
   <trkpt lat="7.0368490" lon="125.4566210">
    <ele>214.1</ele>
    <time>2025-11-20T06:39:54Z</time>
   </trkpt>
   <trkpt lat="7.0368580" lon="125.4566250">
    <ele>214.2</ele>
    <time>2025-11-20T06:39:55Z</time>
   </trkpt>
   <trkpt lat="7.0368660" lon="125.4566300">
    <ele>214.3</ele>
    <time>2025-11-20T06:39:56Z</time>
   </trkpt>
   <trkpt lat="7.0368940" lon="125.4566330">
    <ele>214.7</ele>
    <time>2025-11-20T06:39:57Z</time>
   </trkpt>
   <trkpt lat="7.0369040" lon="125.4566360">
    <ele>214.9</ele>
    <time>2025-11-20T06:39:58Z</time>
   </trkpt>
   <trkpt lat="7.0369130" lon="125.4566390">
    <ele>215.0</ele>
    <time>2025-11-20T06:39:59Z</time>
   </trkpt>
   <trkpt lat="7.0369240" lon="125.4566350">
    <ele>215.1</ele>
    <time>2025-11-20T06:40:00Z</time>
   </trkpt>
   <trkpt lat="7.0369390" lon="125.4566320">
    <ele>215.3</ele>
    <time>2025-11-20T06:40:01Z</time>
   </trkpt>
   <trkpt lat="7.0369490" lon="125.4566360">
    <ele>215.4</ele>
    <time>2025-11-20T06:40:02Z</time>
   </trkpt>
   <trkpt lat="7.0369630" lon="125.4566390">
    <ele>215.6</ele>
    <time>2025-11-20T06:40:03Z</time>
   </trkpt>
   <trkpt lat="7.0369730" lon="125.4566440">
    <ele>215.7</ele>
    <time>2025-11-20T06:40:04Z</time>
   </trkpt>
   <trkpt lat="7.0369870" lon="125.4566450">
    <ele>215.8</ele>
    <time>2025-11-20T06:40:05Z</time>
   </trkpt>
   <trkpt lat="7.0369940" lon="125.4566480">
    <ele>215.9</ele>
    <time>2025-11-20T06:40:06Z</time>
   </trkpt>
   <trkpt lat="7.0370010" lon="125.4566550">
    <ele>216.0</ele>
    <time>2025-11-20T06:40:07Z</time>
   </trkpt>
   <trkpt lat="7.0370040" lon="125.4566580">
    <ele>216.1</ele>
    <time>2025-11-20T06:40:08Z</time>
   </trkpt>
   <trkpt lat="7.0370060" lon="125.4566590">
    <ele>216.1</ele>
    <time>2025-11-20T06:40:09Z</time>
   </trkpt>
   <trkpt lat="7.0370060" lon="125.4566600">
    <ele>216.1</ele>
    <time>2025-11-20T06:40:10Z</time>
   </trkpt>
   <trkpt lat="7.0369990" lon="125.4566600">
    <ele>216.2</ele>
    <time>2025-11-20T06:40:11Z</time>
   </trkpt>
   <trkpt lat="7.0369910" lon="125.4566570">
    <ele>216.3</ele>
    <time>2025-11-20T06:40:12Z</time>
   </trkpt>
   <trkpt lat="7.0369800" lon="125.4566540">
    <ele>216.4</ele>
    <time>2025-11-20T06:40:13Z</time>
   </trkpt>
   <trkpt lat="7.0369690" lon="125.4566540">
    <ele>216.5</ele>
    <time>2025-11-20T06:40:14Z</time>
   </trkpt>
   <trkpt lat="7.0369610" lon="125.4566570">
    <ele>216.6</ele>
    <time>2025-11-20T06:40:15Z</time>
   </trkpt>
   <trkpt lat="7.0369520" lon="125.4566570">
    <ele>216.6</ele>
    <time>2025-11-20T06:40:16Z</time>
   </trkpt>
   <trkpt lat="7.0369430" lon="125.4566570">
    <ele>216.7</ele>
    <time>2025-11-20T06:40:17Z</time>
   </trkpt>
   <trkpt lat="7.0369380" lon="125.4566560">
    <ele>216.8</ele>
    <time>2025-11-20T06:40:18Z</time>
   </trkpt>
   <trkpt lat="7.0369370" lon="125.4566560">
    <ele>216.8</ele>
    <time>2025-11-20T06:40:19Z</time>
   </trkpt>
   <trkpt lat="7.0369370" lon="125.4566570">
    <ele>216.8</ele>
    <time>2025-11-20T06:40:20Z</time>
   </trkpt>
   <trkpt lat="7.0369370" lon="125.4566570">
    <ele>216.8</ele>
    <time>2025-11-20T06:40:21Z</time>
   </trkpt>
   <trkpt lat="7.0369370" lon="125.4566570">
    <ele>216.8</ele>
    <time>2025-11-20T06:40:22Z</time>
   </trkpt>
   <trkpt lat="7.0369410" lon="125.4566610">
    <ele>216.8</ele>
    <time>2025-11-20T06:40:23Z</time>
   </trkpt>
   <trkpt lat="7.0369470" lon="125.4566600">
    <ele>216.9</ele>
    <time>2025-11-20T06:40:24Z</time>
   </trkpt>
   <trkpt lat="7.0369510" lon="125.4566580">
    <ele>216.9</ele>
    <time>2025-11-20T06:40:25Z</time>
   </trkpt>
   <trkpt lat="7.0369540" lon="125.4566590">
    <ele>217.0</ele>
    <time>2025-11-20T06:40:26Z</time>
   </trkpt>
   <trkpt lat="7.0369610" lon="125.4566570">
    <ele>217.0</ele>
    <time>2025-11-20T06:40:27Z</time>
   </trkpt>
   <trkpt lat="7.0369630" lon="125.4566560">
    <ele>217.1</ele>
    <time>2025-11-20T06:40:28Z</time>
   </trkpt>
   <trkpt lat="7.0369640" lon="125.4566580">
    <ele>217.1</ele>
    <time>2025-11-20T06:40:29Z</time>
   </trkpt>
   <trkpt lat="7.0369650" lon="125.4566580">
    <ele>217.1</ele>
    <time>2025-11-20T06:40:30Z</time>
   </trkpt>
   <trkpt lat="7.0369720" lon="125.4566580">
    <ele>217.1</ele>
    <time>2025-11-20T06:40:31Z</time>
   </trkpt>
   <trkpt lat="7.0369770" lon="125.4566570">
    <ele>217.2</ele>
    <time>2025-11-20T06:40:32Z</time>
   </trkpt>
   <trkpt lat="7.0369780" lon="125.4566530">
    <ele>217.2</ele>
    <time>2025-11-20T06:40:33Z</time>
   </trkpt>
   <trkpt lat="7.0369720" lon="125.4566510">
    <ele>217.3</ele>
    <time>2025-11-20T06:40:34Z</time>
   </trkpt>
   <trkpt lat="7.0369670" lon="125.4566540">
    <ele>217.3</ele>
    <time>2025-11-20T06:40:35Z</time>
   </trkpt>
   <trkpt lat="7.0369610" lon="125.4566550">
    <ele>217.4</ele>
    <time>2025-11-20T06:40:36Z</time>
   </trkpt>
   <trkpt lat="7.0369540" lon="125.4566540">
    <ele>217.4</ele>
    <time>2025-11-20T06:40:37Z</time>
   </trkpt>
   <trkpt lat="7.0369500" lon="125.4566550">
    <ele>217.5</ele>
    <time>2025-11-20T06:40:38Z</time>
   </trkpt>
   <trkpt lat="7.0369540" lon="125.4566540">
    <ele>217.5</ele>
    <time>2025-11-20T06:40:39Z</time>
   </trkpt>
   <trkpt lat="7.0369530" lon="125.4566540">
    <ele>217.5</ele>
    <time>2025-11-20T06:40:40Z</time>
   </trkpt>
   <trkpt lat="7.0369530" lon="125.4566530">
    <ele>217.5</ele>
    <time>2025-11-20T06:40:41Z</time>
   </trkpt>
   <trkpt lat="7.0369510" lon="125.4566500">
    <ele>217.6</ele>
    <time>2025-11-20T06:40:42Z</time>
   </trkpt>
   <trkpt lat="7.0369460" lon="125.4566480">
    <ele>217.6</ele>
    <time>2025-11-20T06:40:43Z</time>
   </trkpt>
   <trkpt lat="7.0369460" lon="125.4566490">
    <ele>217.6</ele>
    <time>2025-11-20T06:40:44Z</time>
   </trkpt>
   <trkpt lat="7.0369440" lon="125.4566540">
    <ele>217.6</ele>
    <time>2025-11-20T06:40:45Z</time>
   </trkpt>
   <trkpt lat="7.0369440" lon="125.4566580">
    <ele>217.7</ele>
    <time>2025-11-20T06:40:46Z</time>
   </trkpt>
   <trkpt lat="7.0369450" lon="125.4566610">
    <ele>217.7</ele>
    <time>2025-11-20T06:40:47Z</time>
   </trkpt>
   <trkpt lat="7.0369420" lon="125.4566580">
    <ele>217.7</ele>
    <time>2025-11-20T06:40:48Z</time>
   </trkpt>
   <trkpt lat="7.0369410" lon="125.4566590">
    <ele>217.8</ele>
    <time>2025-11-20T06:40:49Z</time>
   </trkpt>
   <trkpt lat="7.0369430" lon="125.4566580">
    <ele>217.8</ele>
    <time>2025-11-20T06:40:50Z</time>
   </trkpt>
   <trkpt lat="7.0369430" lon="125.4566600">
    <ele>217.8</ele>
    <time>2025-11-20T06:40:51Z</time>
   </trkpt>
   <trkpt lat="7.0369410" lon="125.4566570">
    <ele>217.8</ele>
    <time>2025-11-20T06:40:52Z</time>
   </trkpt>
   <trkpt lat="7.0369390" lon="125.4566580">
    <ele>217.8</ele>
    <time>2025-11-20T06:40:53Z</time>
   </trkpt>
   <trkpt lat="7.0369370" lon="125.4566600">
    <ele>217.9</ele>
    <time>2025-11-20T06:40:54Z</time>
   </trkpt>
   <trkpt lat="7.0369400" lon="125.4566610">
    <ele>217.9</ele>
    <time>2025-11-20T06:40:55Z</time>
   </trkpt>
   <trkpt lat="7.0369430" lon="125.4566600">
    <ele>217.9</ele>
    <time>2025-11-20T06:40:56Z</time>
   </trkpt>
   <trkpt lat="7.0369380" lon="125.4566600">
    <ele>217.9</ele>
    <time>2025-11-20T06:40:57Z</time>
   </trkpt>
   <trkpt lat="7.0369410" lon="125.4566600">
    <ele>218.0</ele>
    <time>2025-11-20T06:40:58Z</time>
   </trkpt>
   <trkpt lat="7.0369460" lon="125.4566550">
    <ele>218.0</ele>
    <time>2025-11-20T06:40:59Z</time>
   </trkpt>
   <trkpt lat="7.0369580" lon="125.4566540">
    <ele>218.1</ele>
    <time>2025-11-20T06:41:01Z</time>
   </trkpt>
   <trkpt lat="7.0369740" lon="125.4566490">
    <ele>218.3</ele>
    <time>2025-11-20T06:41:02Z</time>
   </trkpt>
   <trkpt lat="7.0369880" lon="125.4566410">
    <ele>218.4</ele>
    <time>2025-11-20T06:41:03Z</time>
   </trkpt>
   <trkpt lat="7.0369900" lon="125.4566420">
    <ele>218.4</ele>
    <time>2025-11-20T06:41:04Z</time>
   </trkpt>
   <trkpt lat="7.0369930" lon="125.4566420">
    <ele>218.4</ele>
    <time>2025-11-20T06:41:05Z</time>
   </trkpt>
   <trkpt lat="7.0369950" lon="125.4566430">
    <ele>218.4</ele>
    <time>2025-11-20T06:41:06Z</time>
   </trkpt>
   <trkpt lat="7.0369980" lon="125.4566430">
    <ele>218.5</ele>
    <time>2025-11-20T06:41:07Z</time>
   </trkpt>
   <trkpt lat="7.0370000" lon="125.4566440">
    <ele>218.5</ele>
    <time>2025-11-20T06:41:08Z</time>
   </trkpt>
   <trkpt lat="7.0370030" lon="125.4566440">
    <ele>218.5</ele>
    <time>2025-11-20T06:41:09Z</time>
   </trkpt>
   <trkpt lat="7.0370050" lon="125.4566450">
    <ele>218.5</ele>
    <time>2025-11-20T06:41:10Z</time>
   </trkpt>
   <trkpt lat="7.0370080" lon="125.4566450">
    <ele>218.6</ele>
    <time>2025-11-20T06:41:11Z</time>
   </trkpt>
   <trkpt lat="7.0370100" lon="125.4566460">
    <ele>218.6</ele>
    <time>2025-11-20T06:41:12Z</time>
   </trkpt>
   <trkpt lat="7.0370130" lon="125.4566460">
    <ele>218.6</ele>
    <time>2025-11-20T06:41:13Z</time>
   </trkpt>
   <trkpt lat="7.0370180" lon="125.4566460">
    <ele>218.6</ele>
    <time>2025-11-20T06:41:14Z</time>
   </trkpt>
   <trkpt lat="7.0370100" lon="125.4566480">
    <ele>218.6</ele>
    <time>2025-11-20T06:41:15Z</time>
   </trkpt>
   <trkpt lat="7.0370030" lon="125.4566520">
    <ele>218.6</ele>
    <time>2025-11-20T06:41:16Z</time>
   </trkpt>
   <trkpt lat="7.0369940" lon="125.4566530">
    <ele>218.7</ele>
    <time>2025-11-20T06:41:17Z</time>
   </trkpt>
   <trkpt lat="7.0369940" lon="125.4566540">
    <ele>218.7</ele>
    <time>2025-11-20T06:41:18Z</time>
   </trkpt>
   <trkpt lat="7.0369940" lon="125.4566540">
    <ele>218.7</ele>
    <time>2025-11-20T06:41:19Z</time>
   </trkpt>
   <trkpt lat="7.0369940" lon="125.4566540">
    <ele>218.7</ele>
    <time>2025-11-20T06:41:20Z</time>
   </trkpt>
   <trkpt lat="7.0369810" lon="125.4566510">
    <ele>218.7</ele>
    <time>2025-11-20T06:41:21Z</time>
   </trkpt>
   <trkpt lat="7.0369780" lon="125.4566520">
    <ele>218.7</ele>
    <time>2025-11-20T06:41:22Z</time>
   </trkpt>
   <trkpt lat="7.0369730" lon="125.4566520">
    <ele>218.7</ele>
    <time>2025-11-20T06:41:23Z</time>
   </trkpt>
   <trkpt lat="7.0369670" lon="125.4566500">
    <ele>218.7</ele>
    <time>2025-11-20T06:41:24Z</time>
   </trkpt>
   <trkpt lat="7.0369630" lon="125.4566460">
    <ele>218.7</ele>
    <time>2025-11-20T06:41:25Z</time>
   </trkpt>
   <trkpt lat="7.0369620" lon="125.4566510">
    <ele>218.7</ele>
    <time>2025-11-20T06:41:26Z</time>
   </trkpt>
   <trkpt lat="7.0369590" lon="125.4566540">
    <ele>218.7</ele>
    <time>2025-11-20T06:41:27Z</time>
   </trkpt>
   <trkpt lat="7.0369580" lon="125.4566580">
    <ele>218.8</ele>
    <time>2025-11-20T06:41:28Z</time>
   </trkpt>
   <trkpt lat="7.0369560" lon="125.4566590">
    <ele>218.8</ele>
    <time>2025-11-20T06:41:29Z</time>
   </trkpt>
   <trkpt lat="7.0369520" lon="125.4566610">
    <ele>218.8</ele>
    <time>2025-11-20T06:41:30Z</time>
   </trkpt>
   <trkpt lat="7.0369460" lon="125.4566640">
    <ele>218.8</ele>
    <time>2025-11-20T06:41:31Z</time>
   </trkpt>
   <trkpt lat="7.0369430" lon="125.4566600">
    <ele>218.8</ele>
    <time>2025-11-20T06:41:32Z</time>
   </trkpt>
   <trkpt lat="7.0369420" lon="125.4566610">
    <ele>218.8</ele>
    <time>2025-11-20T06:41:33Z</time>
   </trkpt>
   <trkpt lat="7.0369410" lon="125.4566620">
    <ele>218.8</ele>
    <time>2025-11-20T06:41:34Z</time>
   </trkpt>
   <trkpt lat="7.0369410" lon="125.4566620">
    <ele>218.8</ele>
    <time>2025-11-20T06:41:35Z</time>
   </trkpt>
   <trkpt lat="7.0369420" lon="125.4566600">
    <ele>218.8</ele>
    <time>2025-11-20T06:41:36Z</time>
   </trkpt>
   <trkpt lat="7.0369410" lon="125.4566580">
    <ele>218.8</ele>
    <time>2025-11-20T06:41:37Z</time>
   </trkpt>
   <trkpt lat="7.0369350" lon="125.4566570">
    <ele>218.8</ele>
    <time>2025-11-20T06:41:38Z</time>
   </trkpt>
   <trkpt lat="7.0369380" lon="125.4566490">
    <ele>218.8</ele>
    <time>2025-11-20T06:41:39Z</time>
   </trkpt>
   <trkpt lat="7.0369390" lon="125.4566370">
    <ele>218.9</ele>
    <time>2025-11-20T06:41:40Z</time>
   </trkpt>
   <trkpt lat="7.0369390" lon="125.4566300">
    <ele>218.9</ele>
    <time>2025-11-20T06:41:41Z</time>
   </trkpt>
   <trkpt lat="7.0369420" lon="125.4566360">
    <ele>218.9</ele>
    <time>2025-11-20T06:41:42Z</time>
   </trkpt>
   <trkpt lat="7.0369430" lon="125.4566250">
    <ele>218.9</ele>
    <time>2025-11-20T06:41:43Z</time>
   </trkpt>
   <trkpt lat="7.0369430" lon="125.4566310">
    <ele>218.9</ele>
    <time>2025-11-20T06:41:44Z</time>
   </trkpt>
   <trkpt lat="7.0369430" lon="125.4566320">
    <ele>218.9</ele>
    <time>2025-11-20T06:41:45Z</time>
   </trkpt>
   <trkpt lat="7.0369430" lon="125.4566320">
    <ele>218.9</ele>
    <time>2025-11-20T06:41:46Z</time>
   </trkpt>
   <trkpt lat="7.0369430" lon="125.4566320">
    <ele>218.9</ele>
    <time>2025-11-20T06:41:47Z</time>
   </trkpt>
   <trkpt lat="7.0369430" lon="125.4566320">
    <ele>218.9</ele>
    <time>2025-11-20T06:41:48Z</time>
   </trkpt>
   <trkpt lat="7.0369430" lon="125.4566320">
    <ele>218.9</ele>
    <time>2025-11-20T06:41:49Z</time>
   </trkpt>
   <trkpt lat="7.0369430" lon="125.4566320">
    <ele>218.9</ele>
    <time>2025-11-20T06:41:50Z</time>
   </trkpt>
   <trkpt lat="7.0369490" lon="125.4566210">
    <ele>219.0</ele>
    <time>2025-11-20T06:41:51Z</time>
   </trkpt>
   <trkpt lat="7.0369520" lon="125.4566130">
    <ele>219.0</ele>
    <time>2025-11-20T06:41:52Z</time>
   </trkpt>
   <trkpt lat="7.0369580" lon="125.4566080">
    <ele>219.0</ele>
    <time>2025-11-20T06:41:53Z</time>
   </trkpt>
   <trkpt lat="7.0369660" lon="125.4566000">
    <ele>219.0</ele>
    <time>2025-11-20T06:41:54Z</time>
   </trkpt>
   <trkpt lat="7.0369640" lon="125.4565900">
    <ele>219.0</ele>
    <time>2025-11-20T06:41:55Z</time>
   </trkpt>
   <trkpt lat="7.0369700" lon="125.4565800">
    <ele>219.1</ele>
    <time>2025-11-20T06:41:56Z</time>
   </trkpt>
   <trkpt lat="7.0369710" lon="125.4565560">
    <ele>219.1</ele>
    <time>2025-11-20T06:41:57Z</time>
   </trkpt>
   <trkpt lat="7.0369680" lon="125.4565530">
    <ele>219.1</ele>
    <time>2025-11-20T06:41:58Z</time>
   </trkpt>
   <trkpt lat="7.0369660" lon="125.4565450">
    <ele>219.1</ele>
    <time>2025-11-20T06:41:59Z</time>
   </trkpt>
   <trkpt lat="7.0369610" lon="125.4565280">
    <ele>219.2</ele>
    <time>2025-11-20T06:42:00Z</time>
   </trkpt>
   <trkpt lat="7.0369590" lon="125.4565180">
    <ele>219.2</ele>
    <time>2025-11-20T06:42:01Z</time>
   </trkpt>
   <trkpt lat="7.0369560" lon="125.4565090">
    <ele>219.2</ele>
    <time>2025-11-20T06:42:02Z</time>
   </trkpt>
   <trkpt lat="7.0369600" lon="125.4564950">
    <ele>219.2</ele>
    <time>2025-11-20T06:42:03Z</time>
   </trkpt>
   <trkpt lat="7.0369650" lon="125.4564790">
    <ele>219.3</ele>
    <time>2025-11-20T06:42:04Z</time>
   </trkpt>
   <trkpt lat="7.0369800" lon="125.4564640">
    <ele>219.3</ele>
    <time>2025-11-20T06:42:05Z</time>
   </trkpt>
   <trkpt lat="7.0369840" lon="125.4564550">
    <ele>219.3</ele>
    <time>2025-11-20T06:42:06Z</time>
   </trkpt>
   <trkpt lat="7.0369870" lon="125.4564470">
    <ele>219.3</ele>
    <time>2025-11-20T06:42:07Z</time>
   </trkpt>
   <trkpt lat="7.0369850" lon="125.4564390">
    <ele>219.3</ele>
    <time>2025-11-20T06:42:08Z</time>
   </trkpt>
   <trkpt lat="7.0369870" lon="125.4564240">
    <ele>219.4</ele>
    <time>2025-11-20T06:42:09Z</time>
   </trkpt>
   <trkpt lat="7.0369840" lon="125.4564110">
    <ele>219.4</ele>
    <time>2025-11-20T06:42:10Z</time>
   </trkpt>
   <trkpt lat="7.0369780" lon="125.4563950">
    <ele>219.4</ele>
    <time>2025-11-20T06:42:11Z</time>
   </trkpt>
   <trkpt lat="7.0369700" lon="125.4563830">
    <ele>219.4</ele>
    <time>2025-11-20T06:42:12Z</time>
   </trkpt>
   <trkpt lat="7.0369720" lon="125.4563660">
    <ele>219.5</ele>
    <time>2025-11-20T06:42:13Z</time>
   </trkpt>
   <trkpt lat="7.0369700" lon="125.4563520">
    <ele>219.5</ele>
    <time>2025-11-20T06:42:14Z</time>
   </trkpt>
   <trkpt lat="7.0369740" lon="125.4563420">
    <ele>219.5</ele>
    <time>2025-11-20T06:42:15Z</time>
   </trkpt>
   <trkpt lat="7.0369780" lon="125.4563260">
    <ele>219.5</ele>
    <time>2025-11-20T06:42:16Z</time>
   </trkpt>
   <trkpt lat="7.0369860" lon="125.4563050">
    <ele>219.6</ele>
    <time>2025-11-20T06:42:17Z</time>
   </trkpt>
   <trkpt lat="7.0369900" lon="125.4562980">
    <ele>219.6</ele>
    <time>2025-11-20T06:42:18Z</time>
   </trkpt>
   <trkpt lat="7.0369940" lon="125.4562910">
    <ele>219.6</ele>
    <time>2025-11-20T06:42:19Z</time>
   </trkpt>
   <trkpt lat="7.0369920" lon="125.4562820">
    <ele>219.7</ele>
    <time>2025-11-20T06:42:20Z</time>
   </trkpt>
   <trkpt lat="7.0369920" lon="125.4562680">
    <ele>219.7</ele>
    <time>2025-11-20T06:42:21Z</time>
   </trkpt>
   <trkpt lat="7.0369990" lon="125.4562570">
    <ele>219.8</ele>
    <time>2025-11-20T06:42:22Z</time>
   </trkpt>
   <trkpt lat="7.0370140" lon="125.4562520">
    <ele>219.9</ele>
    <time>2025-11-20T06:42:23Z</time>
   </trkpt>
   <trkpt lat="7.0370240" lon="125.4562440">
    <ele>219.9</ele>
    <time>2025-11-20T06:42:24Z</time>
   </trkpt>
   <trkpt lat="7.0370270" lon="125.4562240">
    <ele>220.0</ele>
    <time>2025-11-20T06:42:25Z</time>
   </trkpt>
   <trkpt lat="7.0370300" lon="125.4562160">
    <ele>220.1</ele>
    <time>2025-11-20T06:42:26Z</time>
   </trkpt>
   <trkpt lat="7.0370330" lon="125.4562080">
    <ele>220.1</ele>
    <time>2025-11-20T06:42:27Z</time>
   </trkpt>
   <trkpt lat="7.0370390" lon="125.4561980">
    <ele>220.2</ele>
    <time>2025-11-20T06:42:28Z</time>
   </trkpt>
   <trkpt lat="7.0370470" lon="125.4561940">
    <ele>220.2</ele>
    <time>2025-11-20T06:42:29Z</time>
   </trkpt>
   <trkpt lat="7.0370530" lon="125.4561870">
    <ele>220.2</ele>
    <time>2025-11-20T06:42:30Z</time>
   </trkpt>
   <trkpt lat="7.0370570" lon="125.4561770">
    <ele>220.3</ele>
    <time>2025-11-20T06:42:31Z</time>
   </trkpt>
   <trkpt lat="7.0370620" lon="125.4561660">
    <ele>220.4</ele>
    <time>2025-11-20T06:42:32Z</time>
   </trkpt>
   <trkpt lat="7.0370690" lon="125.4561590">
    <ele>220.4</ele>
    <time>2025-11-20T06:42:33Z</time>
   </trkpt>
   <trkpt lat="7.0370730" lon="125.4561500">
    <ele>220.4</ele>
    <time>2025-11-20T06:42:34Z</time>
   </trkpt>
   <trkpt lat="7.0370760" lon="125.4561440">
    <ele>220.5</ele>
    <time>2025-11-20T06:42:35Z</time>
   </trkpt>
   <trkpt lat="7.0370770" lon="125.4561350">
    <ele>220.5</ele>
    <time>2025-11-20T06:42:36Z</time>
   </trkpt>
   <trkpt lat="7.0370810" lon="125.4561250">
    <ele>220.6</ele>
    <time>2025-11-20T06:42:37Z</time>
   </trkpt>
   <trkpt lat="7.0370850" lon="125.4561150">
    <ele>220.6</ele>
    <time>2025-11-20T06:42:38Z</time>
   </trkpt>
   <trkpt lat="7.0370910" lon="125.4561070">
    <ele>220.6</ele>
    <time>2025-11-20T06:42:39Z</time>
   </trkpt>
   <trkpt lat="7.0370990" lon="125.4560980">
    <ele>220.7</ele>
    <time>2025-11-20T06:42:40Z</time>
   </trkpt>
   <trkpt lat="7.0371020" lon="125.4560870">
    <ele>220.7</ele>
    <time>2025-11-20T06:42:41Z</time>
   </trkpt>
   <trkpt lat="7.0371080" lon="125.4560760">
    <ele>220.8</ele>
    <time>2025-11-20T06:42:42Z</time>
   </trkpt>
   <trkpt lat="7.0371100" lon="125.4560630">
    <ele>220.8</ele>
    <time>2025-11-20T06:42:43Z</time>
   </trkpt>
   <trkpt lat="7.0371140" lon="125.4560540">
    <ele>220.8</ele>
    <time>2025-11-20T06:42:44Z</time>
   </trkpt>
   <trkpt lat="7.0371190" lon="125.4560450">
    <ele>220.9</ele>
    <time>2025-11-20T06:42:45Z</time>
   </trkpt>
   <trkpt lat="7.0371210" lon="125.4560300">
    <ele>220.9</ele>
    <time>2025-11-20T06:42:46Z</time>
   </trkpt>
   <trkpt lat="7.0371200" lon="125.4560100">
    <ele>221.0</ele>
    <time>2025-11-20T06:42:47Z</time>
   </trkpt>
   <trkpt lat="7.0371220" lon="125.4560010">
    <ele>221.0</ele>
    <time>2025-11-20T06:42:48Z</time>
   </trkpt>
   <trkpt lat="7.0371230" lon="125.4559920">
    <ele>221.0</ele>
    <time>2025-11-20T06:42:49Z</time>
   </trkpt>
   <trkpt lat="7.0371270" lon="125.4559840">
    <ele>221.1</ele>
    <time>2025-11-20T06:42:50Z</time>
   </trkpt>
   <trkpt lat="7.0371310" lon="125.4559720">
    <ele>221.1</ele>
    <time>2025-11-20T06:42:51Z</time>
   </trkpt>
   <trkpt lat="7.0371350" lon="125.4559620">
    <ele>221.1</ele>
    <time>2025-11-20T06:42:52Z</time>
   </trkpt>
   <trkpt lat="7.0371360" lon="125.4559530">
    <ele>221.2</ele>
    <time>2025-11-20T06:42:53Z</time>
   </trkpt>
   <trkpt lat="7.0371410" lon="125.4559400">
    <ele>221.2</ele>
    <time>2025-11-20T06:42:54Z</time>
   </trkpt>
   <trkpt lat="7.0371440" lon="125.4559310">
    <ele>221.2</ele>
    <time>2025-11-20T06:42:55Z</time>
   </trkpt>
   <trkpt lat="7.0371530" lon="125.4559130">
    <ele>221.3</ele>
    <time>2025-11-20T06:42:56Z</time>
   </trkpt>
   <trkpt lat="7.0371570" lon="125.4559050">
    <ele>221.3</ele>
    <time>2025-11-20T06:42:57Z</time>
   </trkpt>
   <trkpt lat="7.0371600" lon="125.4558980">
    <ele>221.3</ele>
    <time>2025-11-20T06:42:58Z</time>
   </trkpt>
   <trkpt lat="7.0371530" lon="125.4558850">
    <ele>221.3</ele>
    <time>2025-11-20T06:42:59Z</time>
   </trkpt>
   <trkpt lat="7.0371560" lon="125.4558760">
    <ele>221.4</ele>
    <time>2025-11-20T06:43:00Z</time>
   </trkpt>
   <trkpt lat="7.0371600" lon="125.4558670">
    <ele>221.4</ele>
    <time>2025-11-20T06:43:01Z</time>
   </trkpt>
   <trkpt lat="7.0371620" lon="125.4558590">
    <ele>221.4</ele>
    <time>2025-11-20T06:43:02Z</time>
   </trkpt>
   <trkpt lat="7.0371670" lon="125.4558480">
    <ele>221.4</ele>
    <time>2025-11-20T06:43:03Z</time>
   </trkpt>
   <trkpt lat="7.0371690" lon="125.4558370">
    <ele>221.4</ele>
    <time>2025-11-20T06:43:04Z</time>
   </trkpt>
   <trkpt lat="7.0371680" lon="125.4558240">
    <ele>221.5</ele>
    <time>2025-11-20T06:43:05Z</time>
   </trkpt>
   <trkpt lat="7.0371690" lon="125.4558130">
    <ele>221.5</ele>
    <time>2025-11-20T06:43:06Z</time>
   </trkpt>
   <trkpt lat="7.0371690" lon="125.4558100">
    <ele>221.5</ele>
    <time>2025-11-20T06:43:07Z</time>
   </trkpt>
   <trkpt lat="7.0371710" lon="125.4557990">
    <ele>221.5</ele>
    <time>2025-11-20T06:43:08Z</time>
   </trkpt>
   <trkpt lat="7.0371720" lon="125.4557810">
    <ele>221.6</ele>
    <time>2025-11-20T06:43:09Z</time>
   </trkpt>
   <trkpt lat="7.0371760" lon="125.4557750">
    <ele>221.6</ele>
    <time>2025-11-20T06:43:10Z</time>
   </trkpt>
   <trkpt lat="7.0371770" lon="125.4557650">
    <ele>221.6</ele>
    <time>2025-11-20T06:43:11Z</time>
   </trkpt>
   <trkpt lat="7.0371790" lon="125.4557500">
    <ele>221.6</ele>
    <time>2025-11-20T06:43:12Z</time>
   </trkpt>
   <trkpt lat="7.0371770" lon="125.4557380">
    <ele>221.6</ele>
    <time>2025-11-20T06:43:13Z</time>
   </trkpt>
   <trkpt lat="7.0371800" lon="125.4557290">
    <ele>221.7</ele>
    <time>2025-11-20T06:43:14Z</time>
   </trkpt>
   <trkpt lat="7.0371840" lon="125.4557150">
    <ele>221.7</ele>
    <time>2025-11-20T06:43:15Z</time>
   </trkpt>
   <trkpt lat="7.0371850" lon="125.4557000">
    <ele>221.7</ele>
    <time>2025-11-20T06:43:16Z</time>
   </trkpt>
   <trkpt lat="7.0371900" lon="125.4556840">
    <ele>221.8</ele>
    <time>2025-11-20T06:43:17Z</time>
   </trkpt>
   <trkpt lat="7.0371890" lon="125.4556800">
    <ele>221.8</ele>
    <time>2025-11-20T06:43:18Z</time>
   </trkpt>
   <trkpt lat="7.0371810" lon="125.4556660">
    <ele>221.8</ele>
    <time>2025-11-20T06:43:19Z</time>
   </trkpt>
   <trkpt lat="7.0371750" lon="125.4556540">
    <ele>221.9</ele>
    <time>2025-11-20T06:43:20Z</time>
   </trkpt>
   <trkpt lat="7.0371730" lon="125.4556390">
    <ele>221.9</ele>
    <time>2025-11-20T06:43:21Z</time>
   </trkpt>
   <trkpt lat="7.0371760" lon="125.4556320">
    <ele>221.9</ele>
    <time>2025-11-20T06:43:22Z</time>
   </trkpt>
   <trkpt lat="7.0371760" lon="125.4556210">
    <ele>221.9</ele>
    <time>2025-11-20T06:43:23Z</time>
   </trkpt>
   <trkpt lat="7.0371780" lon="125.4556070">
    <ele>222.0</ele>
    <time>2025-11-20T06:43:24Z</time>
   </trkpt>
   <trkpt lat="7.0371780" lon="125.4555950">
    <ele>222.0</ele>
    <time>2025-11-20T06:43:25Z</time>
   </trkpt>
   <trkpt lat="7.0371810" lon="125.4555850">
    <ele>222.1</ele>
    <time>2025-11-20T06:43:26Z</time>
   </trkpt>
   <trkpt lat="7.0371800" lon="125.4555650">
    <ele>222.2</ele>
    <time>2025-11-20T06:43:27Z</time>
   </trkpt>
   <trkpt lat="7.0371790" lon="125.4555560">
    <ele>222.3</ele>
    <time>2025-11-20T06:43:28Z</time>
   </trkpt>
   <trkpt lat="7.0371790" lon="125.4555480">
    <ele>222.3</ele>
    <time>2025-11-20T06:43:29Z</time>
   </trkpt>
   <trkpt lat="7.0371850" lon="125.4555270">
    <ele>222.4</ele>
    <time>2025-11-20T06:43:30Z</time>
   </trkpt>
   <trkpt lat="7.0371870" lon="125.4555180">
    <ele>222.5</ele>
    <time>2025-11-20T06:43:31Z</time>
   </trkpt>
   <trkpt lat="7.0371900" lon="125.4555090">
    <ele>222.6</ele>
    <time>2025-11-20T06:43:32Z</time>
   </trkpt>
   <trkpt lat="7.0371860" lon="125.4555000">
    <ele>222.6</ele>
    <time>2025-11-20T06:43:33Z</time>
   </trkpt>
   <trkpt lat="7.0371920" lon="125.4554920">
    <ele>222.7</ele>
    <time>2025-11-20T06:43:34Z</time>
   </trkpt>
   <trkpt lat="7.0371950" lon="125.4554810">
    <ele>222.8</ele>
    <time>2025-11-20T06:43:35Z</time>
   </trkpt>
   <trkpt lat="7.0371970" lon="125.4554720">
    <ele>222.8</ele>
    <time>2025-11-20T06:43:36Z</time>
   </trkpt>
   <trkpt lat="7.0371980" lon="125.4554640">
    <ele>222.9</ele>
    <time>2025-11-20T06:43:37Z</time>
   </trkpt>
   <trkpt lat="7.0371950" lon="125.4554510">
    <ele>223.0</ele>
    <time>2025-11-20T06:43:38Z</time>
   </trkpt>
   <trkpt lat="7.0371970" lon="125.4554370">
    <ele>223.1</ele>
    <time>2025-11-20T06:43:39Z</time>
   </trkpt>
   <trkpt lat="7.0371980" lon="125.4554280">
    <ele>223.2</ele>
    <time>2025-11-20T06:43:40Z</time>
   </trkpt>
   <trkpt lat="7.0371960" lon="125.4554150">
    <ele>223.3</ele>
    <time>2025-11-20T06:43:41Z</time>
   </trkpt>
   <trkpt lat="7.0371980" lon="125.4554040">
    <ele>223.4</ele>
    <time>2025-11-20T06:43:42Z</time>
   </trkpt>
   <trkpt lat="7.0372000" lon="125.4553930">
    <ele>223.5</ele>
    <time>2025-11-20T06:43:43Z</time>
   </trkpt>
   <trkpt lat="7.0371990" lon="125.4553830">
    <ele>223.6</ele>
    <time>2025-11-20T06:43:44Z</time>
   </trkpt>
   <trkpt lat="7.0371970" lon="125.4553640">
    <ele>223.8</ele>
    <time>2025-11-20T06:43:45Z</time>
   </trkpt>
   <trkpt lat="7.0371960" lon="125.4553530">
    <ele>223.9</ele>
    <time>2025-11-20T06:43:46Z</time>
   </trkpt>
   <trkpt lat="7.0371940" lon="125.4553420">
    <ele>224.0</ele>
    <time>2025-11-20T06:43:47Z</time>
   </trkpt>
   <trkpt lat="7.0372050" lon="125.4553270">
    <ele>224.2</ele>
    <time>2025-11-20T06:43:48Z</time>
   </trkpt>
   <trkpt lat="7.0372090" lon="125.4553180">
    <ele>224.3</ele>
    <time>2025-11-20T06:43:49Z</time>
   </trkpt>
   <trkpt lat="7.0372120" lon="125.4553090">
    <ele>224.4</ele>
    <time>2025-11-20T06:43:50Z</time>
   </trkpt>
   <trkpt lat="7.0372120" lon="125.4553040">
    <ele>224.5</ele>
    <time>2025-11-20T06:43:51Z</time>
   </trkpt>
   <trkpt lat="7.0372130" lon="125.4552880">
    <ele>224.6</ele>
    <time>2025-11-20T06:43:52Z</time>
   </trkpt>
   <trkpt lat="7.0372170" lon="125.4552750">
    <ele>224.8</ele>
    <time>2025-11-20T06:43:53Z</time>
   </trkpt>
   <trkpt lat="7.0372190" lon="125.4552610">
    <ele>224.9</ele>
    <time>2025-11-20T06:43:54Z</time>
   </trkpt>
   <trkpt lat="7.0372240" lon="125.4552540">
    <ele>225.0</ele>
    <time>2025-11-20T06:43:55Z</time>
   </trkpt>
   <trkpt lat="7.0372310" lon="125.4552420">
    <ele>225.1</ele>
    <time>2025-11-20T06:43:56Z</time>
   </trkpt>
   <trkpt lat="7.0372320" lon="125.4552290">
    <ele>225.3</ele>
    <time>2025-11-20T06:43:57Z</time>
   </trkpt>
   <trkpt lat="7.0372340" lon="125.4552190">
    <ele>225.4</ele>
    <time>2025-11-20T06:43:58Z</time>
   </trkpt>
   <trkpt lat="7.0372350" lon="125.4552100">
    <ele>225.4</ele>
    <time>2025-11-20T06:43:59Z</time>
   </trkpt>
   <trkpt lat="7.0372410" lon="125.4551880">
    <ele>225.7</ele>
    <time>2025-11-20T06:44:00Z</time>
   </trkpt>
   <trkpt lat="7.0372430" lon="125.4551780">
    <ele>225.8</ele>
    <time>2025-11-20T06:44:01Z</time>
   </trkpt>
   <trkpt lat="7.0372450" lon="125.4551680">
    <ele>225.9</ele>
    <time>2025-11-20T06:44:02Z</time>
   </trkpt>
   <trkpt lat="7.0372480" lon="125.4551560">
    <ele>226.0</ele>
    <time>2025-11-20T06:44:03Z</time>
   </trkpt>
   <trkpt lat="7.0372500" lon="125.4551470">
    <ele>226.1</ele>
    <time>2025-11-20T06:44:04Z</time>
   </trkpt>
   <trkpt lat="7.0372520" lon="125.4551370">
    <ele>226.2</ele>
    <time>2025-11-20T06:44:05Z</time>
   </trkpt>
   <trkpt lat="7.0372540" lon="125.4551280">
    <ele>226.2</ele>
    <time>2025-11-20T06:44:06Z</time>
   </trkpt>
   <trkpt lat="7.0372560" lon="125.4551190">
    <ele>226.3</ele>
    <time>2025-11-20T06:44:07Z</time>
   </trkpt>
   <trkpt lat="7.0372550" lon="125.4551040">
    <ele>226.5</ele>
    <time>2025-11-20T06:44:08Z</time>
   </trkpt>
   <trkpt lat="7.0372540" lon="125.4550940">
    <ele>226.6</ele>
    <time>2025-11-20T06:44:09Z</time>
   </trkpt>
   <trkpt lat="7.0372540" lon="125.4550820">
    <ele>226.7</ele>
    <time>2025-11-20T06:44:10Z</time>
   </trkpt>
   <trkpt lat="7.0372510" lon="125.4550730">
    <ele>226.7</ele>
    <time>2025-11-20T06:44:11Z</time>
   </trkpt>
   <trkpt lat="7.0372480" lon="125.4550600">
    <ele>226.9</ele>
    <time>2025-11-20T06:44:12Z</time>
   </trkpt>
   <trkpt lat="7.0372460" lon="125.4550520">
    <ele>226.9</ele>
    <time>2025-11-20T06:44:13Z</time>
   </trkpt>
   <trkpt lat="7.0372480" lon="125.4550390">
    <ele>227.1</ele>
    <time>2025-11-20T06:44:14Z</time>
   </trkpt>
   <trkpt lat="7.0372550" lon="125.4550280">
    <ele>227.2</ele>
    <time>2025-11-20T06:44:15Z</time>
   </trkpt>
   <trkpt lat="7.0372630" lon="125.4550140">
    <ele>227.3</ele>
    <time>2025-11-20T06:44:16Z</time>
   </trkpt>
   <trkpt lat="7.0372660" lon="125.4550070">
    <ele>227.4</ele>
    <time>2025-11-20T06:44:17Z</time>
   </trkpt>
   <trkpt lat="7.0372690" lon="125.4549960">
    <ele>227.5</ele>
    <time>2025-11-20T06:44:18Z</time>
   </trkpt>
   <trkpt lat="7.0372670" lon="125.4549870">
    <ele>227.5</ele>
    <time>2025-11-20T06:44:19Z</time>
   </trkpt>
   <trkpt lat="7.0372680" lon="125.4549820">
    <ele>227.6</ele>
    <time>2025-11-20T06:44:20Z</time>
   </trkpt>
   <trkpt lat="7.0372690" lon="125.4549660">
    <ele>227.7</ele>
    <time>2025-11-20T06:44:21Z</time>
   </trkpt>
   <trkpt lat="7.0372660" lon="125.4549670">
    <ele>227.7</ele>
    <time>2025-11-20T06:44:22Z</time>
   </trkpt>
   <trkpt lat="7.0372670" lon="125.4549490">
    <ele>227.9</ele>
    <time>2025-11-20T06:44:23Z</time>
   </trkpt>
   <trkpt lat="7.0372730" lon="125.4549430">
    <ele>227.9</ele>
    <time>2025-11-20T06:44:24Z</time>
   </trkpt>
   <trkpt lat="7.0372800" lon="125.4549320">
    <ele>228.0</ele>
    <time>2025-11-20T06:44:25Z</time>
   </trkpt>
   <trkpt lat="7.0372840" lon="125.4549280">
    <ele>228.1</ele>
    <time>2025-11-20T06:44:26Z</time>
   </trkpt>
   <trkpt lat="7.0372880" lon="125.4549160">
    <ele>228.1</ele>
    <time>2025-11-20T06:44:27Z</time>
   </trkpt>
   <trkpt lat="7.0372890" lon="125.4549020">
    <ele>228.2</ele>
    <time>2025-11-20T06:44:28Z</time>
   </trkpt>
   <trkpt lat="7.0372930" lon="125.4548880">
    <ele>228.3</ele>
    <time>2025-11-20T06:44:29Z</time>
   </trkpt>
   <trkpt lat="7.0372950" lon="125.4548700">
    <ele>228.5</ele>
    <time>2025-11-20T06:44:30Z</time>
   </trkpt>
   <trkpt lat="7.0372960" lon="125.4548560">
    <ele>228.6</ele>
    <time>2025-11-20T06:44:31Z</time>
   </trkpt>
   <trkpt lat="7.0372980" lon="125.4548480">
    <ele>228.6</ele>
    <time>2025-11-20T06:44:32Z</time>
   </trkpt>
   <trkpt lat="7.0372990" lon="125.4548410">
    <ele>228.7</ele>
    <time>2025-11-20T06:44:33Z</time>
   </trkpt>
   <trkpt lat="7.0373010" lon="125.4548330">
    <ele>228.7</ele>
    <time>2025-11-20T06:44:34Z</time>
   </trkpt>
   <trkpt lat="7.0373020" lon="125.4548210">
    <ele>228.8</ele>
    <time>2025-11-20T06:44:35Z</time>
   </trkpt>
   <trkpt lat="7.0373050" lon="125.4548090">
    <ele>228.9</ele>
    <time>2025-11-20T06:44:36Z</time>
   </trkpt>
   <trkpt lat="7.0373050" lon="125.4547980">
    <ele>228.9</ele>
    <time>2025-11-20T06:44:37Z</time>
   </trkpt>
   <trkpt lat="7.0373000" lon="125.4547830">
    <ele>229.0</ele>
    <time>2025-11-20T06:44:38Z</time>
   </trkpt>
   <trkpt lat="7.0373020" lon="125.4547790">
    <ele>229.1</ele>
    <time>2025-11-20T06:44:39Z</time>
   </trkpt>
   <trkpt lat="7.0373000" lon="125.4547690">
    <ele>229.1</ele>
    <time>2025-11-20T06:44:40Z</time>
   </trkpt>
   <trkpt lat="7.0373000" lon="125.4547550">
    <ele>229.2</ele>
    <time>2025-11-20T06:44:41Z</time>
   </trkpt>
   <trkpt lat="7.0373020" lon="125.4547480">
    <ele>229.3</ele>
    <time>2025-11-20T06:44:42Z</time>
   </trkpt>
   <trkpt lat="7.0373040" lon="125.4547370">
    <ele>229.3</ele>
    <time>2025-11-20T06:44:43Z</time>
   </trkpt>
   <trkpt lat="7.0373060" lon="125.4547220">
    <ele>229.4</ele>
    <time>2025-11-20T06:44:44Z</time>
   </trkpt>
   <trkpt lat="7.0373080" lon="125.4547150">
    <ele>229.4</ele>
    <time>2025-11-20T06:44:45Z</time>
   </trkpt>
   <trkpt lat="7.0373080" lon="125.4547040">
    <ele>229.5</ele>
    <time>2025-11-20T06:44:46Z</time>
   </trkpt>
   <trkpt lat="7.0373140" lon="125.4546910">
    <ele>229.6</ele>
    <time>2025-11-20T06:44:47Z</time>
   </trkpt>
   <trkpt lat="7.0373220" lon="125.4546790">
    <ele>229.7</ele>
    <time>2025-11-20T06:44:48Z</time>
   </trkpt>
   <trkpt lat="7.0373330" lon="125.4546650">
    <ele>229.8</ele>
    <time>2025-11-20T06:44:49Z</time>
   </trkpt>
   <trkpt lat="7.0373350" lon="125.4546620">
    <ele>229.8</ele>
    <time>2025-11-20T06:44:50Z</time>
   </trkpt>
   <trkpt lat="7.0373370" lon="125.4546510">
    <ele>229.8</ele>
    <time>2025-11-20T06:44:51Z</time>
   </trkpt>
   <trkpt lat="7.0373410" lon="125.4546320">
    <ele>229.9</ele>
    <time>2025-11-20T06:44:52Z</time>
   </trkpt>
   <trkpt lat="7.0373410" lon="125.4546220">
    <ele>229.9</ele>
    <time>2025-11-20T06:44:53Z</time>
   </trkpt>
   <trkpt lat="7.0373420" lon="125.4546110">
    <ele>230.0</ele>
    <time>2025-11-20T06:44:54Z</time>
   </trkpt>
   <trkpt lat="7.0373430" lon="125.4546050">
    <ele>230.0</ele>
    <time>2025-11-20T06:44:55Z</time>
   </trkpt>
   <trkpt lat="7.0373450" lon="125.4545940">
    <ele>230.0</ele>
    <time>2025-11-20T06:44:56Z</time>
   </trkpt>
   <trkpt lat="7.0373470" lon="125.4545830">
    <ele>230.1</ele>
    <time>2025-11-20T06:44:57Z</time>
   </trkpt>
   <trkpt lat="7.0373510" lon="125.4545710">
    <ele>230.1</ele>
    <time>2025-11-20T06:44:58Z</time>
   </trkpt>
   <trkpt lat="7.0373540" lon="125.4545600">
    <ele>230.2</ele>
    <time>2025-11-20T06:44:59Z</time>
   </trkpt>
   <trkpt lat="7.0373580" lon="125.4545500">
    <ele>230.2</ele>
    <time>2025-11-20T06:45:00Z</time>
   </trkpt>
   <trkpt lat="7.0373640" lon="125.4545380">
    <ele>230.2</ele>
    <time>2025-11-20T06:45:01Z</time>
   </trkpt>
   <trkpt lat="7.0373670" lon="125.4545210">
    <ele>230.3</ele>
    <time>2025-11-20T06:45:02Z</time>
   </trkpt>
   <trkpt lat="7.0373680" lon="125.4545170">
    <ele>230.3</ele>
    <time>2025-11-20T06:45:03Z</time>
   </trkpt>
   <trkpt lat="7.0373720" lon="125.4545050">
    <ele>230.3</ele>
    <time>2025-11-20T06:45:04Z</time>
   </trkpt>
   <trkpt lat="7.0373770" lon="125.4544900">
    <ele>230.3</ele>
    <time>2025-11-20T06:45:05Z</time>
   </trkpt>
   <trkpt lat="7.0373780" lon="125.4544810">
    <ele>230.3</ele>
    <time>2025-11-20T06:45:06Z</time>
   </trkpt>
   <trkpt lat="7.0373790" lon="125.4544690">
    <ele>230.3</ele>
    <time>2025-11-20T06:45:07Z</time>
   </trkpt>
   <trkpt lat="7.0373760" lon="125.4544540">
    <ele>230.4</ele>
    <time>2025-11-20T06:45:08Z</time>
   </trkpt>
   <trkpt lat="7.0373740" lon="125.4544400">
    <ele>230.4</ele>
    <time>2025-11-20T06:45:09Z</time>
   </trkpt>
   <trkpt lat="7.0373730" lon="125.4544290">
    <ele>230.4</ele>
    <time>2025-11-20T06:45:10Z</time>
   </trkpt>
   <trkpt lat="7.0373710" lon="125.4544230">
    <ele>230.4</ele>
    <time>2025-11-20T06:45:11Z</time>
   </trkpt>
   <trkpt lat="7.0373610" lon="125.4544040">
    <ele>230.4</ele>
    <time>2025-11-20T06:45:12Z</time>
   </trkpt>
   <trkpt lat="7.0373530" lon="125.4543930">
    <ele>230.4</ele>
    <time>2025-11-20T06:45:13Z</time>
   </trkpt>
   <trkpt lat="7.0373490" lon="125.4543750">
    <ele>230.4</ele>
    <time>2025-11-20T06:45:14Z</time>
   </trkpt>
   <trkpt lat="7.0373490" lon="125.4543740">
    <ele>230.4</ele>
    <time>2025-11-20T06:45:15Z</time>
   </trkpt>
   <trkpt lat="7.0373430" lon="125.4543660">
    <ele>230.4</ele>
    <time>2025-11-20T06:45:16Z</time>
   </trkpt>
   <trkpt lat="7.0373390" lon="125.4543480">
    <ele>230.4</ele>
    <time>2025-11-20T06:45:17Z</time>
   </trkpt>
   <trkpt lat="7.0373380" lon="125.4543390">
    <ele>230.4</ele>
    <time>2025-11-20T06:45:18Z</time>
   </trkpt>
   <trkpt lat="7.0373380" lon="125.4543300">
    <ele>230.4</ele>
    <time>2025-11-20T06:45:19Z</time>
   </trkpt>
   <trkpt lat="7.0373420" lon="125.4543200">
    <ele>230.4</ele>
    <time>2025-11-20T06:45:20Z</time>
   </trkpt>
   <trkpt lat="7.0373490" lon="125.4543100">
    <ele>230.4</ele>
    <time>2025-11-20T06:45:21Z</time>
   </trkpt>
   <trkpt lat="7.0373510" lon="125.4543000">
    <ele>230.4</ele>
    <time>2025-11-20T06:45:22Z</time>
   </trkpt>
   <trkpt lat="7.0373550" lon="125.4542880">
    <ele>230.4</ele>
    <time>2025-11-20T06:45:23Z</time>
   </trkpt>
   <trkpt lat="7.0373630" lon="125.4542820">
    <ele>230.4</ele>
    <time>2025-11-20T06:45:24Z</time>
   </trkpt>
   <trkpt lat="7.0373700" lon="125.4542730">
    <ele>230.4</ele>
    <time>2025-11-20T06:45:25Z</time>
   </trkpt>
   <trkpt lat="7.0373790" lon="125.4542570">
    <ele>230.4</ele>
    <time>2025-11-20T06:45:26Z</time>
   </trkpt>
   <trkpt lat="7.0373790" lon="125.4542500">
    <ele>230.3</ele>
    <time>2025-11-20T06:45:27Z</time>
   </trkpt>
   <trkpt lat="7.0373800" lon="125.4542430">
    <ele>230.3</ele>
    <time>2025-11-20T06:45:28Z</time>
   </trkpt>
   <trkpt lat="7.0373800" lon="125.4542360">
    <ele>230.3</ele>
    <time>2025-11-20T06:45:29Z</time>
   </trkpt>
   <trkpt lat="7.0373810" lon="125.4542270">
    <ele>230.3</ele>
    <time>2025-11-20T06:45:30Z</time>
   </trkpt>
   <trkpt lat="7.0373740" lon="125.4542180">
    <ele>230.3</ele>
    <time>2025-11-20T06:45:31Z</time>
   </trkpt>
   <trkpt lat="7.0373720" lon="125.4542020">
    <ele>230.2</ele>
    <time>2025-11-20T06:45:32Z</time>
   </trkpt>
   <trkpt lat="7.0373700" lon="125.4541900">
    <ele>230.2</ele>
    <time>2025-11-20T06:45:33Z</time>
   </trkpt>
   <trkpt lat="7.0373690" lon="125.4541820">
    <ele>230.2</ele>
    <time>2025-11-20T06:45:34Z</time>
   </trkpt>
   <trkpt lat="7.0373770" lon="125.4541720">
    <ele>230.2</ele>
    <time>2025-11-20T06:45:35Z</time>
   </trkpt>
   <trkpt lat="7.0373780" lon="125.4541540">
    <ele>230.1</ele>
    <time>2025-11-20T06:45:36Z</time>
   </trkpt>
   <trkpt lat="7.0373760" lon="125.4541430">
    <ele>230.1</ele>
    <time>2025-11-20T06:45:37Z</time>
   </trkpt>
   <trkpt lat="7.0373750" lon="125.4541410">
    <ele>230.1</ele>
    <time>2025-11-20T06:45:38Z</time>
   </trkpt>
   <trkpt lat="7.0373740" lon="125.4541270">
    <ele>230.0</ele>
    <time>2025-11-20T06:45:39Z</time>
   </trkpt>
   <trkpt lat="7.0373750" lon="125.4541120">
    <ele>229.9</ele>
    <time>2025-11-20T06:45:40Z</time>
   </trkpt>
   <trkpt lat="7.0373740" lon="125.4540980">
    <ele>229.9</ele>
    <time>2025-11-20T06:45:41Z</time>
   </trkpt>
   <trkpt lat="7.0373750" lon="125.4540910">
    <ele>229.9</ele>
    <time>2025-11-20T06:45:42Z</time>
   </trkpt>
   <trkpt lat="7.0373770" lon="125.4540830">
    <ele>229.8</ele>
    <time>2025-11-20T06:45:43Z</time>
   </trkpt>
   <trkpt lat="7.0373790" lon="125.4540740">
    <ele>229.8</ele>
    <time>2025-11-20T06:45:44Z</time>
   </trkpt>
   <trkpt lat="7.0373830" lon="125.4540650">
    <ele>229.7</ele>
    <time>2025-11-20T06:45:45Z</time>
   </trkpt>
   <trkpt lat="7.0373870" lon="125.4540500">
    <ele>229.7</ele>
    <time>2025-11-20T06:45:46Z</time>
   </trkpt>
   <trkpt lat="7.0373890" lon="125.4540420">
    <ele>229.7</ele>
    <time>2025-11-20T06:45:47Z</time>
   </trkpt>
   <trkpt lat="7.0373900" lon="125.4540300">
    <ele>229.6</ele>
    <time>2025-11-20T06:45:48Z</time>
   </trkpt>
   <trkpt lat="7.0373940" lon="125.4540160">
    <ele>229.5</ele>
    <time>2025-11-20T06:45:49Z</time>
   </trkpt>
   <trkpt lat="7.0373920" lon="125.4540080">
    <ele>229.5</ele>
    <time>2025-11-20T06:45:50Z</time>
   </trkpt>
   <trkpt lat="7.0373930" lon="125.4539990">
    <ele>229.5</ele>
    <time>2025-11-20T06:45:51Z</time>
   </trkpt>
   <trkpt lat="7.0374040" lon="125.4539930">
    <ele>229.4</ele>
    <time>2025-11-20T06:45:52Z</time>
   </trkpt>
   <trkpt lat="7.0374180" lon="125.4539910">
    <ele>229.4</ele>
    <time>2025-11-20T06:45:53Z</time>
   </trkpt>
   <trkpt lat="7.0374330" lon="125.4539860">
    <ele>229.3</ele>
    <time>2025-11-20T06:45:54Z</time>
   </trkpt>
   <trkpt lat="7.0374350" lon="125.4539810">
    <ele>229.3</ele>
    <time>2025-11-20T06:45:55Z</time>
   </trkpt>
   <trkpt lat="7.0374380" lon="125.4539730">
    <ele>229.2</ele>
    <time>2025-11-20T06:45:56Z</time>
   </trkpt>
   <trkpt lat="7.0374430" lon="125.4539660">
    <ele>229.1</ele>
    <time>2025-11-20T06:45:57Z</time>
   </trkpt>
   <trkpt lat="7.0374450" lon="125.4539540">
    <ele>228.9</ele>
    <time>2025-11-20T06:45:58Z</time>
   </trkpt>
   <trkpt lat="7.0374480" lon="125.4539390">
    <ele>228.7</ele>
    <time>2025-11-20T06:45:59Z</time>
   </trkpt>
   <trkpt lat="7.0374550" lon="125.4539190">
    <ele>228.4</ele>
    <time>2025-11-20T06:46:00Z</time>
   </trkpt>
   <trkpt lat="7.0374570" lon="125.4539120">
    <ele>228.3</ele>
    <time>2025-11-20T06:46:01Z</time>
   </trkpt>
   <trkpt lat="7.0374600" lon="125.4539040">
    <ele>228.1</ele>
    <time>2025-11-20T06:46:02Z</time>
   </trkpt>
   <trkpt lat="7.0374640" lon="125.4539020">
    <ele>228.1</ele>
    <time>2025-11-20T06:46:03Z</time>
   </trkpt>
   <trkpt lat="7.0374720" lon="125.4538930">
    <ele>227.9</ele>
    <time>2025-11-20T06:46:04Z</time>
   </trkpt>
   <trkpt lat="7.0374810" lon="125.4538750">
    <ele>227.6</ele>
    <time>2025-11-20T06:46:05Z</time>
   </trkpt>
   <trkpt lat="7.0374910" lon="125.4538580">
    <ele>227.3</ele>
    <time>2025-11-20T06:46:06Z</time>
   </trkpt>
   <trkpt lat="7.0374950" lon="125.4538470">
    <ele>227.1</ele>
    <time>2025-11-20T06:46:07Z</time>
   </trkpt>
   <trkpt lat="7.0374990" lon="125.4538370">
    <ele>227.0</ele>
    <time>2025-11-20T06:46:08Z</time>
   </trkpt>
   <trkpt lat="7.0375000" lon="125.4538300">
    <ele>226.9</ele>
    <time>2025-11-20T06:46:09Z</time>
   </trkpt>
   <trkpt lat="7.0375070" lon="125.4538160">
    <ele>226.6</ele>
    <time>2025-11-20T06:46:10Z</time>
   </trkpt>
   <trkpt lat="7.0375090" lon="125.4538030">
    <ele>226.4</ele>
    <time>2025-11-20T06:46:11Z</time>
   </trkpt>
   <trkpt lat="7.0375110" lon="125.4537890">
    <ele>226.2</ele>
    <time>2025-11-20T06:46:12Z</time>
   </trkpt>
   <trkpt lat="7.0375110" lon="125.4537710">
    <ele>225.9</ele>
    <time>2025-11-20T06:46:13Z</time>
   </trkpt>
   <trkpt lat="7.0375160" lon="125.4537690">
    <ele>225.8</ele>
    <time>2025-11-20T06:46:14Z</time>
   </trkpt>
   <trkpt lat="7.0375280" lon="125.4537620">
    <ele>225.6</ele>
    <time>2025-11-20T06:46:15Z</time>
   </trkpt>
   <trkpt lat="7.0375360" lon="125.4537520">
    <ele>225.4</ele>
    <time>2025-11-20T06:46:16Z</time>
   </trkpt>
   <trkpt lat="7.0375400" lon="125.4537420">
    <ele>225.2</ele>
    <time>2025-11-20T06:46:17Z</time>
   </trkpt>
   <trkpt lat="7.0375480" lon="125.4537390">
    <ele>225.1</ele>
    <time>2025-11-20T06:46:18Z</time>
   </trkpt>
   <trkpt lat="7.0375570" lon="125.4537330">
    <ele>224.9</ele>
    <time>2025-11-20T06:46:19Z</time>
   </trkpt>
   <trkpt lat="7.0375610" lon="125.4537240">
    <ele>224.7</ele>
    <time>2025-11-20T06:46:20Z</time>
   </trkpt>
   <trkpt lat="7.0375660" lon="125.4537170">
    <ele>224.6</ele>
    <time>2025-11-20T06:46:21Z</time>
   </trkpt>
   <trkpt lat="7.0375710" lon="125.4537030">
    <ele>224.3</ele>
    <time>2025-11-20T06:46:22Z</time>
   </trkpt>
   <trkpt lat="7.0375810" lon="125.4536900">
    <ele>224.0</ele>
    <time>2025-11-20T06:46:23Z</time>
   </trkpt>
   <trkpt lat="7.0375890" lon="125.4536820">
    <ele>223.8</ele>
    <time>2025-11-20T06:46:24Z</time>
   </trkpt>
   <trkpt lat="7.0375890" lon="125.4536750">
    <ele>223.7</ele>
    <time>2025-11-20T06:46:25Z</time>
   </trkpt>
   <trkpt lat="7.0375960" lon="125.4536650">
    <ele>223.4</ele>
    <time>2025-11-20T06:46:26Z</time>
   </trkpt>
   <trkpt lat="7.0376010" lon="125.4536570">
    <ele>223.3</ele>
    <time>2025-11-20T06:46:27Z</time>
   </trkpt>
   <trkpt lat="7.0376070" lon="125.4536490">
    <ele>223.1</ele>
    <time>2025-11-20T06:46:28Z</time>
   </trkpt>
   <trkpt lat="7.0376100" lon="125.4536430">
    <ele>222.9</ele>
    <time>2025-11-20T06:46:29Z</time>
   </trkpt>
   <trkpt lat="7.0376120" lon="125.4536360">
    <ele>222.8</ele>
    <time>2025-11-20T06:46:30Z</time>
   </trkpt>
   <trkpt lat="7.0376150" lon="125.4536300">
    <ele>222.7</ele>
    <time>2025-11-20T06:46:31Z</time>
   </trkpt>
   <trkpt lat="7.0376180" lon="125.4536240">
    <ele>222.6</ele>
    <time>2025-11-20T06:46:32Z</time>
   </trkpt>
   <trkpt lat="7.0376240" lon="125.4536140">
    <ele>222.3</ele>
    <time>2025-11-20T06:46:33Z</time>
   </trkpt>
   <trkpt lat="7.0376330" lon="125.4535970">
    <ele>222.0</ele>
    <time>2025-11-20T06:46:34Z</time>
   </trkpt>
   <trkpt lat="7.0376430" lon="125.4535870">
    <ele>221.7</ele>
    <time>2025-11-20T06:46:35Z</time>
   </trkpt>
   <trkpt lat="7.0376550" lon="125.4535770">
    <ele>221.5</ele>
    <time>2025-11-20T06:46:36Z</time>
   </trkpt>
   <trkpt lat="7.0376580" lon="125.4535680">
    <ele>221.4</ele>
    <time>2025-11-20T06:46:37Z</time>
   </trkpt>
   <trkpt lat="7.0376670" lon="125.4535600">
    <ele>221.2</ele>
    <time>2025-11-20T06:46:38Z</time>
   </trkpt>
   <trkpt lat="7.0376790" lon="125.4535520">
    <ele>221.0</ele>
    <time>2025-11-20T06:46:39Z</time>
   </trkpt>
   <trkpt lat="7.0376850" lon="125.4535340">
    <ele>220.8</ele>
    <time>2025-11-20T06:46:40Z</time>
   </trkpt>
   <trkpt lat="7.0376910" lon="125.4535260">
    <ele>220.6</ele>
    <time>2025-11-20T06:46:41Z</time>
   </trkpt>
   <trkpt lat="7.0376960" lon="125.4535190">
    <ele>220.5</ele>
    <time>2025-11-20T06:46:42Z</time>
   </trkpt>
   <trkpt lat="7.0376970" lon="125.4534980">
    <ele>220.2</ele>
    <time>2025-11-20T06:46:43Z</time>
   </trkpt>
   <trkpt lat="7.0376960" lon="125.4534900">
    <ele>220.1</ele>
    <time>2025-11-20T06:46:44Z</time>
   </trkpt>
   <trkpt lat="7.0376960" lon="125.4534810">
    <ele>220.0</ele>
    <time>2025-11-20T06:46:45Z</time>
   </trkpt>
   <trkpt lat="7.0376970" lon="125.4534660">
    <ele>219.8</ele>
    <time>2025-11-20T06:46:46Z</time>
   </trkpt>
   <trkpt lat="7.0377020" lon="125.4534470">
    <ele>219.6</ele>
    <time>2025-11-20T06:46:47Z</time>
   </trkpt>
   <trkpt lat="7.0377020" lon="125.4534390">
    <ele>219.5</ele>
    <time>2025-11-20T06:46:48Z</time>
   </trkpt>
   <trkpt lat="7.0377040" lon="125.4534260">
    <ele>219.3</ele>
    <time>2025-11-20T06:46:49Z</time>
   </trkpt>
   <trkpt lat="7.0377070" lon="125.4534120">
    <ele>219.2</ele>
    <time>2025-11-20T06:46:50Z</time>
   </trkpt>
   <trkpt lat="7.0377110" lon="125.4533990">
    <ele>219.0</ele>
    <time>2025-11-20T06:46:51Z</time>
   </trkpt>
   <trkpt lat="7.0377180" lon="125.4533820">
    <ele>218.7</ele>
    <time>2025-11-20T06:46:52Z</time>
   </trkpt>
   <trkpt lat="7.0377190" lon="125.4533710">
    <ele>218.6</ele>
    <time>2025-11-20T06:46:53Z</time>
   </trkpt>
   <trkpt lat="7.0377230" lon="125.4533600">
    <ele>218.4</ele>
    <time>2025-11-20T06:46:54Z</time>
   </trkpt>
   <trkpt lat="7.0377270" lon="125.4533480">
    <ele>218.2</ele>
    <time>2025-11-20T06:46:55Z</time>
   </trkpt>
   <trkpt lat="7.0377330" lon="125.4533430">
    <ele>218.1</ele>
    <time>2025-11-20T06:46:56Z</time>
   </trkpt>
   <trkpt lat="7.0377390" lon="125.4533340">
    <ele>218.0</ele>
    <time>2025-11-20T06:46:57Z</time>
   </trkpt>
   <trkpt lat="7.0377450" lon="125.4533240">
    <ele>217.8</ele>
    <time>2025-11-20T06:46:58Z</time>
   </trkpt>
   <trkpt lat="7.0377490" lon="125.4533050">
    <ele>217.4</ele>
    <time>2025-11-20T06:46:59Z</time>
   </trkpt>
   <trkpt lat="7.0377560" lon="125.4532970">
    <ele>217.3</ele>
    <time>2025-11-20T06:47:00Z</time>
   </trkpt>
   <trkpt lat="7.0377580" lon="125.4532900">
    <ele>217.1</ele>
    <time>2025-11-20T06:47:01Z</time>
   </trkpt>
   <trkpt lat="7.0377550" lon="125.4532830">
    <ele>217.0</ele>
    <time>2025-11-20T06:47:02Z</time>
   </trkpt>
   <trkpt lat="7.0377540" lon="125.4532760">
    <ele>216.9</ele>
    <time>2025-11-20T06:47:03Z</time>
   </trkpt>
   <trkpt lat="7.0377530" lon="125.4532650">
    <ele>216.7</ele>
    <time>2025-11-20T06:47:04Z</time>
   </trkpt>
   <trkpt lat="7.0377490" lon="125.4532490">
    <ele>216.4</ele>
    <time>2025-11-20T06:47:05Z</time>
   </trkpt>
   <trkpt lat="7.0377470" lon="125.4532400">
    <ele>216.2</ele>
    <time>2025-11-20T06:47:06Z</time>
   </trkpt>
   <trkpt lat="7.0377520" lon="125.4532300">
    <ele>216.0</ele>
    <time>2025-11-20T06:47:07Z</time>
   </trkpt>
   <trkpt lat="7.0377540" lon="125.4532260">
    <ele>215.9</ele>
    <time>2025-11-20T06:47:08Z</time>
   </trkpt>
   <trkpt lat="7.0377520" lon="125.4532290">
    <ele>215.8</ele>
    <time>2025-11-20T06:47:09Z</time>
   </trkpt>
   <trkpt lat="7.0377520" lon="125.4532270">
    <ele>215.7</ele>
    <time>2025-11-20T06:47:10Z</time>
   </trkpt>
   <trkpt lat="7.0377460" lon="125.4532140">
    <ele>215.5</ele>
    <time>2025-11-20T06:47:11Z</time>
   </trkpt>
   <trkpt lat="7.0377470" lon="125.4532040">
    <ele>215.2</ele>
    <time>2025-11-20T06:47:12Z</time>
   </trkpt>
   <trkpt lat="7.0377530" lon="125.4531950">
    <ele>215.0</ele>
    <time>2025-11-20T06:47:13Z</time>
   </trkpt>
   <trkpt lat="7.0377570" lon="125.4531970">
    <ele>214.9</ele>
    <time>2025-11-20T06:47:14Z</time>
   </trkpt>
   <trkpt lat="7.0377610" lon="125.4531840">
    <ele>214.6</ele>
    <time>2025-11-20T06:47:15Z</time>
   </trkpt>
   <trkpt lat="7.0377720" lon="125.4531750">
    <ele>214.3</ele>
    <time>2025-11-20T06:47:16Z</time>
   </trkpt>
   <trkpt lat="7.0377800" lon="125.4531660">
    <ele>214.0</ele>
    <time>2025-11-20T06:47:17Z</time>
   </trkpt>
   <trkpt lat="7.0377730" lon="125.4531570">
    <ele>213.7</ele>
    <time>2025-11-20T06:47:18Z</time>
   </trkpt>
   <trkpt lat="7.0377640" lon="125.4531480">
    <ele>213.4</ele>
    <time>2025-11-20T06:47:19Z</time>
   </trkpt>
   <trkpt lat="7.0377610" lon="125.4531410">
    <ele>213.2</ele>
    <time>2025-11-20T06:47:20Z</time>
   </trkpt>
   <trkpt lat="7.0377570" lon="125.4531310">
    <ele>213.0</ele>
    <time>2025-11-20T06:47:21Z</time>
   </trkpt>
   <trkpt lat="7.0377510" lon="125.4531210">
    <ele>212.7</ele>
    <time>2025-11-20T06:47:22Z</time>
   </trkpt>
   <trkpt lat="7.0377490" lon="125.4531180">
    <ele>212.6</ele>
    <time>2025-11-20T06:47:23Z</time>
   </trkpt>
   <trkpt lat="7.0377420" lon="125.4531080">
    <ele>212.3</ele>
    <time>2025-11-20T06:47:24Z</time>
   </trkpt>
   <trkpt lat="7.0377420" lon="125.4531080">
    <ele>212.3</ele>
    <time>2025-11-20T06:47:25Z</time>
   </trkpt>
   <trkpt lat="7.0377480" lon="125.4531000">
    <ele>212.1</ele>
    <time>2025-11-20T06:47:26Z</time>
   </trkpt>
   <trkpt lat="7.0377440" lon="125.4530860">
    <ele>211.7</ele>
    <time>2025-11-20T06:47:27Z</time>
   </trkpt>
   <trkpt lat="7.0377320" lon="125.4530890">
    <ele>211.4</ele>
    <time>2025-11-20T06:47:28Z</time>
   </trkpt>
   <trkpt lat="7.0377280" lon="125.4530760">
    <ele>211.1</ele>
    <time>2025-11-20T06:47:29Z</time>
   </trkpt>
   <trkpt lat="7.0377230" lon="125.4530700">
    <ele>210.9</ele>
    <time>2025-11-20T06:47:30Z</time>
   </trkpt>
   <trkpt lat="7.0377200" lon="125.4530700">
    <ele>210.8</ele>
    <time>2025-11-20T06:47:31Z</time>
   </trkpt>
   <trkpt lat="7.0377200" lon="125.4530500">
    <ele>210.3</ele>
    <time>2025-11-20T06:47:32Z</time>
   </trkpt>
   <trkpt lat="7.0377230" lon="125.4530420">
    <ele>210.1</ele>
    <time>2025-11-20T06:47:33Z</time>
   </trkpt>
   <trkpt lat="7.0377270" lon="125.4530330">
    <ele>209.9</ele>
    <time>2025-11-20T06:47:34Z</time>
   </trkpt>
   <trkpt lat="7.0377270" lon="125.4530270">
    <ele>209.7</ele>
    <time>2025-11-20T06:47:35Z</time>
   </trkpt>
   <trkpt lat="7.0377210" lon="125.4530160">
    <ele>209.4</ele>
    <time>2025-11-20T06:47:36Z</time>
   </trkpt>
   <trkpt lat="7.0377120" lon="125.4530130">
    <ele>209.2</ele>
    <time>2025-11-20T06:47:37Z</time>
   </trkpt>
   <trkpt lat="7.0377000" lon="125.4530120">
    <ele>208.9</ele>
    <time>2025-11-20T06:47:38Z</time>
   </trkpt>
   <trkpt lat="7.0376930" lon="125.4530080">
    <ele>208.7</ele>
    <time>2025-11-20T06:47:39Z</time>
   </trkpt>
   <trkpt lat="7.0376830" lon="125.4529950">
    <ele>208.3</ele>
    <time>2025-11-20T06:47:40Z</time>
   </trkpt>
   <trkpt lat="7.0376800" lon="125.4529850">
    <ele>208.1</ele>
    <time>2025-11-20T06:47:41Z</time>
   </trkpt>
   <trkpt lat="7.0376730" lon="125.4529700">
    <ele>208.0</ele>
    <time>2025-11-20T06:47:42Z</time>
   </trkpt>
   <trkpt lat="7.0376600" lon="125.4529550">
    <ele>207.7</ele>
    <time>2025-11-20T06:47:43Z</time>
   </trkpt>
   <trkpt lat="7.0376580" lon="125.4529400">
    <ele>207.6</ele>
    <time>2025-11-20T06:47:44Z</time>
   </trkpt>
   <trkpt lat="7.0376570" lon="125.4529380">
    <ele>207.6</ele>
    <time>2025-11-20T06:47:45Z</time>
   </trkpt>
   <trkpt lat="7.0376540" lon="125.4529270">
    <ele>207.5</ele>
    <time>2025-11-20T06:47:46Z</time>
   </trkpt>
   <trkpt lat="7.0376610" lon="125.4528980">
    <ele>207.2</ele>
    <time>2025-11-20T06:47:47Z</time>
   </trkpt>
   <trkpt lat="7.0376640" lon="125.4528880">
    <ele>207.1</ele>
    <time>2025-11-20T06:47:48Z</time>
   </trkpt>
   <trkpt lat="7.0376670" lon="125.4528760">
    <ele>207.0</ele>
    <time>2025-11-20T06:47:49Z</time>
   </trkpt>
   <trkpt lat="7.0376660" lon="125.4528780">
    <ele>207.0</ele>
    <time>2025-11-20T06:47:50Z</time>
   </trkpt>
   <trkpt lat="7.0376740" lon="125.4528710">
    <ele>206.9</ele>
    <time>2025-11-20T06:47:51Z</time>
   </trkpt>
   <trkpt lat="7.0376710" lon="125.4528560">
    <ele>206.8</ele>
    <time>2025-11-20T06:47:52Z</time>
   </trkpt>
   <trkpt lat="7.0376700" lon="125.4528560">
    <ele>206.8</ele>
    <time>2025-11-20T06:47:53Z</time>
   </trkpt>
   <trkpt lat="7.0376620" lon="125.4528420">
    <ele>206.7</ele>
    <time>2025-11-20T06:47:54Z</time>
   </trkpt>
   <trkpt lat="7.0376540" lon="125.4528410">
    <ele>206.6</ele>
    <time>2025-11-20T06:47:55Z</time>
   </trkpt>
   <trkpt lat="7.0376530" lon="125.4528510">
    <ele>206.5</ele>
    <time>2025-11-20T06:47:56Z</time>
   </trkpt>
   <trkpt lat="7.0376540" lon="125.4528510">
    <ele>206.5</ele>
    <time>2025-11-20T06:47:57Z</time>
   </trkpt>
   <trkpt lat="7.0376390" lon="125.4528590">
    <ele>206.4</ele>
    <time>2025-11-20T06:47:58Z</time>
   </trkpt>
   <trkpt lat="7.0376460" lon="125.4528450">
    <ele>206.4</ele>
    <time>2025-11-20T06:47:59Z</time>
   </trkpt>
   <trkpt lat="7.0376480" lon="125.4528350">
    <ele>206.3</ele>
    <time>2025-11-20T06:48:00Z</time>
   </trkpt>
   <trkpt lat="7.0376490" lon="125.4528240">
    <ele>206.3</ele>
    <time>2025-11-20T06:48:01Z</time>
   </trkpt>
   <trkpt lat="7.0376510" lon="125.4528130">
    <ele>206.2</ele>
    <time>2025-11-20T06:48:02Z</time>
   </trkpt>
   <trkpt lat="7.0376530" lon="125.4527920">
    <ele>206.1</ele>
    <time>2025-11-20T06:48:03Z</time>
   </trkpt>
   <trkpt lat="7.0376580" lon="125.4527800">
    <ele>206.1</ele>
    <time>2025-11-20T06:48:04Z</time>
   </trkpt>
   <trkpt lat="7.0376640" lon="125.4527680">
    <ele>206.1</ele>
    <time>2025-11-20T06:48:05Z</time>
   </trkpt>
   <trkpt lat="7.0376800" lon="125.4527730">
    <ele>206.0</ele>
    <time>2025-11-20T06:48:06Z</time>
   </trkpt>
   <trkpt lat="7.0376910" lon="125.4527570">
    <ele>206.0</ele>
    <time>2025-11-20T06:48:07Z</time>
   </trkpt>
   <trkpt lat="7.0376990" lon="125.4527450">
    <ele>205.9</ele>
    <time>2025-11-20T06:48:08Z</time>
   </trkpt>
   <trkpt lat="7.0377030" lon="125.4527540">
    <ele>205.9</ele>
    <time>2025-11-20T06:48:09Z</time>
   </trkpt>
   <trkpt lat="7.0377090" lon="125.4527460">
    <ele>205.9</ele>
    <time>2025-11-20T06:48:10Z</time>
   </trkpt>
   <trkpt lat="7.0377180" lon="125.4527450">
    <ele>205.9</ele>
    <time>2025-11-20T06:48:11Z</time>
   </trkpt>
   <trkpt lat="7.0377240" lon="125.4527310">
    <ele>205.8</ele>
    <time>2025-11-20T06:48:12Z</time>
   </trkpt>
   <trkpt lat="7.0377290" lon="125.4527190">
    <ele>205.6</ele>
    <time>2025-11-20T06:48:13Z</time>
   </trkpt>
   <trkpt lat="7.0377340" lon="125.4527060">
    <ele>205.5</ele>
    <time>2025-11-20T06:48:14Z</time>
   </trkpt>
   <trkpt lat="7.0377420" lon="125.4526870">
    <ele>205.2</ele>
    <time>2025-11-20T06:48:15Z</time>
   </trkpt>
   <trkpt lat="7.0377420" lon="125.4526830">
    <ele>205.2</ele>
    <time>2025-11-20T06:48:16Z</time>
   </trkpt>
   <trkpt lat="7.0377600" lon="125.4526820">
    <ele>205.0</ele>
    <time>2025-11-20T06:48:17Z</time>
   </trkpt>
   <trkpt lat="7.0377670" lon="125.4526740">
    <ele>204.8</ele>
    <time>2025-11-20T06:48:18Z</time>
   </trkpt>
   <trkpt lat="7.0377790" lon="125.4526830">
    <ele>204.6</ele>
    <time>2025-11-20T06:48:19Z</time>
   </trkpt>
   <trkpt lat="7.0377890" lon="125.4526890">
    <ele>204.5</ele>
    <time>2025-11-20T06:48:20Z</time>
   </trkpt>
   <trkpt lat="7.0378100" lon="125.4526890">
    <ele>204.2</ele>
    <time>2025-11-20T06:48:21Z</time>
   </trkpt>
   <trkpt lat="7.0378190" lon="125.4526950">
    <ele>204.0</ele>
    <time>2025-11-20T06:48:22Z</time>
   </trkpt>
   <trkpt lat="7.0378500" lon="125.4527020">
    <ele>203.5</ele>
    <time>2025-11-20T06:48:23Z</time>
   </trkpt>
   <trkpt lat="7.0378690" lon="125.4527040">
    <ele>203.2</ele>
    <time>2025-11-20T06:48:24Z</time>
   </trkpt>
   <trkpt lat="7.0378630" lon="125.4527040">
    <ele>203.1</ele>
    <time>2025-11-20T06:48:25Z</time>
   </trkpt>
   <trkpt lat="7.0378740" lon="125.4527040">
    <ele>203.0</ele>
    <time>2025-11-20T06:48:26Z</time>
   </trkpt>
   <trkpt lat="7.0378820" lon="125.4527020">
    <ele>202.8</ele>
    <time>2025-11-20T06:48:27Z</time>
   </trkpt>
   <trkpt lat="7.0378890" lon="125.4526990">
    <ele>202.7</ele>
    <time>2025-11-20T06:48:28Z</time>
   </trkpt>
   <trkpt lat="7.0379000" lon="125.4527030">
    <ele>202.5</ele>
    <time>2025-11-20T06:48:29Z</time>
   </trkpt>
   <trkpt lat="7.0379060" lon="125.4527010">
    <ele>202.4</ele>
    <time>2025-11-20T06:48:30Z</time>
   </trkpt>
   <trkpt lat="7.0379150" lon="125.4526990">
    <ele>202.3</ele>
    <time>2025-11-20T06:48:31Z</time>
   </trkpt>
   <trkpt lat="7.0379310" lon="125.4526980">
    <ele>202.0</ele>
    <time>2025-11-20T06:48:32Z</time>
   </trkpt>
   <trkpt lat="7.0379360" lon="125.4527030">
    <ele>201.9</ele>
    <time>2025-11-20T06:48:33Z</time>
   </trkpt>
   <trkpt lat="7.0379540" lon="125.4527020">
    <ele>201.6</ele>
    <time>2025-11-20T06:48:34Z</time>
   </trkpt>
   <trkpt lat="7.0379660" lon="125.4527000">
    <ele>201.4</ele>
    <time>2025-11-20T06:48:35Z</time>
   </trkpt>
   <trkpt lat="7.0379670" lon="125.4526950">
    <ele>201.3</ele>
    <time>2025-11-20T06:48:36Z</time>
   </trkpt>
   <trkpt lat="7.0379680" lon="125.4526980">
    <ele>201.2</ele>
    <time>2025-11-20T06:48:37Z</time>
   </trkpt>
   <trkpt lat="7.0379750" lon="125.4526980">
    <ele>201.1</ele>
    <time>2025-11-20T06:48:38Z</time>
   </trkpt>
   <trkpt lat="7.0379850" lon="125.4526910">
    <ele>200.9</ele>
    <time>2025-11-20T06:48:39Z</time>
   </trkpt>
   <trkpt lat="7.0379830" lon="125.4526830">
    <ele>200.8</ele>
    <time>2025-11-20T06:48:40Z</time>
   </trkpt>
   <trkpt lat="7.0379970" lon="125.4526880">
    <ele>200.6</ele>
    <time>2025-11-20T06:48:41Z</time>
   </trkpt>
   <trkpt lat="7.0379940" lon="125.4526940">
    <ele>200.5</ele>
    <time>2025-11-20T06:48:42Z</time>
   </trkpt>
   <trkpt lat="7.0380060" lon="125.4526960">
    <ele>200.3</ele>
    <time>2025-11-20T06:48:43Z</time>
   </trkpt>
   <trkpt lat="7.0380150" lon="125.4527040">
    <ele>200.1</ele>
    <time>2025-11-20T06:48:44Z</time>
   </trkpt>
   <trkpt lat="7.0380160" lon="125.4527050">
    <ele>200.1</ele>
    <time>2025-11-20T06:48:45Z</time>
   </trkpt>
   <trkpt lat="7.0380240" lon="125.4527050">
    <ele>200.0</ele>
    <time>2025-11-20T06:48:46Z</time>
   </trkpt>
   <trkpt lat="7.0380430" lon="125.4527070">
    <ele>199.7</ele>
    <time>2025-11-20T06:48:47Z</time>
   </trkpt>
   <trkpt lat="7.0380550" lon="125.4527050">
    <ele>199.5</ele>
    <time>2025-11-20T06:48:48Z</time>
   </trkpt>
   <trkpt lat="7.0380660" lon="125.4527040">
    <ele>199.4</ele>
    <time>2025-11-20T06:48:49Z</time>
   </trkpt>
   <trkpt lat="7.0380550" lon="125.4527000">
    <ele>199.2</ele>
    <time>2025-11-20T06:48:50Z</time>
   </trkpt>
   <trkpt lat="7.0380450" lon="125.4526960">
    <ele>199.1</ele>
    <time>2025-11-20T06:48:51Z</time>
   </trkpt>
   <trkpt lat="7.0380580" lon="125.4526890">
    <ele>198.9</ele>
    <time>2025-11-20T06:48:52Z</time>
   </trkpt>
   <trkpt lat="7.0380670" lon="125.4526810">
    <ele>198.7</ele>
    <time>2025-11-20T06:48:53Z</time>
   </trkpt>
   <trkpt lat="7.0380760" lon="125.4526710">
    <ele>198.6</ele>
    <time>2025-11-20T06:48:54Z</time>
   </trkpt>
   <trkpt lat="7.0380730" lon="125.4526680">
    <ele>198.5</ele>
    <time>2025-11-20T06:48:55Z</time>
   </trkpt>
   <trkpt lat="7.0380740" lon="125.4526680">
    <ele>198.5</ele>
    <time>2025-11-20T06:48:56Z</time>
   </trkpt>
   <trkpt lat="7.0380740" lon="125.4526690">
    <ele>198.5</ele>
    <time>2025-11-20T06:48:57Z</time>
   </trkpt>
   <trkpt lat="7.0380750" lon="125.4526700">
    <ele>198.5</ele>
    <time>2025-11-20T06:48:58Z</time>
   </trkpt>
   <trkpt lat="7.0380750" lon="125.4526700">
    <ele>198.5</ele>
    <time>2025-11-20T06:48:59Z</time>
   </trkpt>
   <trkpt lat="7.0380760" lon="125.4526710">
    <ele>198.4</ele>
    <time>2025-11-20T06:49:00Z</time>
   </trkpt>
   <trkpt lat="7.0380760" lon="125.4526710">
    <ele>198.4</ele>
    <time>2025-11-20T06:49:01Z</time>
   </trkpt>
   <trkpt lat="7.0380770" lon="125.4526720">
    <ele>198.4</ele>
    <time>2025-11-20T06:49:02Z</time>
   </trkpt>
   <trkpt lat="7.0380770" lon="125.4526730">
    <ele>198.4</ele>
    <time>2025-11-20T06:49:03Z</time>
   </trkpt>
   <trkpt lat="7.0380780" lon="125.4526730">
    <ele>198.4</ele>
    <time>2025-11-20T06:49:04Z</time>
   </trkpt>
   <trkpt lat="7.0380780" lon="125.4526740">
    <ele>198.4</ele>
    <time>2025-11-20T06:49:05Z</time>
   </trkpt>
   <trkpt lat="7.0380790" lon="125.4526750">
    <ele>198.4</ele>
    <time>2025-11-20T06:49:06Z</time>
   </trkpt>
   <trkpt lat="7.0380790" lon="125.4526750">
    <ele>198.4</ele>
    <time>2025-11-20T06:49:07Z</time>
   </trkpt>
   <trkpt lat="7.0380800" lon="125.4526760">
    <ele>198.4</ele>
    <time>2025-11-20T06:49:08Z</time>
   </trkpt>
   <trkpt lat="7.0380800" lon="125.4526760">
    <ele>198.4</ele>
    <time>2025-11-20T06:49:09Z</time>
   </trkpt>
   <trkpt lat="7.0380800" lon="125.4526770">
    <ele>198.3</ele>
    <time>2025-11-20T06:49:10Z</time>
   </trkpt>
   <trkpt lat="7.0380810" lon="125.4526780">
    <ele>198.3</ele>
    <time>2025-11-20T06:49:11Z</time>
   </trkpt>
   <trkpt lat="7.0380810" lon="125.4526780">
    <ele>198.3</ele>
    <time>2025-11-20T06:49:12Z</time>
   </trkpt>
   <trkpt lat="7.0380820" lon="125.4526790">
    <ele>198.3</ele>
    <time>2025-11-20T06:49:13Z</time>
   </trkpt>
   <trkpt lat="7.0380820" lon="125.4526800">
    <ele>198.3</ele>
    <time>2025-11-20T06:49:14Z</time>
   </trkpt>
   <trkpt lat="7.0380830" lon="125.4526800">
    <ele>198.3</ele>
    <time>2025-11-20T06:49:15Z</time>
   </trkpt>
   <trkpt lat="7.0380830" lon="125.4526810">
    <ele>198.3</ele>
    <time>2025-11-20T06:49:16Z</time>
   </trkpt>
   <trkpt lat="7.0380840" lon="125.4526810">
    <ele>198.3</ele>
    <time>2025-11-20T06:49:17Z</time>
   </trkpt>
   <trkpt lat="7.0380840" lon="125.4526820">
    <ele>198.2</ele>
    <time>2025-11-20T06:49:18Z</time>
   </trkpt>
   <trkpt lat="7.0380850" lon="125.4526830">
    <ele>198.2</ele>
    <time>2025-11-20T06:49:19Z</time>
   </trkpt>
   <trkpt lat="7.0380850" lon="125.4526830">
    <ele>198.2</ele>
    <time>2025-11-20T06:49:20Z</time>
   </trkpt>
   <trkpt lat="7.0380860" lon="125.4526840">
    <ele>198.2</ele>
    <time>2025-11-20T06:49:21Z</time>
   </trkpt>
   <trkpt lat="7.0380860" lon="125.4526850">
    <ele>198.2</ele>
    <time>2025-11-20T06:49:22Z</time>
   </trkpt>
   <trkpt lat="7.0380870" lon="125.4526850">
    <ele>198.2</ele>
    <time>2025-11-20T06:49:23Z</time>
   </trkpt>
   <trkpt lat="7.0380870" lon="125.4526860">
    <ele>198.2</ele>
    <time>2025-11-20T06:49:24Z</time>
   </trkpt>
   <trkpt lat="7.0380870" lon="125.4526860">
    <ele>198.2</ele>
    <time>2025-11-20T06:49:25Z</time>
   </trkpt>
   <trkpt lat="7.0380880" lon="125.4526870">
    <ele>198.2</ele>
    <time>2025-11-20T06:49:26Z</time>
   </trkpt>
   <trkpt lat="7.0380880" lon="125.4526880">
    <ele>198.2</ele>
    <time>2025-11-20T06:49:27Z</time>
   </trkpt>
   <trkpt lat="7.0380890" lon="125.4526880">
    <ele>198.1</ele>
    <time>2025-11-20T06:49:28Z</time>
   </trkpt>
   <trkpt lat="7.0380890" lon="125.4526890">
    <ele>198.1</ele>
    <time>2025-11-20T06:49:29Z</time>
   </trkpt>
   <trkpt lat="7.0380900" lon="125.4526900">
    <ele>198.1</ele>
    <time>2025-11-20T06:49:30Z</time>
   </trkpt>
   <trkpt lat="7.0380900" lon="125.4526900">
    <ele>198.1</ele>
    <time>2025-11-20T06:49:31Z</time>
   </trkpt>
   <trkpt lat="7.0380910" lon="125.4526910">
    <ele>198.1</ele>
    <time>2025-11-20T06:49:32Z</time>
   </trkpt>
   <trkpt lat="7.0380910" lon="125.4526910">
    <ele>198.1</ele>
    <time>2025-11-20T06:49:33Z</time>
   </trkpt>
   <trkpt lat="7.0380920" lon="125.4526920">
    <ele>198.1</ele>
    <time>2025-11-20T06:49:34Z</time>
   </trkpt>
   <trkpt lat="7.0380920" lon="125.4526930">
    <ele>198.1</ele>
    <time>2025-11-20T06:49:35Z</time>
   </trkpt>
   <trkpt lat="7.0380930" lon="125.4526930">
    <ele>198.1</ele>
    <time>2025-11-20T06:49:36Z</time>
   </trkpt>
   <trkpt lat="7.0380930" lon="125.4526940">
    <ele>198.1</ele>
    <time>2025-11-20T06:49:37Z</time>
   </trkpt>
   <trkpt lat="7.0380940" lon="125.4526950">
    <ele>198.0</ele>
    <time>2025-11-20T06:49:38Z</time>
   </trkpt>
   <trkpt lat="7.0380940" lon="125.4526950">
    <ele>198.0</ele>
    <time>2025-11-20T06:49:39Z</time>
   </trkpt>
   <trkpt lat="7.0380940" lon="125.4526960">
    <ele>198.0</ele>
    <time>2025-11-20T06:49:40Z</time>
   </trkpt>
   <trkpt lat="7.0380950" lon="125.4526960">
    <ele>198.0</ele>
    <time>2025-11-20T06:49:41Z</time>
   </trkpt>
   <trkpt lat="7.0380950" lon="125.4526970">
    <ele>198.0</ele>
    <time>2025-11-20T06:49:42Z</time>
   </trkpt>
   <trkpt lat="7.0380960" lon="125.4526980">
    <ele>198.0</ele>
    <time>2025-11-20T06:49:43Z</time>
   </trkpt>
   <trkpt lat="7.0380960" lon="125.4526980">
    <ele>198.0</ele>
    <time>2025-11-20T06:49:44Z</time>
   </trkpt>
   <trkpt lat="7.0380970" lon="125.4526990">
    <ele>198.0</ele>
    <time>2025-11-20T06:49:45Z</time>
   </trkpt>
   <trkpt lat="7.0380970" lon="125.4527000">
    <ele>198.0</ele>
    <time>2025-11-20T06:49:46Z</time>
   </trkpt>
   <trkpt lat="7.0380980" lon="125.4527000">
    <ele>198.0</ele>
    <time>2025-11-20T06:49:47Z</time>
   </trkpt>
   <trkpt lat="7.0380980" lon="125.4527010">
    <ele>197.9</ele>
    <time>2025-11-20T06:49:48Z</time>
   </trkpt>
   <trkpt lat="7.0380990" lon="125.4527010">
    <ele>197.9</ele>
    <time>2025-11-20T06:49:49Z</time>
   </trkpt>
   <trkpt lat="7.0380990" lon="125.4527020">
    <ele>197.9</ele>
    <time>2025-11-20T06:49:50Z</time>
   </trkpt>
   <trkpt lat="7.0381000" lon="125.4527030">
    <ele>197.9</ele>
    <time>2025-11-20T06:49:51Z</time>
   </trkpt>
   <trkpt lat="7.0381000" lon="125.4527030">
    <ele>197.9</ele>
    <time>2025-11-20T06:49:52Z</time>
   </trkpt>
   <trkpt lat="7.0381010" lon="125.4527040">
    <ele>197.9</ele>
    <time>2025-11-20T06:49:53Z</time>
   </trkpt>
   <trkpt lat="7.0381010" lon="125.4527050">
    <ele>197.9</ele>
    <time>2025-11-20T06:49:54Z</time>
   </trkpt>
   <trkpt lat="7.0381010" lon="125.4527050">
    <ele>197.9</ele>
    <time>2025-11-20T06:49:55Z</time>
   </trkpt>
   <trkpt lat="7.0381020" lon="125.4527060">
    <ele>197.9</ele>
    <time>2025-11-20T06:49:56Z</time>
   </trkpt>
   <trkpt lat="7.0381020" lon="125.4527060">
    <ele>197.9</ele>
    <time>2025-11-20T06:49:57Z</time>
   </trkpt>
   <trkpt lat="7.0381030" lon="125.4527070">
    <ele>197.9</ele>
    <time>2025-11-20T06:49:58Z</time>
   </trkpt>
   <trkpt lat="7.0381030" lon="125.4527080">
    <ele>197.8</ele>
    <time>2025-11-20T06:49:59Z</time>
   </trkpt>
   <trkpt lat="7.0381040" lon="125.4527080">
    <ele>197.8</ele>
    <time>2025-11-20T06:50:00Z</time>
   </trkpt>
   <trkpt lat="7.0381040" lon="125.4527090">
    <ele>197.8</ele>
    <time>2025-11-20T06:50:01Z</time>
   </trkpt>
   <trkpt lat="7.0381050" lon="125.4527100">
    <ele>197.8</ele>
    <time>2025-11-20T06:50:02Z</time>
   </trkpt>
   <trkpt lat="7.0381050" lon="125.4527100">
    <ele>197.8</ele>
    <time>2025-11-20T06:50:03Z</time>
   </trkpt>
   <trkpt lat="7.0381060" lon="125.4527110">
    <ele>197.8</ele>
    <time>2025-11-20T06:50:04Z</time>
   </trkpt>
   <trkpt lat="7.0381060" lon="125.4527110">
    <ele>197.8</ele>
    <time>2025-11-20T06:50:05Z</time>
   </trkpt>
   <trkpt lat="7.0381070" lon="125.4527120">
    <ele>197.8</ele>
    <time>2025-11-20T06:50:06Z</time>
   </trkpt>
   <trkpt lat="7.0381070" lon="125.4527130">
    <ele>197.8</ele>
    <time>2025-11-20T06:50:07Z</time>
   </trkpt>
   <trkpt lat="7.0381080" lon="125.4527130">
    <ele>197.8</ele>
    <time>2025-11-20T06:50:08Z</time>
   </trkpt>
   <trkpt lat="7.0381080" lon="125.4527140">
    <ele>197.7</ele>
    <time>2025-11-20T06:50:09Z</time>
   </trkpt>
   <trkpt lat="7.0381080" lon="125.4527080">
    <ele>197.7</ele>
    <time>2025-11-20T06:50:10Z</time>
   </trkpt>
   <trkpt lat="7.0381030" lon="125.4526980">
    <ele>197.6</ele>
    <time>2025-11-20T06:50:11Z</time>
   </trkpt>
   <trkpt lat="7.0381090" lon="125.4526950">
    <ele>197.5</ele>
    <time>2025-11-20T06:50:12Z</time>
   </trkpt>
   <trkpt lat="7.0381050" lon="125.4526910">
    <ele>197.4</ele>
    <time>2025-11-20T06:50:13Z</time>
   </trkpt>
   <trkpt lat="7.0381160" lon="125.4526920">
    <ele>197.3</ele>
    <time>2025-11-20T06:50:14Z</time>
   </trkpt>
   <trkpt lat="7.0381210" lon="125.4526910">
    <ele>197.3</ele>
    <time>2025-11-20T06:50:15Z</time>
   </trkpt>
   <trkpt lat="7.0381200" lon="125.4526870">
    <ele>197.3</ele>
    <time>2025-11-20T06:50:16Z</time>
   </trkpt>
   <trkpt lat="7.0381280" lon="125.4526870">
    <ele>197.2</ele>
    <time>2025-11-20T06:50:17Z</time>
   </trkpt>
   <trkpt lat="7.0381300" lon="125.4526930">
    <ele>197.1</ele>
    <time>2025-11-20T06:50:18Z</time>
   </trkpt>
   <trkpt lat="7.0381340" lon="125.4526870">
    <ele>197.1</ele>
    <time>2025-11-20T06:50:19Z</time>
   </trkpt>
   <trkpt lat="7.0381340" lon="125.4526790">
    <ele>197.0</ele>
    <time>2025-11-20T06:50:20Z</time>
   </trkpt>
   <trkpt lat="7.0381400" lon="125.4526770">
    <ele>197.0</ele>
    <time>2025-11-20T06:50:21Z</time>
   </trkpt>
   <trkpt lat="7.0381480" lon="125.4526760">
    <ele>196.9</ele>
    <time>2025-11-20T06:50:22Z</time>
   </trkpt>
   <trkpt lat="7.0381580" lon="125.4526680">
    <ele>196.8</ele>
    <time>2025-11-20T06:50:23Z</time>
   </trkpt>
   <trkpt lat="7.0381660" lon="125.4526660">
    <ele>196.8</ele>
    <time>2025-11-20T06:50:24Z</time>
   </trkpt>
   <trkpt lat="7.0381750" lon="125.4526670">
    <ele>196.7</ele>
    <time>2025-11-20T06:50:25Z</time>
   </trkpt>
   <trkpt lat="7.0381950" lon="125.4526620">
    <ele>196.6</ele>
    <time>2025-11-20T06:50:26Z</time>
   </trkpt>
   <trkpt lat="7.0382060" lon="125.4526610">
    <ele>196.5</ele>
    <time>2025-11-20T06:50:27Z</time>
   </trkpt>
   <trkpt lat="7.0382160" lon="125.4526590">
    <ele>196.4</ele>
    <time>2025-11-20T06:50:28Z</time>
   </trkpt>
   <trkpt lat="7.0382220" lon="125.4526520">
    <ele>196.4</ele>
    <time>2025-11-20T06:50:29Z</time>
   </trkpt>
   <trkpt lat="7.0382270" lon="125.4526450">
    <ele>196.3</ele>
    <time>2025-11-20T06:50:30Z</time>
   </trkpt>
   <trkpt lat="7.0382380" lon="125.4526390">
    <ele>196.3</ele>
    <time>2025-11-20T06:50:31Z</time>
   </trkpt>
   <trkpt lat="7.0382500" lon="125.4526360">
    <ele>196.2</ele>
    <time>2025-11-20T06:50:32Z</time>
   </trkpt>
   <trkpt lat="7.0382610" lon="125.4526300">
    <ele>196.1</ele>
    <time>2025-11-20T06:50:33Z</time>
   </trkpt>
   <trkpt lat="7.0382660" lon="125.4526270">
    <ele>196.1</ele>
    <time>2025-11-20T06:50:34Z</time>
   </trkpt>
   <trkpt lat="7.0382790" lon="125.4526230">
    <ele>196.0</ele>
    <time>2025-11-20T06:50:35Z</time>
   </trkpt>
   <trkpt lat="7.0382910" lon="125.4526050">
    <ele>195.9</ele>
    <time>2025-11-20T06:50:36Z</time>
   </trkpt>
   <trkpt lat="7.0382980" lon="125.4526070">
    <ele>195.9</ele>
    <time>2025-11-20T06:50:37Z</time>
   </trkpt>
   <trkpt lat="7.0383100" lon="125.4526030">
    <ele>195.8</ele>
    <time>2025-11-20T06:50:38Z</time>
   </trkpt>
   <trkpt lat="7.0383220" lon="125.4525980">
    <ele>195.8</ele>
    <time>2025-11-20T06:50:39Z</time>
   </trkpt>
   <trkpt lat="7.0383360" lon="125.4526000">
    <ele>195.7</ele>
    <time>2025-11-20T06:50:40Z</time>
   </trkpt>
   <trkpt lat="7.0383450" lon="125.4525970">
    <ele>195.7</ele>
    <time>2025-11-20T06:50:41Z</time>
   </trkpt>
   <trkpt lat="7.0383540" lon="125.4525970">
    <ele>195.7</ele>
    <time>2025-11-20T06:50:42Z</time>
   </trkpt>
   <trkpt lat="7.0383520" lon="125.4525950">
    <ele>195.6</ele>
    <time>2025-11-20T06:50:43Z</time>
   </trkpt>
   <trkpt lat="7.0383620" lon="125.4526020">
    <ele>195.6</ele>
    <time>2025-11-20T06:50:44Z</time>
   </trkpt>
   <trkpt lat="7.0383830" lon="125.4526120">
    <ele>195.5</ele>
    <time>2025-11-20T06:50:45Z</time>
   </trkpt>
   <trkpt lat="7.0383920" lon="125.4526270">
    <ele>195.4</ele>
    <time>2025-11-20T06:50:46Z</time>
   </trkpt>
   <trkpt lat="7.0384030" lon="125.4526340">
    <ele>195.4</ele>
    <time>2025-11-20T06:50:47Z</time>
   </trkpt>
   <trkpt lat="7.0384130" lon="125.4526400">
    <ele>195.3</ele>
    <time>2025-11-20T06:50:48Z</time>
   </trkpt>
   <trkpt lat="7.0384210" lon="125.4526400">
    <ele>195.3</ele>
    <time>2025-11-20T06:50:49Z</time>
   </trkpt>
   <trkpt lat="7.0384280" lon="125.4526450">
    <ele>195.3</ele>
    <time>2025-11-20T06:50:50Z</time>
   </trkpt>
   <trkpt lat="7.0384470" lon="125.4526540">
    <ele>195.2</ele>
    <time>2025-11-20T06:50:51Z</time>
   </trkpt>
   <trkpt lat="7.0384650" lon="125.4526640">
    <ele>195.1</ele>
    <time>2025-11-20T06:50:52Z</time>
   </trkpt>
   <trkpt lat="7.0384710" lon="125.4526650">
    <ele>195.1</ele>
    <time>2025-11-20T06:50:53Z</time>
   </trkpt>
   <trkpt lat="7.0384800" lon="125.4526670">
    <ele>195.1</ele>
    <time>2025-11-20T06:50:54Z</time>
   </trkpt>
   <trkpt lat="7.0384910" lon="125.4526730">
    <ele>195.0</ele>
    <time>2025-11-20T06:50:55Z</time>
   </trkpt>
   <trkpt lat="7.0385060" lon="125.4526790">
    <ele>195.0</ele>
    <time>2025-11-20T06:50:56Z</time>
   </trkpt>
   <trkpt lat="7.0385190" lon="125.4526820">
    <ele>194.9</ele>
    <time>2025-11-20T06:50:57Z</time>
   </trkpt>
   <trkpt lat="7.0385290" lon="125.4526850">
    <ele>194.9</ele>
    <time>2025-11-20T06:50:58Z</time>
   </trkpt>
   <trkpt lat="7.0385350" lon="125.4526920">
    <ele>194.8</ele>
    <time>2025-11-20T06:50:59Z</time>
   </trkpt>
   <trkpt lat="7.0385460" lon="125.4526990">
    <ele>194.8</ele>
    <time>2025-11-20T06:51:00Z</time>
   </trkpt>
   <trkpt lat="7.0385530" lon="125.4527020">
    <ele>194.7</ele>
    <time>2025-11-20T06:51:01Z</time>
   </trkpt>
   <trkpt lat="7.0385660" lon="125.4527090">
    <ele>194.6</ele>
    <time>2025-11-20T06:51:02Z</time>
   </trkpt>
   <trkpt lat="7.0385800" lon="125.4527140">
    <ele>194.5</ele>
    <time>2025-11-20T06:51:03Z</time>
   </trkpt>
   <trkpt lat="7.0385900" lon="125.4527220">
    <ele>194.5</ele>
    <time>2025-11-20T06:51:04Z</time>
   </trkpt>
   <trkpt lat="7.0385950" lon="125.4527250">
    <ele>194.4</ele>
    <time>2025-11-20T06:51:05Z</time>
   </trkpt>
   <trkpt lat="7.0386030" lon="125.4527310">
    <ele>194.4</ele>
    <time>2025-11-20T06:51:06Z</time>
   </trkpt>
   <trkpt lat="7.0386160" lon="125.4527430">
    <ele>194.2</ele>
    <time>2025-11-20T06:51:07Z</time>
   </trkpt>
   <trkpt lat="7.0386280" lon="125.4527530">
    <ele>194.1</ele>
    <time>2025-11-20T06:51:08Z</time>
   </trkpt>
   <trkpt lat="7.0386340" lon="125.4527600">
    <ele>194.0</ele>
    <time>2025-11-20T06:51:09Z</time>
   </trkpt>
   <trkpt lat="7.0386390" lon="125.4527670">
    <ele>194.0</ele>
    <time>2025-11-20T06:51:10Z</time>
   </trkpt>
   <trkpt lat="7.0386450" lon="125.4527740">
    <ele>193.9</ele>
    <time>2025-11-20T06:51:11Z</time>
   </trkpt>
   <trkpt lat="7.0386500" lon="125.4527770">
    <ele>193.8</ele>
    <time>2025-11-20T06:51:12Z</time>
   </trkpt>
   <trkpt lat="7.0386530" lon="125.4527850">
    <ele>193.7</ele>
    <time>2025-11-20T06:51:13Z</time>
   </trkpt>
   <trkpt lat="7.0386650" lon="125.4527980">
    <ele>193.5</ele>
    <time>2025-11-20T06:51:14Z</time>
   </trkpt>
   <trkpt lat="7.0386760" lon="125.4528120">
    <ele>193.4</ele>
    <time>2025-11-20T06:51:15Z</time>
   </trkpt>
   <trkpt lat="7.0386810" lon="125.4528260">
    <ele>193.2</ele>
    <time>2025-11-20T06:51:16Z</time>
   </trkpt>
   <trkpt lat="7.0386840" lon="125.4528410">
    <ele>193.0</ele>
    <time>2025-11-20T06:51:17Z</time>
   </trkpt>
   <trkpt lat="7.0386880" lon="125.4528490">
    <ele>192.9</ele>
    <time>2025-11-20T06:51:18Z</time>
   </trkpt>
   <trkpt lat="7.0386970" lon="125.4528550">
    <ele>192.8</ele>
    <time>2025-11-20T06:51:19Z</time>
   </trkpt>
   <trkpt lat="7.0387050" lon="125.4528640">
    <ele>192.6</ele>
    <time>2025-11-20T06:51:20Z</time>
   </trkpt>
   <trkpt lat="7.0387040" lon="125.4528690">
    <ele>192.6</ele>
    <time>2025-11-20T06:51:21Z</time>
   </trkpt>
   <trkpt lat="7.0387110" lon="125.4528780">
    <ele>192.4</ele>
    <time>2025-11-20T06:51:22Z</time>
   </trkpt>
   <trkpt lat="7.0387120" lon="125.4528820">
    <ele>192.4</ele>
    <time>2025-11-20T06:51:23Z</time>
   </trkpt>
   <trkpt lat="7.0387200" lon="125.4528900">
    <ele>192.2</ele>
    <time>2025-11-20T06:51:24Z</time>
   </trkpt>
   <trkpt lat="7.0387330" lon="125.4529020">
    <ele>192.0</ele>
    <time>2025-11-20T06:51:25Z</time>
   </trkpt>
   <trkpt lat="7.0387380" lon="125.4529100">
    <ele>191.9</ele>
    <time>2025-11-20T06:51:26Z</time>
   </trkpt>
   <trkpt lat="7.0387390" lon="125.4529110">
    <ele>191.8</ele>
    <time>2025-11-20T06:51:27Z</time>
   </trkpt>
   <trkpt lat="7.0387420" lon="125.4529120">
    <ele>191.8</ele>
    <time>2025-11-20T06:51:28Z</time>
   </trkpt>
   <trkpt lat="7.0387460" lon="125.4529100">
    <ele>191.7</ele>
    <time>2025-11-20T06:51:29Z</time>
   </trkpt>
   <trkpt lat="7.0387400" lon="125.4529060">
    <ele>191.5</ele>
    <time>2025-11-20T06:51:30Z</time>
   </trkpt>
   <trkpt lat="7.0387320" lon="125.4529020">
    <ele>191.3</ele>
    <time>2025-11-20T06:51:31Z</time>
   </trkpt>
   <trkpt lat="7.0387340" lon="125.4528990">
    <ele>191.2</ele>
    <time>2025-11-20T06:51:32Z</time>
   </trkpt>
   <trkpt lat="7.0387380" lon="125.4529010">
    <ele>191.1</ele>
    <time>2025-11-20T06:51:33Z</time>
   </trkpt>
   <trkpt lat="7.0387400" lon="125.4528970">
    <ele>191.0</ele>
    <time>2025-11-20T06:51:34Z</time>
   </trkpt>
   <trkpt lat="7.0387360" lon="125.4528980">
    <ele>190.9</ele>
    <time>2025-11-20T06:51:35Z</time>
   </trkpt>
   <trkpt lat="7.0387320" lon="125.4529000">
    <ele>190.8</ele>
    <time>2025-11-20T06:51:36Z</time>
   </trkpt>
   <trkpt lat="7.0387400" lon="125.4528990">
    <ele>190.6</ele>
    <time>2025-11-20T06:51:37Z</time>
   </trkpt>
   <trkpt lat="7.0387400" lon="125.4528890">
    <ele>190.4</ele>
    <time>2025-11-20T06:51:38Z</time>
   </trkpt>
   <trkpt lat="7.0387460" lon="125.4528820">
    <ele>190.2</ele>
    <time>2025-11-20T06:51:39Z</time>
   </trkpt>
   <trkpt lat="7.0387430" lon="125.4528910">
    <ele>189.9</ele>
    <time>2025-11-20T06:51:40Z</time>
   </trkpt>
   <trkpt lat="7.0387520" lon="125.4528840">
    <ele>189.7</ele>
    <time>2025-11-20T06:51:41Z</time>
   </trkpt>
   <trkpt lat="7.0387510" lon="125.4528750">
    <ele>189.4</ele>
    <time>2025-11-20T06:51:42Z</time>
   </trkpt>
   <trkpt lat="7.0387550" lon="125.4528580">
    <ele>189.0</ele>
    <time>2025-11-20T06:51:43Z</time>
   </trkpt>
   <trkpt lat="7.0387600" lon="125.4528490">
    <ele>188.8</ele>
    <time>2025-11-20T06:51:44Z</time>
   </trkpt>
   <trkpt lat="7.0387640" lon="125.4528410">
    <ele>188.6</ele>
    <time>2025-11-20T06:51:45Z</time>
   </trkpt>
   <trkpt lat="7.0387670" lon="125.4528370">
    <ele>188.4</ele>
    <time>2025-11-20T06:51:46Z</time>
   </trkpt>
   <trkpt lat="7.0387680" lon="125.4528330">
    <ele>188.3</ele>
    <time>2025-11-20T06:51:47Z</time>
   </trkpt>
   <trkpt lat="7.0387760" lon="125.4528180">
    <ele>187.9</ele>
    <time>2025-11-20T06:51:48Z</time>
   </trkpt>
   <trkpt lat="7.0387790" lon="125.4528140">
    <ele>187.8</ele>
    <time>2025-11-20T06:51:49Z</time>
   </trkpt>
   <trkpt lat="7.0387880" lon="125.4528060">
    <ele>187.5</ele>
    <time>2025-11-20T06:51:50Z</time>
   </trkpt>
   <trkpt lat="7.0388010" lon="125.4527980">
    <ele>187.2</ele>
    <time>2025-11-20T06:51:51Z</time>
   </trkpt>
   <trkpt lat="7.0388000" lon="125.4527850">
    <ele>186.8</ele>
    <time>2025-11-20T06:51:52Z</time>
   </trkpt>
   <trkpt lat="7.0388030" lon="125.4527760">
    <ele>186.6</ele>
    <time>2025-11-20T06:51:53Z</time>
   </trkpt>
   <trkpt lat="7.0388050" lon="125.4527660">
    <ele>186.4</ele>
    <time>2025-11-20T06:51:54Z</time>
   </trkpt>
   <trkpt lat="7.0388070" lon="125.4527570">
    <ele>186.2</ele>
    <time>2025-11-20T06:51:55Z</time>
   </trkpt>
   <trkpt lat="7.0388150" lon="125.4527360">
    <ele>185.6</ele>
    <time>2025-11-20T06:51:56Z</time>
   </trkpt>
   <trkpt lat="7.0388200" lon="125.4527310">
    <ele>185.4</ele>
    <time>2025-11-20T06:51:57Z</time>
   </trkpt>
   <trkpt lat="7.0388150" lon="125.4527160">
    <ele>185.0</ele>
    <time>2025-11-20T06:51:58Z</time>
   </trkpt>
   <trkpt lat="7.0388220" lon="125.4526960">
    <ele>184.4</ele>
    <time>2025-11-20T06:51:59Z</time>
   </trkpt>
   <trkpt lat="7.0388200" lon="125.4526890">
    <ele>184.1</ele>
    <time>2025-11-20T06:52:00Z</time>
   </trkpt>
   <trkpt lat="7.0388170" lon="125.4526720">
    <ele>183.6</ele>
    <time>2025-11-20T06:52:01Z</time>
   </trkpt>
   <trkpt lat="7.0388100" lon="125.4526660">
    <ele>183.3</ele>
    <time>2025-11-20T06:52:02Z</time>
   </trkpt>
   <trkpt lat="7.0388100" lon="125.4526510">
    <ele>182.9</ele>
    <time>2025-11-20T06:52:03Z</time>
   </trkpt>
   <trkpt lat="7.0388100" lon="125.4526510">
    <ele>182.9</ele>
    <time>2025-11-20T06:52:04Z</time>
   </trkpt>
   <trkpt lat="7.0388190" lon="125.4526430">
    <ele>182.5</ele>
    <time>2025-11-20T06:52:05Z</time>
   </trkpt>
   <trkpt lat="7.0388260" lon="125.4526360">
    <ele>182.2</ele>
    <time>2025-11-20T06:52:06Z</time>
   </trkpt>
   <trkpt lat="7.0388320" lon="125.4526170">
    <ele>181.5</ele>
    <time>2025-11-20T06:52:07Z</time>
   </trkpt>
   <trkpt lat="7.0388340" lon="125.4526080">
    <ele>181.2</ele>
    <time>2025-11-20T06:52:08Z</time>
   </trkpt>
   <trkpt lat="7.0388350" lon="125.4525990">
    <ele>180.9</ele>
    <time>2025-11-20T06:52:09Z</time>
   </trkpt>
   <trkpt lat="7.0388420" lon="125.4525830">
    <ele>180.4</ele>
    <time>2025-11-20T06:52:10Z</time>
   </trkpt>
   <trkpt lat="7.0388480" lon="125.4525740">
    <ele>180.0</ele>
    <time>2025-11-20T06:52:11Z</time>
   </trkpt>
   <trkpt lat="7.0388480" lon="125.4525720">
    <ele>180.0</ele>
    <time>2025-11-20T06:52:12Z</time>
   </trkpt>
   <trkpt lat="7.0388520" lon="125.4525690">
    <ele>179.8</ele>
    <time>2025-11-20T06:52:13Z</time>
   </trkpt>
   <trkpt lat="7.0388610" lon="125.4525610">
    <ele>179.4</ele>
    <time>2025-11-20T06:52:14Z</time>
   </trkpt>
   <trkpt lat="7.0388640" lon="125.4525590">
    <ele>179.3</ele>
    <time>2025-11-20T06:52:15Z</time>
   </trkpt>
   <trkpt lat="7.0388710" lon="125.4525550">
    <ele>179.0</ele>
    <time>2025-11-20T06:52:16Z</time>
   </trkpt>
   <trkpt lat="7.0388680" lon="125.4525440">
    <ele>178.7</ele>
    <time>2025-11-20T06:52:17Z</time>
   </trkpt>
   <trkpt lat="7.0388700" lon="125.4525330">
    <ele>178.3</ele>
    <time>2025-11-20T06:52:18Z</time>
   </trkpt>
   <trkpt lat="7.0388700" lon="125.4525300">
    <ele>178.2</ele>
    <time>2025-11-20T06:52:19Z</time>
   </trkpt>
   <trkpt lat="7.0388700" lon="125.4525250">
    <ele>178.0</ele>
    <time>2025-11-20T06:52:20Z</time>
   </trkpt>
   <trkpt lat="7.0388650" lon="125.4525150">
    <ele>177.7</ele>
    <time>2025-11-20T06:52:21Z</time>
   </trkpt>
   <trkpt lat="7.0388650" lon="125.4525060">
    <ele>177.5</ele>
    <time>2025-11-20T06:52:22Z</time>
   </trkpt>
   <trkpt lat="7.0388620" lon="125.4524950">
    <ele>177.4</ele>
    <time>2025-11-20T06:52:23Z</time>
   </trkpt>
   <trkpt lat="7.0388500" lon="125.4524830">
    <ele>177.2</ele>
    <time>2025-11-20T06:52:24Z</time>
   </trkpt>
   <trkpt lat="7.0388460" lon="125.4524760">
    <ele>177.2</ele>
    <time>2025-11-20T06:52:25Z</time>
   </trkpt>
   <trkpt lat="7.0388440" lon="125.4524740">
    <ele>177.1</ele>
    <time>2025-11-20T06:52:26Z</time>
   </trkpt>
   <trkpt lat="7.0388490" lon="125.4524680">
    <ele>177.0</ele>
    <time>2025-11-20T06:52:27Z</time>
   </trkpt>
   <trkpt lat="7.0388590" lon="125.4524620">
    <ele>176.9</ele>
    <time>2025-11-20T06:52:28Z</time>
   </trkpt>
   <trkpt lat="7.0388640" lon="125.4524590">
    <ele>176.9</ele>
    <time>2025-11-20T06:52:29Z</time>
   </trkpt>
   <trkpt lat="7.0388690" lon="125.4524570">
    <ele>176.8</ele>
    <time>2025-11-20T06:52:30Z</time>
   </trkpt>
   <trkpt lat="7.0388730" lon="125.4524550">
    <ele>176.7</ele>
    <time>2025-11-20T06:52:31Z</time>
   </trkpt>
   <trkpt lat="7.0388780" lon="125.4524520">
    <ele>176.7</ele>
    <time>2025-11-20T06:52:32Z</time>
   </trkpt>
   <trkpt lat="7.0388830" lon="125.4524500">
    <ele>176.6</ele>
    <time>2025-11-20T06:52:33Z</time>
   </trkpt>
   <trkpt lat="7.0388910" lon="125.4524370">
    <ele>176.5</ele>
    <time>2025-11-20T06:52:34Z</time>
   </trkpt>
   <trkpt lat="7.0388860" lon="125.4524210">
    <ele>176.3</ele>
    <time>2025-11-20T06:52:35Z</time>
   </trkpt>
   <trkpt lat="7.0388930" lon="125.4524180">
    <ele>176.2</ele>
    <time>2025-11-20T06:52:36Z</time>
   </trkpt>
   <trkpt lat="7.0388960" lon="125.4524130">
    <ele>176.1</ele>
    <time>2025-11-20T06:52:37Z</time>
   </trkpt>
   <trkpt lat="7.0388990" lon="125.4524070">
    <ele>176.1</ele>
    <time>2025-11-20T06:52:38Z</time>
   </trkpt>
   <trkpt lat="7.0389010" lon="125.4524010">
    <ele>176.0</ele>
    <time>2025-11-20T06:52:39Z</time>
   </trkpt>
   <trkpt lat="7.0389040" lon="125.4523950">
    <ele>175.9</ele>
    <time>2025-11-20T06:52:40Z</time>
   </trkpt>
   <trkpt lat="7.0389070" lon="125.4523900">
    <ele>175.9</ele>
    <time>2025-11-20T06:52:41Z</time>
   </trkpt>
   <trkpt lat="7.0389100" lon="125.4523840">
    <ele>175.8</ele>
    <time>2025-11-20T06:52:42Z</time>
   </trkpt>
   <trkpt lat="7.0389090" lon="125.4523830">
    <ele>175.8</ele>
    <time>2025-11-20T06:52:43Z</time>
   </trkpt>
   <trkpt lat="7.0389170" lon="125.4523820">
    <ele>175.7</ele>
    <time>2025-11-20T06:52:44Z</time>
   </trkpt>
   <trkpt lat="7.0389200" lon="125.4523680">
    <ele>175.5</ele>
    <time>2025-11-20T06:52:45Z</time>
   </trkpt>
   <trkpt lat="7.0389370" lon="125.4523720">
    <ele>175.3</ele>
    <time>2025-11-20T06:52:46Z</time>
   </trkpt>
   <trkpt lat="7.0389550" lon="125.4523730">
    <ele>175.0</ele>
    <time>2025-11-20T06:52:47Z</time>
   </trkpt>
   <trkpt lat="7.0389660" lon="125.4523740">
    <ele>174.8</ele>
    <time>2025-11-20T06:52:48Z</time>
   </trkpt>
   <trkpt lat="7.0389760" lon="125.4523740">
    <ele>174.7</ele>
    <time>2025-11-20T06:52:49Z</time>
   </trkpt>
   <trkpt lat="7.0389890" lon="125.4523740">
    <ele>174.5</ele>
    <time>2025-11-20T06:52:50Z</time>
   </trkpt>
   <trkpt lat="7.0390020" lon="125.4523660">
    <ele>174.3</ele>
    <time>2025-11-20T06:52:51Z</time>
   </trkpt>
   <trkpt lat="7.0389990" lon="125.4523460">
    <ele>173.9</ele>
    <time>2025-11-20T06:52:52Z</time>
   </trkpt>
   <trkpt lat="7.0390030" lon="125.4523360">
    <ele>173.8</ele>
    <time>2025-11-20T06:52:53Z</time>
   </trkpt>
   <trkpt lat="7.0390080" lon="125.4523290">
    <ele>173.6</ele>
    <time>2025-11-20T06:52:55Z</time>
   </trkpt>
   <trkpt lat="7.0390080" lon="125.4523220">
    <ele>173.5</ele>
    <time>2025-11-20T06:52:56Z</time>
   </trkpt>
   <trkpt lat="7.0390090" lon="125.4523140">
    <ele>173.3</ele>
    <time>2025-11-20T06:52:57Z</time>
   </trkpt>
   <trkpt lat="7.0390090" lon="125.4523070">
    <ele>173.2</ele>
    <time>2025-11-20T06:52:58Z</time>
   </trkpt>
   <trkpt lat="7.0390090" lon="125.4523000">
    <ele>173.1</ele>
    <time>2025-11-20T06:52:59Z</time>
   </trkpt>
   <trkpt lat="7.0390080" lon="125.4522890">
    <ele>172.8</ele>
    <time>2025-11-20T06:53:00Z</time>
   </trkpt>
   <trkpt lat="7.0390080" lon="125.4522770">
    <ele>172.6</ele>
    <time>2025-11-20T06:53:01Z</time>
   </trkpt>
   <trkpt lat="7.0390090" lon="125.4522650">
    <ele>172.4</ele>
    <time>2025-11-20T06:53:02Z</time>
   </trkpt>
   <trkpt lat="7.0390120" lon="125.4522520">
    <ele>172.1</ele>
    <time>2025-11-20T06:53:03Z</time>
   </trkpt>
   <trkpt lat="7.0390170" lon="125.4522360">
    <ele>171.8</ele>
    <time>2025-11-20T06:53:04Z</time>
   </trkpt>
   <trkpt lat="7.0390230" lon="125.4522260">
    <ele>171.6</ele>
    <time>2025-11-20T06:53:05Z</time>
   </trkpt>
   <trkpt lat="7.0390270" lon="125.4522190">
    <ele>171.5</ele>
    <time>2025-11-20T06:53:06Z</time>
   </trkpt>
   <trkpt lat="7.0390340" lon="125.4522050">
    <ele>171.3</ele>
    <time>2025-11-20T06:53:07Z</time>
   </trkpt>
   <trkpt lat="7.0390390" lon="125.4521920">
    <ele>171.1</ele>
    <time>2025-11-20T06:53:08Z</time>
   </trkpt>
   <trkpt lat="7.0390420" lon="125.4521790">
    <ele>170.9</ele>
    <time>2025-11-20T06:53:09Z</time>
   </trkpt>
   <trkpt lat="7.0390410" lon="125.4521680">
    <ele>170.7</ele>
    <time>2025-11-20T06:53:10Z</time>
   </trkpt>
   <trkpt lat="7.0390340" lon="125.4521490">
    <ele>170.5</ele>
    <time>2025-11-20T06:53:11Z</time>
   </trkpt>
   <trkpt lat="7.0390210" lon="125.4521380">
    <ele>170.2</ele>
    <time>2025-11-20T06:53:12Z</time>
   </trkpt>
   <trkpt lat="7.0390260" lon="125.4521210">
    <ele>170.0</ele>
    <time>2025-11-20T06:53:13Z</time>
   </trkpt>
   <trkpt lat="7.0390270" lon="125.4520960">
    <ele>169.7</ele>
    <time>2025-11-20T06:53:14Z</time>
   </trkpt>
   <trkpt lat="7.0390280" lon="125.4520860">
    <ele>169.6</ele>
    <time>2025-11-20T06:53:15Z</time>
   </trkpt>
   <trkpt lat="7.0390420" lon="125.4520540">
    <ele>169.3</ele>
    <time>2025-11-20T06:53:16Z</time>
   </trkpt>
   <trkpt lat="7.0390500" lon="125.4520430">
    <ele>169.1</ele>
    <time>2025-11-20T06:53:17Z</time>
   </trkpt>
   <trkpt lat="7.0390490" lon="125.4520080">
    <ele>168.8</ele>
    <time>2025-11-20T06:53:18Z</time>
   </trkpt>
   <trkpt lat="7.0390510" lon="125.4520040">
    <ele>168.7</ele>
    <time>2025-11-20T06:53:19Z</time>
   </trkpt>
   <trkpt lat="7.0390600" lon="125.4520000">
    <ele>168.6</ele>
    <time>2025-11-20T06:53:20Z</time>
   </trkpt>
   <trkpt lat="7.0390640" lon="125.4519820">
    <ele>168.6</ele>
    <time>2025-11-20T06:53:21Z</time>
   </trkpt>
   <trkpt lat="7.0390690" lon="125.4519690">
    <ele>168.5</ele>
    <time>2025-11-20T06:53:22Z</time>
   </trkpt>
   <trkpt lat="7.0390520" lon="125.4519560">
    <ele>168.5</ele>
    <time>2025-11-20T06:53:23Z</time>
   </trkpt>
   <trkpt lat="7.0390360" lon="125.4519490">
    <ele>168.4</ele>
    <time>2025-11-20T06:53:24Z</time>
   </trkpt>
   <trkpt lat="7.0390290" lon="125.4519300">
    <ele>168.3</ele>
    <time>2025-11-20T06:53:25Z</time>
   </trkpt>
   <trkpt lat="7.0390270" lon="125.4519170">
    <ele>168.3</ele>
    <time>2025-11-20T06:53:26Z</time>
   </trkpt>
   <trkpt lat="7.0390280" lon="125.4519020">
    <ele>168.3</ele>
    <time>2025-11-20T06:53:27Z</time>
   </trkpt>
   <trkpt lat="7.0390270" lon="125.4518860">
    <ele>168.2</ele>
    <time>2025-11-20T06:53:28Z</time>
   </trkpt>
   <trkpt lat="7.0390170" lon="125.4518760">
    <ele>168.2</ele>
    <time>2025-11-20T06:53:29Z</time>
   </trkpt>
   <trkpt lat="7.0389990" lon="125.4518760">
    <ele>168.1</ele>
    <time>2025-11-20T06:53:30Z</time>
   </trkpt>
   <trkpt lat="7.0389860" lon="125.4518760">
    <ele>168.1</ele>
    <time>2025-11-20T06:53:31Z</time>
   </trkpt>
   <trkpt lat="7.0389830" lon="125.4518760">
    <ele>168.0</ele>
    <time>2025-11-20T06:53:32Z</time>
   </trkpt>
   <trkpt lat="7.0389820" lon="125.4518660">
    <ele>168.0</ele>
    <time>2025-11-20T06:53:33Z</time>
   </trkpt>
   <trkpt lat="7.0389830" lon="125.4518580">
    <ele>168.0</ele>
    <time>2025-11-20T06:53:34Z</time>
   </trkpt>
   <trkpt lat="7.0389850" lon="125.4518420">
    <ele>167.9</ele>
    <time>2025-11-20T06:53:35Z</time>
   </trkpt>
   <trkpt lat="7.0389960" lon="125.4518250">
    <ele>167.9</ele>
    <time>2025-11-20T06:53:36Z</time>
   </trkpt>
   <trkpt lat="7.0389950" lon="125.4518130">
    <ele>167.9</ele>
    <time>2025-11-20T06:53:37Z</time>
   </trkpt>
   <trkpt lat="7.0390100" lon="125.4517920">
    <ele>167.8</ele>
    <time>2025-11-20T06:53:38Z</time>
   </trkpt>
   <trkpt lat="7.0390200" lon="125.4517840">
    <ele>167.7</ele>
    <time>2025-11-20T06:53:39Z</time>
   </trkpt>
   <trkpt lat="7.0390370" lon="125.4517760">
    <ele>167.7</ele>
    <time>2025-11-20T06:53:40Z</time>
   </trkpt>
   <trkpt lat="7.0390460" lon="125.4517720">
    <ele>167.7</ele>
    <time>2025-11-20T06:53:41Z</time>
   </trkpt>
   <trkpt lat="7.0390460" lon="125.4517650">
    <ele>167.6</ele>
    <time>2025-11-20T06:53:42Z</time>
   </trkpt>
   <trkpt lat="7.0390470" lon="125.4517670">
    <ele>167.6</ele>
    <time>2025-11-20T06:53:43Z</time>
   </trkpt>
   <trkpt lat="7.0390550" lon="125.4517610">
    <ele>167.6</ele>
    <time>2025-11-20T06:53:44Z</time>
   </trkpt>
   <trkpt lat="7.0390630" lon="125.4517660">
    <ele>167.6</ele>
    <time>2025-11-20T06:53:45Z</time>
   </trkpt>
   <trkpt lat="7.0390640" lon="125.4517700">
    <ele>167.6</ele>
    <time>2025-11-20T06:53:46Z</time>
   </trkpt>
   <trkpt lat="7.0390620" lon="125.4517770">
    <ele>167.6</ele>
    <time>2025-11-20T06:53:47Z</time>
   </trkpt>
   <trkpt lat="7.0390590" lon="125.4517830">
    <ele>167.5</ele>
    <time>2025-11-20T06:53:48Z</time>
   </trkpt>
   <trkpt lat="7.0390570" lon="125.4517750">
    <ele>167.5</ele>
    <time>2025-11-20T06:53:49Z</time>
   </trkpt>
   <trkpt lat="7.0390540" lon="125.4517740">
    <ele>167.5</ele>
    <time>2025-11-20T06:53:50Z</time>
   </trkpt>
   <trkpt lat="7.0390680" lon="125.4517860">
    <ele>167.5</ele>
    <time>2025-11-20T06:53:51Z</time>
   </trkpt>
   <trkpt lat="7.0390610" lon="125.4517850">
    <ele>167.4</ele>
    <time>2025-11-20T06:53:52Z</time>
   </trkpt>
   <trkpt lat="7.0390620" lon="125.4517970">
    <ele>167.4</ele>
    <time>2025-11-20T06:53:53Z</time>
   </trkpt>
   <trkpt lat="7.0390690" lon="125.4518050">
    <ele>167.4</ele>
    <time>2025-11-20T06:53:54Z</time>
   </trkpt>
   <trkpt lat="7.0390670" lon="125.4518170">
    <ele>167.3</ele>
    <time>2025-11-20T06:53:55Z</time>
   </trkpt>
   <trkpt lat="7.0390670" lon="125.4518160">
    <ele>167.3</ele>
    <time>2025-11-20T06:53:56Z</time>
   </trkpt>
   <trkpt lat="7.0390710" lon="125.4518140">
    <ele>167.3</ele>
    <time>2025-11-20T06:53:57Z</time>
   </trkpt>
   <trkpt lat="7.0390750" lon="125.4518150">
    <ele>167.3</ele>
    <time>2025-11-20T06:53:58Z</time>
   </trkpt>
   <trkpt lat="7.0390830" lon="125.4518130">
    <ele>167.3</ele>
    <time>2025-11-20T06:53:59Z</time>
   </trkpt>
   <trkpt lat="7.0390890" lon="125.4518130">
    <ele>167.3</ele>
    <time>2025-11-20T06:54:00Z</time>
   </trkpt>
   <trkpt lat="7.0390990" lon="125.4518060">
    <ele>167.3</ele>
    <time>2025-11-20T06:54:01Z</time>
   </trkpt>
   <trkpt lat="7.0391040" lon="125.4517980">
    <ele>167.2</ele>
    <time>2025-11-20T06:54:02Z</time>
   </trkpt>
   <trkpt lat="7.0391050" lon="125.4517990">
    <ele>167.2</ele>
    <time>2025-11-20T06:54:03Z</time>
   </trkpt>
   <trkpt lat="7.0391040" lon="125.4517960">
    <ele>167.2</ele>
    <time>2025-11-20T06:54:04Z</time>
   </trkpt>
   <trkpt lat="7.0391050" lon="125.4517940">
    <ele>167.2</ele>
    <time>2025-11-20T06:54:05Z</time>
   </trkpt>
   <trkpt lat="7.0391070" lon="125.4518040">
    <ele>167.2</ele>
    <time>2025-11-20T06:54:06Z</time>
   </trkpt>
   <trkpt lat="7.0391070" lon="125.4518170">
    <ele>167.2</ele>
    <time>2025-11-20T06:54:07Z</time>
   </trkpt>
   <trkpt lat="7.0391040" lon="125.4518200">
    <ele>167.2</ele>
    <time>2025-11-20T06:54:08Z</time>
   </trkpt>
   <trkpt lat="7.0391010" lon="125.4518250">
    <ele>167.2</ele>
    <time>2025-11-20T06:54:09Z</time>
   </trkpt>
   <trkpt lat="7.0390950" lon="125.4518280">
    <ele>167.1</ele>
    <time>2025-11-20T06:54:10Z</time>
   </trkpt>
   <trkpt lat="7.0390900" lon="125.4518300">
    <ele>167.1</ele>
    <time>2025-11-20T06:54:11Z</time>
   </trkpt>
   <trkpt lat="7.0390850" lon="125.4518330">
    <ele>167.1</ele>
    <time>2025-11-20T06:54:12Z</time>
   </trkpt>
   <trkpt lat="7.0390810" lon="125.4518360">
    <ele>167.1</ele>
    <time>2025-11-20T06:54:13Z</time>
   </trkpt>
   <trkpt lat="7.0390760" lon="125.4518380">
    <ele>167.1</ele>
    <time>2025-11-20T06:54:14Z</time>
   </trkpt>
   <trkpt lat="7.0390710" lon="125.4518410">
    <ele>167.1</ele>
    <time>2025-11-20T06:54:15Z</time>
   </trkpt>
   <trkpt lat="7.0390660" lon="125.4518430">
    <ele>167.1</ele>
    <time>2025-11-20T06:54:16Z</time>
   </trkpt>
   <trkpt lat="7.0390610" lon="125.4518460">
    <ele>167.1</ele>
    <time>2025-11-20T06:54:17Z</time>
   </trkpt>
   <trkpt lat="7.0390610" lon="125.4518380">
    <ele>167.1</ele>
    <time>2025-11-20T06:54:18Z</time>
   </trkpt>
   <trkpt lat="7.0390530" lon="125.4518380">
    <ele>167.0</ele>
    <time>2025-11-20T06:54:19Z</time>
   </trkpt>
   <trkpt lat="7.0390460" lon="125.4518450">
    <ele>167.0</ele>
    <time>2025-11-20T06:54:20Z</time>
   </trkpt>
   <trkpt lat="7.0390330" lon="125.4518510">
    <ele>167.0</ele>
    <time>2025-11-20T06:54:21Z</time>
   </trkpt>
   <trkpt lat="7.0390290" lon="125.4518530">
    <ele>167.0</ele>
    <time>2025-11-20T06:54:22Z</time>
   </trkpt>
   <trkpt lat="7.0390230" lon="125.4518550">
    <ele>167.0</ele>
    <time>2025-11-20T06:54:23Z</time>
   </trkpt>
   <trkpt lat="7.0390230" lon="125.4518520">
    <ele>167.0</ele>
    <time>2025-11-20T06:54:24Z</time>
   </trkpt>
   <trkpt lat="7.0390220" lon="125.4518460">
    <ele>167.0</ele>
    <time>2025-11-20T06:54:25Z</time>
   </trkpt>
   <trkpt lat="7.0390400" lon="125.4518300">
    <ele>166.9</ele>
    <time>2025-11-20T06:54:26Z</time>
   </trkpt>
   <trkpt lat="7.0390290" lon="125.4518180">
    <ele>166.9</ele>
    <time>2025-11-20T06:54:27Z</time>
   </trkpt>
   <trkpt lat="7.0390060" lon="125.4518330">
    <ele>166.8</ele>
    <time>2025-11-20T06:54:28Z</time>
   </trkpt>
   <trkpt lat="7.0390070" lon="125.4518350">
    <ele>166.8</ele>
    <time>2025-11-20T06:54:29Z</time>
   </trkpt>
   <trkpt lat="7.0389950" lon="125.4518430">
    <ele>166.8</ele>
    <time>2025-11-20T06:54:30Z</time>
   </trkpt>
   <trkpt lat="7.0389970" lon="125.4518480">
    <ele>166.8</ele>
    <time>2025-11-20T06:54:31Z</time>
   </trkpt>
   <trkpt lat="7.0390130" lon="125.4518500">
    <ele>166.8</ele>
    <time>2025-11-20T06:54:32Z</time>
   </trkpt>
   <trkpt lat="7.0390200" lon="125.4518420">
    <ele>166.8</ele>
    <time>2025-11-20T06:54:33Z</time>
   </trkpt>
   <trkpt lat="7.0390290" lon="125.4518390">
    <ele>166.8</ele>
    <time>2025-11-20T06:54:34Z</time>
   </trkpt>
   <trkpt lat="7.0390180" lon="125.4518450">
    <ele>166.8</ele>
    <time>2025-11-20T06:54:35Z</time>
   </trkpt>
   <trkpt lat="7.0390130" lon="125.4518500">
    <ele>166.8</ele>
    <time>2025-11-20T06:54:36Z</time>
   </trkpt>
   <trkpt lat="7.0390070" lon="125.4518480">
    <ele>166.8</ele>
    <time>2025-11-20T06:54:37Z</time>
   </trkpt>
   <trkpt lat="7.0390070" lon="125.4518480">
    <ele>166.8</ele>
    <time>2025-11-20T06:54:38Z</time>
   </trkpt>
   <trkpt lat="7.0390020" lon="125.4518510">
    <ele>166.8</ele>
    <time>2025-11-20T06:54:39Z</time>
   </trkpt>
   <trkpt lat="7.0389940" lon="125.4518510">
    <ele>166.8</ele>
    <time>2025-11-20T06:54:40Z</time>
   </trkpt>
   <trkpt lat="7.0389840" lon="125.4518530">
    <ele>166.8</ele>
    <time>2025-11-20T06:54:41Z</time>
   </trkpt>
   <trkpt lat="7.0389790" lon="125.4518500">
    <ele>166.8</ele>
    <time>2025-11-20T06:54:42Z</time>
   </trkpt>
   <trkpt lat="7.0390120" lon="125.4518420">
    <ele>166.8</ele>
    <time>2025-11-20T06:54:43Z</time>
   </trkpt>
   <trkpt lat="7.0390340" lon="125.4518270">
    <ele>166.7</ele>
    <time>2025-11-20T06:54:44Z</time>
   </trkpt>
   <trkpt lat="7.0390430" lon="125.4518190">
    <ele>166.7</ele>
    <time>2025-11-20T06:54:45Z</time>
   </trkpt>
   <trkpt lat="7.0390490" lon="125.4518140">
    <ele>166.7</ele>
    <time>2025-11-20T06:54:46Z</time>
   </trkpt>
   <trkpt lat="7.0390470" lon="125.4518110">
    <ele>166.7</ele>
    <time>2025-11-20T06:54:47Z</time>
   </trkpt>
   <trkpt lat="7.0390490" lon="125.4518080">
    <ele>166.7</ele>
    <time>2025-11-20T06:54:48Z</time>
   </trkpt>
   <trkpt lat="7.0390470" lon="125.4518130">
    <ele>166.7</ele>
    <time>2025-11-20T06:54:49Z</time>
   </trkpt>
   <trkpt lat="7.0390450" lon="125.4518120">
    <ele>166.7</ele>
    <time>2025-11-20T06:54:50Z</time>
   </trkpt>
   <trkpt lat="7.0390360" lon="125.4518090">
    <ele>166.7</ele>
    <time>2025-11-20T06:54:51Z</time>
   </trkpt>
   <trkpt lat="7.0390490" lon="125.4518050">
    <ele>166.7</ele>
    <time>2025-11-20T06:54:52Z</time>
   </trkpt>
   <trkpt lat="7.0390510" lon="125.4517840">
    <ele>166.7</ele>
    <time>2025-11-20T06:54:53Z</time>
   </trkpt>
   <trkpt lat="7.0390560" lon="125.4517940">
    <ele>166.8</ele>
    <time>2025-11-20T06:54:54Z</time>
   </trkpt>
   <trkpt lat="7.0390540" lon="125.4518030">
    <ele>166.8</ele>
    <time>2025-11-20T06:54:55Z</time>
   </trkpt>
   <trkpt lat="7.0390590" lon="125.4518010">
    <ele>166.8</ele>
    <time>2025-11-20T06:54:57Z</time>
   </trkpt>
   <trkpt lat="7.0390440" lon="125.4518170">
    <ele>166.8</ele>
    <time>2025-11-20T06:54:58Z</time>
   </trkpt>
   <trkpt lat="7.0390480" lon="125.4518110">
    <ele>166.8</ele>
    <time>2025-11-20T06:54:59Z</time>
   </trkpt>
   <trkpt lat="7.0390440" lon="125.4518140">
    <ele>166.8</ele>
    <time>2025-11-20T06:55:00Z</time>
   </trkpt>
   <trkpt lat="7.0390450" lon="125.4518180">
    <ele>166.8</ele>
    <time>2025-11-20T06:55:01Z</time>
   </trkpt>
   <trkpt lat="7.0390490" lon="125.4518250">
    <ele>166.8</ele>
    <time>2025-11-20T06:55:02Z</time>
   </trkpt>
   <trkpt lat="7.0390490" lon="125.4518250">
    <ele>166.8</ele>
    <time>2025-11-20T06:55:03Z</time>
   </trkpt>
   <trkpt lat="7.0390490" lon="125.4518250">
    <ele>166.8</ele>
    <time>2025-11-20T06:55:04Z</time>
   </trkpt>
   <trkpt lat="7.0390470" lon="125.4518280">
    <ele>166.8</ele>
    <time>2025-11-20T06:55:05Z</time>
   </trkpt>
   <trkpt lat="7.0390580" lon="125.4518330">
    <ele>166.8</ele>
    <time>2025-11-20T06:55:06Z</time>
   </trkpt>
   <trkpt lat="7.0390520" lon="125.4518290">
    <ele>166.9</ele>
    <time>2025-11-20T06:55:07Z</time>
   </trkpt>
   <trkpt lat="7.0390520" lon="125.4518360">
    <ele>166.9</ele>
    <time>2025-11-20T06:55:08Z</time>
   </trkpt>
   <trkpt lat="7.0390540" lon="125.4518370">
    <ele>166.9</ele>
    <time>2025-11-20T06:55:09Z</time>
   </trkpt>
   <trkpt lat="7.0390670" lon="125.4518440">
    <ele>166.9</ele>
    <time>2025-11-20T06:55:10Z</time>
   </trkpt>
   <trkpt lat="7.0390640" lon="125.4518550">
    <ele>166.9</ele>
    <time>2025-11-20T06:55:11Z</time>
   </trkpt>
   <trkpt lat="7.0390570" lon="125.4518550">
    <ele>166.9</ele>
    <time>2025-11-20T06:55:12Z</time>
   </trkpt>
   <trkpt lat="7.0390500" lon="125.4518560">
    <ele>166.9</ele>
    <time>2025-11-20T06:55:13Z</time>
   </trkpt>
   <trkpt lat="7.0390420" lon="125.4518570">
    <ele>166.9</ele>
    <time>2025-11-20T06:55:14Z</time>
   </trkpt>
   <trkpt lat="7.0390350" lon="125.4518570">
    <ele>166.9</ele>
    <time>2025-11-20T06:55:15Z</time>
   </trkpt>
   <trkpt lat="7.0390280" lon="125.4518580">
    <ele>166.9</ele>
    <time>2025-11-20T06:55:16Z</time>
   </trkpt>
   <trkpt lat="7.0390200" lon="125.4518540">
    <ele>167.0</ele>
    <time>2025-11-20T06:55:17Z</time>
   </trkpt>
   <trkpt lat="7.0390010" lon="125.4518480">
    <ele>167.0</ele>
    <time>2025-11-20T06:55:18Z</time>
   </trkpt>
   <trkpt lat="7.0389900" lon="125.4518390">
    <ele>167.0</ele>
    <time>2025-11-20T06:55:19Z</time>
   </trkpt>
   <trkpt lat="7.0389900" lon="125.4518390">
    <ele>167.0</ele>
    <time>2025-11-20T06:55:20Z</time>
   </trkpt>
   <trkpt lat="7.0389900" lon="125.4518390">
    <ele>167.0</ele>
    <time>2025-11-20T06:55:21Z</time>
   </trkpt>
   <trkpt lat="7.0389900" lon="125.4518390">
    <ele>167.0</ele>
    <time>2025-11-20T06:55:22Z</time>
   </trkpt>
   <trkpt lat="7.0389900" lon="125.4518390">
    <ele>167.0</ele>
    <time>2025-11-20T06:55:23Z</time>
   </trkpt>
   <trkpt lat="7.0389900" lon="125.4518390">
    <ele>167.0</ele>
    <time>2025-11-20T06:55:24Z</time>
   </trkpt>
   <trkpt lat="7.0390200" lon="125.4518370">
    <ele>167.1</ele>
    <time>2025-11-20T06:55:25Z</time>
   </trkpt>
   <trkpt lat="7.0390150" lon="125.4518390">
    <ele>167.1</ele>
    <time>2025-11-20T06:55:26Z</time>
   </trkpt>
   <trkpt lat="7.0390090" lon="125.4518470">
    <ele>167.1</ele>
    <time>2025-11-20T06:55:27Z</time>
   </trkpt>
   <trkpt lat="7.0389950" lon="125.4518510">
    <ele>167.2</ele>
    <time>2025-11-20T06:55:28Z</time>
   </trkpt>
   <trkpt lat="7.0389810" lon="125.4518520">
    <ele>167.2</ele>
    <time>2025-11-20T06:55:29Z</time>
   </trkpt>
   <trkpt lat="7.0389810" lon="125.4518430">
    <ele>167.2</ele>
    <time>2025-11-20T06:55:30Z</time>
   </trkpt>
   <trkpt lat="7.0389880" lon="125.4518310">
    <ele>167.3</ele>
    <time>2025-11-20T06:55:31Z</time>
   </trkpt>
   <trkpt lat="7.0390090" lon="125.4518240">
    <ele>167.3</ele>
    <time>2025-11-20T06:55:32Z</time>
   </trkpt>
   <trkpt lat="7.0390120" lon="125.4518230">
    <ele>167.3</ele>
    <time>2025-11-20T06:55:33Z</time>
   </trkpt>
   <trkpt lat="7.0390050" lon="125.4518320">
    <ele>167.4</ele>
    <time>2025-11-20T06:55:34Z</time>
   </trkpt>
   <trkpt lat="7.0389940" lon="125.4518340">
    <ele>167.4</ele>
    <time>2025-11-20T06:55:35Z</time>
   </trkpt>
   <trkpt lat="7.0389900" lon="125.4518210">
    <ele>167.4</ele>
    <time>2025-11-20T06:55:36Z</time>
   </trkpt>
   <trkpt lat="7.0389930" lon="125.4518210">
    <ele>167.4</ele>
    <time>2025-11-20T06:55:37Z</time>
   </trkpt>
   <trkpt lat="7.0389820" lon="125.4518460">
    <ele>167.5</ele>
    <time>2025-11-20T06:55:38Z</time>
   </trkpt>
   <trkpt lat="7.0389840" lon="125.4518490">
    <ele>167.5</ele>
    <time>2025-11-20T06:55:39Z</time>
   </trkpt>
   <trkpt lat="7.0389840" lon="125.4518520">
    <ele>167.5</ele>
    <time>2025-11-20T06:55:40Z</time>
   </trkpt>
   <trkpt lat="7.0389800" lon="125.4518600">
    <ele>167.6</ele>
    <time>2025-11-20T06:55:41Z</time>
   </trkpt>
   <trkpt lat="7.0389810" lon="125.4518570">
    <ele>167.6</ele>
    <time>2025-11-20T06:55:42Z</time>
   </trkpt>
   <trkpt lat="7.0389760" lon="125.4518450">
    <ele>167.6</ele>
    <time>2025-11-20T06:55:43Z</time>
   </trkpt>
   <trkpt lat="7.0389770" lon="125.4518450">
    <ele>167.6</ele>
    <time>2025-11-20T06:55:44Z</time>
   </trkpt>
   <trkpt lat="7.0389830" lon="125.4518410">
    <ele>167.6</ele>
    <time>2025-11-20T06:55:45Z</time>
   </trkpt>
   <trkpt lat="7.0390120" lon="125.4518400">
    <ele>167.7</ele>
    <time>2025-11-20T06:55:46Z</time>
   </trkpt>
   <trkpt lat="7.0390100" lon="125.4518360">
    <ele>167.8</ele>
    <time>2025-11-20T06:55:47Z</time>
   </trkpt>
   <trkpt lat="7.0390240" lon="125.4518290">
    <ele>167.8</ele>
    <time>2025-11-20T06:55:48Z</time>
   </trkpt>
   <trkpt lat="7.0390270" lon="125.4518180">
    <ele>167.9</ele>
    <time>2025-11-20T06:55:49Z</time>
   </trkpt>
   <trkpt lat="7.0390280" lon="125.4518180">
    <ele>167.9</ele>
    <time>2025-11-20T06:55:50Z</time>
   </trkpt>
   <trkpt lat="7.0390270" lon="125.4518200">
    <ele>167.9</ele>
    <time>2025-11-20T06:55:51Z</time>
   </trkpt>
   <trkpt lat="7.0390220" lon="125.4518220">
    <ele>167.9</ele>
    <time>2025-11-20T06:55:52Z</time>
   </trkpt>
   <trkpt lat="7.0390260" lon="125.4518190">
    <ele>167.9</ele>
    <time>2025-11-20T06:55:53Z</time>
   </trkpt>
   <trkpt lat="7.0390320" lon="125.4518140">
    <ele>168.0</ele>
    <time>2025-11-20T06:55:54Z</time>
   </trkpt>
   <trkpt lat="7.0390320" lon="125.4518040">
    <ele>168.0</ele>
    <time>2025-11-20T06:55:55Z</time>
   </trkpt>
   <trkpt lat="7.0390300" lon="125.4517980">
    <ele>168.0</ele>
    <time>2025-11-20T06:55:56Z</time>
   </trkpt>
   <trkpt lat="7.0390290" lon="125.4517930">
    <ele>168.1</ele>
    <time>2025-11-20T06:55:57Z</time>
   </trkpt>
   <trkpt lat="7.0390270" lon="125.4517880">
    <ele>168.1</ele>
    <time>2025-11-20T06:55:58Z</time>
   </trkpt>
   <trkpt lat="7.0390260" lon="125.4517820">
    <ele>168.1</ele>
    <time>2025-11-20T06:55:59Z</time>
   </trkpt>
   <trkpt lat="7.0390240" lon="125.4517770">
    <ele>168.1</ele>
    <time>2025-11-20T06:56:00Z</time>
   </trkpt>
   <trkpt lat="7.0390150" lon="125.4517760">
    <ele>168.2</ele>
    <time>2025-11-20T06:56:01Z</time>
   </trkpt>
   <trkpt lat="7.0390180" lon="125.4517540">
    <ele>168.3</ele>
    <time>2025-11-20T06:56:02Z</time>
   </trkpt>
   <trkpt lat="7.0390220" lon="125.4517950">
    <ele>168.4</ele>
    <time>2025-11-20T06:56:03Z</time>
   </trkpt>
   <trkpt lat="7.0390290" lon="125.4517560">
    <ele>168.6</ele>
    <time>2025-11-20T06:56:04Z</time>
   </trkpt>
   <trkpt lat="7.0390310" lon="125.4517560">
    <ele>168.6</ele>
    <time>2025-11-20T06:56:05Z</time>
   </trkpt>
   <trkpt lat="7.0390420" lon="125.4517620">
    <ele>168.7</ele>
    <time>2025-11-20T06:56:06Z</time>
   </trkpt>
   <trkpt lat="7.0390490" lon="125.4517550">
    <ele>168.7</ele>
    <time>2025-11-20T06:56:07Z</time>
   </trkpt>
   <trkpt lat="7.0390600" lon="125.4517600">
    <ele>168.8</ele>
    <time>2025-11-20T06:56:08Z</time>
   </trkpt>
   <trkpt lat="7.0390660" lon="125.4517580">
    <ele>168.8</ele>
    <time>2025-11-20T06:56:09Z</time>
   </trkpt>
   <trkpt lat="7.0390730" lon="125.4517560">
    <ele>168.9</ele>
    <time>2025-11-20T06:56:10Z</time>
   </trkpt>
   <trkpt lat="7.0390790" lon="125.4517540">
    <ele>168.9</ele>
    <time>2025-11-20T06:56:11Z</time>
   </trkpt>
   <trkpt lat="7.0390850" lon="125.4517520">
    <ele>168.9</ele>
    <time>2025-11-20T06:56:12Z</time>
   </trkpt>
   <trkpt lat="7.0391240" lon="125.4517540">
    <ele>169.1</ele>
    <time>2025-11-20T06:56:13Z</time>
   </trkpt>
   <trkpt lat="7.0391160" lon="125.4517620">
    <ele>169.2</ele>
    <time>2025-11-20T06:56:14Z</time>
   </trkpt>
   <trkpt lat="7.0391080" lon="125.4517740">
    <ele>169.3</ele>
    <time>2025-11-20T06:56:15Z</time>
   </trkpt>
   <trkpt lat="7.0391060" lon="125.4517770">
    <ele>169.3</ele>
    <time>2025-11-20T06:56:16Z</time>
   </trkpt>
   <trkpt lat="7.0391070" lon="125.4517770">
    <ele>169.3</ele>
    <time>2025-11-20T06:56:17Z</time>
   </trkpt>
   <trkpt lat="7.0391060" lon="125.4517750">
    <ele>169.3</ele>
    <time>2025-11-20T06:56:18Z</time>
   </trkpt>
   <trkpt lat="7.0391040" lon="125.4517760">
    <ele>169.3</ele>
    <time>2025-11-20T06:56:19Z</time>
   </trkpt>
   <trkpt lat="7.0391090" lon="125.4517820">
    <ele>169.4</ele>
    <time>2025-11-20T06:56:20Z</time>
   </trkpt>
   <trkpt lat="7.0391090" lon="125.4517860">
    <ele>169.4</ele>
    <time>2025-11-20T06:56:21Z</time>
   </trkpt>
   <trkpt lat="7.0391220" lon="125.4517840">
    <ele>169.4</ele>
    <time>2025-11-20T06:56:22Z</time>
   </trkpt>
   <trkpt lat="7.0391230" lon="125.4517780">
    <ele>169.5</ele>
    <time>2025-11-20T06:56:23Z</time>
   </trkpt>
   <trkpt lat="7.0391100" lon="125.4517480">
    <ele>169.6</ele>
    <time>2025-11-20T06:56:24Z</time>
   </trkpt>
   <trkpt lat="7.0391240" lon="125.4517300">
    <ele>169.8</ele>
    <time>2025-11-20T06:56:25Z</time>
   </trkpt>
   <trkpt lat="7.0391310" lon="125.4517290">
    <ele>169.8</ele>
    <time>2025-11-20T06:56:26Z</time>
   </trkpt>
   <trkpt lat="7.0391350" lon="125.4517230">
    <ele>169.8</ele>
    <time>2025-11-20T06:56:27Z</time>
   </trkpt>
   <trkpt lat="7.0391440" lon="125.4517160">
    <ele>169.9</ele>
    <time>2025-11-20T06:56:28Z</time>
   </trkpt>
   <trkpt lat="7.0391450" lon="125.4517160">
    <ele>169.9</ele>
    <time>2025-11-20T06:56:29Z</time>
   </trkpt>
   <trkpt lat="7.0391440" lon="125.4517100">
    <ele>169.9</ele>
    <time>2025-11-20T06:56:30Z</time>
   </trkpt>
   <trkpt lat="7.0391350" lon="125.4517240">
    <ele>170.0</ele>
    <time>2025-11-20T06:56:31Z</time>
   </trkpt>
   <trkpt lat="7.0391230" lon="125.4516960">
    <ele>170.2</ele>
    <time>2025-11-20T06:56:32Z</time>
   </trkpt>
   <trkpt lat="7.0390920" lon="125.4516760">
    <ele>170.4</ele>
    <time>2025-11-20T06:56:33Z</time>
   </trkpt>
   <trkpt lat="7.0390840" lon="125.4516680">
    <ele>170.5</ele>
    <time>2025-11-20T06:56:34Z</time>
   </trkpt>
   <trkpt lat="7.0390850" lon="125.4516490">
    <ele>170.6</ele>
    <time>2025-11-20T06:56:35Z</time>
   </trkpt>
   <trkpt lat="7.0390900" lon="125.4516520">
    <ele>170.6</ele>
    <time>2025-11-20T06:56:36Z</time>
   </trkpt>
   <trkpt lat="7.0390890" lon="125.4516460">
    <ele>170.7</ele>
    <time>2025-11-20T06:56:37Z</time>
   </trkpt>
   <trkpt lat="7.0390860" lon="125.4516400">
    <ele>170.7</ele>
    <time>2025-11-20T06:56:38Z</time>
   </trkpt>
   <trkpt lat="7.0390820" lon="125.4516350">
    <ele>170.7</ele>
    <time>2025-11-20T06:56:39Z</time>
   </trkpt>
   <trkpt lat="7.0390980" lon="125.4516380">
    <ele>170.8</ele>
    <time>2025-11-20T06:56:40Z</time>
   </trkpt>
   <trkpt lat="7.0390900" lon="125.4516140">
    <ele>171.0</ele>
    <time>2025-11-20T06:56:41Z</time>
   </trkpt>
   <trkpt lat="7.0390950" lon="125.4516070">
    <ele>171.0</ele>
    <time>2025-11-20T06:56:42Z</time>
   </trkpt>
   <trkpt lat="7.0391010" lon="125.4515980">
    <ele>171.1</ele>
    <time>2025-11-20T06:56:43Z</time>
   </trkpt>
   <trkpt lat="7.0391060" lon="125.4515920">
    <ele>171.1</ele>
    <time>2025-11-20T06:56:44Z</time>
   </trkpt>
   <trkpt lat="7.0391030" lon="125.4515820">
    <ele>171.3</ele>
    <time>2025-11-20T06:56:45Z</time>
   </trkpt>
   <trkpt lat="7.0390940" lon="125.4515760">
    <ele>171.4</ele>
    <time>2025-11-20T06:56:46Z</time>
   </trkpt>
   <trkpt lat="7.0390940" lon="125.4515830">
    <ele>171.4</ele>
    <time>2025-11-20T06:56:47Z</time>
   </trkpt>
   <trkpt lat="7.0390950" lon="125.4515850">
    <ele>171.5</ele>
    <time>2025-11-20T06:56:48Z</time>
   </trkpt>
   <trkpt lat="7.0390870" lon="125.4515850">
    <ele>171.5</ele>
    <time>2025-11-20T06:56:49Z</time>
   </trkpt>
   <trkpt lat="7.0390700" lon="125.4515830">
    <ele>171.7</ele>
    <time>2025-11-20T06:56:50Z</time>
   </trkpt>
   <trkpt lat="7.0390500" lon="125.4515750">
    <ele>171.9</ele>
    <time>2025-11-20T06:56:51Z</time>
   </trkpt>
   <trkpt lat="7.0390430" lon="125.4515700">
    <ele>171.9</ele>
    <time>2025-11-20T06:56:52Z</time>
   </trkpt>
   <trkpt lat="7.0390370" lon="125.4515640">
    <ele>172.0</ele>
    <time>2025-11-20T06:56:53Z</time>
   </trkpt>
   <trkpt lat="7.0390290" lon="125.4515580">
    <ele>172.1</ele>
    <time>2025-11-20T06:56:54Z</time>
   </trkpt>
   <trkpt lat="7.0390150" lon="125.4515490">
    <ele>172.2</ele>
    <time>2025-11-20T06:56:55Z</time>
   </trkpt>
   <trkpt lat="7.0390150" lon="125.4515390">
    <ele>172.3</ele>
    <time>2025-11-20T06:56:56Z</time>
   </trkpt>
   <trkpt lat="7.0389960" lon="125.4515230">
    <ele>172.5</ele>
    <time>2025-11-20T06:56:57Z</time>
   </trkpt>
   <trkpt lat="7.0389900" lon="125.4515220">
    <ele>172.5</ele>
    <time>2025-11-20T06:56:58Z</time>
   </trkpt>
   <trkpt lat="7.0389820" lon="125.4515150">
    <ele>172.6</ele>
    <time>2025-11-20T06:56:59Z</time>
   </trkpt>
   <trkpt lat="7.0389720" lon="125.4515110">
    <ele>172.6</ele>
    <time>2025-11-20T06:57:00Z</time>
   </trkpt>
   <trkpt lat="7.0389650" lon="125.4515190">
    <ele>172.7</ele>
    <time>2025-11-20T06:57:01Z</time>
   </trkpt>
   <trkpt lat="7.0389360" lon="125.4515170">
    <ele>172.8</ele>
    <time>2025-11-20T06:57:03Z</time>
   </trkpt>
   <trkpt lat="7.0389240" lon="125.4515200">
    <ele>172.9</ele>
    <time>2025-11-20T06:57:04Z</time>
   </trkpt>
   <trkpt lat="7.0389140" lon="125.4515200">
    <ele>172.9</ele>
    <time>2025-11-20T06:57:05Z</time>
   </trkpt>
   <trkpt lat="7.0389180" lon="125.4515250">
    <ele>172.9</ele>
    <time>2025-11-20T06:57:06Z</time>
   </trkpt>
   <trkpt lat="7.0389120" lon="125.4515220">
    <ele>172.9</ele>
    <time>2025-11-20T06:57:07Z</time>
   </trkpt>
   <trkpt lat="7.0389040" lon="125.4515230">
    <ele>173.0</ele>
    <time>2025-11-20T06:57:08Z</time>
   </trkpt>
   <trkpt lat="7.0389200" lon="125.4515220">
    <ele>173.0</ele>
    <time>2025-11-20T06:57:09Z</time>
   </trkpt>
   <trkpt lat="7.0389000" lon="125.4515080">
    <ele>173.1</ele>
    <time>2025-11-20T06:57:10Z</time>
   </trkpt>
   <trkpt lat="7.0389080" lon="125.4515080">
    <ele>173.1</ele>
    <time>2025-11-20T06:57:11Z</time>
   </trkpt>
   <trkpt lat="7.0388990" lon="125.4515090">
    <ele>173.1</ele>
    <time>2025-11-20T06:57:12Z</time>
   </trkpt>
   <trkpt lat="7.0388980" lon="125.4515090">
    <ele>173.1</ele>
    <time>2025-11-20T06:57:13Z</time>
   </trkpt>
   <trkpt lat="7.0388830" lon="125.4515070">
    <ele>173.2</ele>
    <time>2025-11-20T06:57:14Z</time>
   </trkpt>
   <trkpt lat="7.0388790" lon="125.4515110">
    <ele>173.2</ele>
    <time>2025-11-20T06:57:15Z</time>
   </trkpt>
   <trkpt lat="7.0388690" lon="125.4515090">
    <ele>173.2</ele>
    <time>2025-11-20T06:57:16Z</time>
   </trkpt>
   <trkpt lat="7.0388540" lon="125.4515080">
    <ele>173.3</ele>
    <time>2025-11-20T06:57:17Z</time>
   </trkpt>
   <trkpt lat="7.0388440" lon="125.4515150">
    <ele>173.3</ele>
    <time>2025-11-20T06:57:18Z</time>
   </trkpt>
   <trkpt lat="7.0388330" lon="125.4515110">
    <ele>173.3</ele>
    <time>2025-11-20T06:57:19Z</time>
   </trkpt>
   <trkpt lat="7.0388280" lon="125.4515080">
    <ele>173.3</ele>
    <time>2025-11-20T06:57:20Z</time>
   </trkpt>
   <trkpt lat="7.0388220" lon="125.4515040">
    <ele>173.3</ele>
    <time>2025-11-20T06:57:21Z</time>
   </trkpt>
   <trkpt lat="7.0388170" lon="125.4515010">
    <ele>173.4</ele>
    <time>2025-11-20T06:57:22Z</time>
   </trkpt>
   <trkpt lat="7.0388110" lon="125.4514970">
    <ele>173.4</ele>
    <time>2025-11-20T06:57:23Z</time>
   </trkpt>
   <trkpt lat="7.0388020" lon="125.4514930">
    <ele>173.4</ele>
    <time>2025-11-20T06:57:24Z</time>
   </trkpt>
   <trkpt lat="7.0387960" lon="125.4514940">
    <ele>173.4</ele>
    <time>2025-11-20T06:57:25Z</time>
   </trkpt>
   <trkpt lat="7.0387890" lon="125.4514950">
    <ele>173.4</ele>
    <time>2025-11-20T06:57:26Z</time>
   </trkpt>
   <trkpt lat="7.0387840" lon="125.4514880">
    <ele>173.5</ele>
    <time>2025-11-20T06:57:27Z</time>
   </trkpt>
   <trkpt lat="7.0387740" lon="125.4514760">
    <ele>173.5</ele>
    <time>2025-11-20T06:57:28Z</time>
   </trkpt>
   <trkpt lat="7.0387700" lon="125.4514740">
    <ele>173.5</ele>
    <time>2025-11-20T06:57:29Z</time>
   </trkpt>
   <trkpt lat="7.0387670" lon="125.4514710">
    <ele>173.5</ele>
    <time>2025-11-20T06:57:30Z</time>
   </trkpt>
   <trkpt lat="7.0387630" lon="125.4514680">
    <ele>173.5</ele>
    <time>2025-11-20T06:57:31Z</time>
   </trkpt>
   <trkpt lat="7.0387590" lon="125.4514660">
    <ele>173.6</ele>
    <time>2025-11-20T06:57:32Z</time>
   </trkpt>
   <trkpt lat="7.0387550" lon="125.4514630">
    <ele>173.6</ele>
    <time>2025-11-20T06:57:33Z</time>
   </trkpt>
   <trkpt lat="7.0387550" lon="125.4514480">
    <ele>173.6</ele>
    <time>2025-11-20T06:57:34Z</time>
   </trkpt>
   <trkpt lat="7.0387630" lon="125.4514290">
    <ele>173.7</ele>
    <time>2025-11-20T06:57:35Z</time>
   </trkpt>
   <trkpt lat="7.0387560" lon="125.4514130">
    <ele>173.8</ele>
    <time>2025-11-20T06:57:36Z</time>
   </trkpt>
   <trkpt lat="7.0387560" lon="125.4514060">
    <ele>173.8</ele>
    <time>2025-11-20T06:57:37Z</time>
   </trkpt>
   <trkpt lat="7.0387550" lon="125.4513980">
    <ele>173.8</ele>
    <time>2025-11-20T06:57:38Z</time>
   </trkpt>
   <trkpt lat="7.0387550" lon="125.4513910">
    <ele>173.9</ele>
    <time>2025-11-20T06:57:39Z</time>
   </trkpt>
   <trkpt lat="7.0387550" lon="125.4513830">
    <ele>173.9</ele>
    <time>2025-11-20T06:57:40Z</time>
   </trkpt>
   <trkpt lat="7.0387650" lon="125.4513630">
    <ele>174.0</ele>
    <time>2025-11-20T06:57:41Z</time>
   </trkpt>
   <trkpt lat="7.0387670" lon="125.4513560">
    <ele>174.0</ele>
    <time>2025-11-20T06:57:42Z</time>
   </trkpt>
   <trkpt lat="7.0387700" lon="125.4513480">
    <ele>174.1</ele>
    <time>2025-11-20T06:57:43Z</time>
   </trkpt>
   <trkpt lat="7.0387670" lon="125.4513490">
    <ele>174.1</ele>
    <time>2025-11-20T06:57:44Z</time>
   </trkpt>
   <trkpt lat="7.0387620" lon="125.4513530">
    <ele>174.1</ele>
    <time>2025-11-20T06:57:45Z</time>
   </trkpt>
   <trkpt lat="7.0387570" lon="125.4513500">
    <ele>174.1</ele>
    <time>2025-11-20T06:57:46Z</time>
   </trkpt>
   <trkpt lat="7.0387550" lon="125.4513370">
    <ele>174.2</ele>
    <time>2025-11-20T06:57:47Z</time>
   </trkpt>
   <trkpt lat="7.0387570" lon="125.4513260">
    <ele>174.2</ele>
    <time>2025-11-20T06:57:48Z</time>
   </trkpt>
   <trkpt lat="7.0387630" lon="125.4513160">
    <ele>174.3</ele>
    <time>2025-11-20T06:57:49Z</time>
   </trkpt>
   <trkpt lat="7.0387690" lon="125.4513080">
    <ele>174.3</ele>
    <time>2025-11-20T06:57:50Z</time>
   </trkpt>
   <trkpt lat="7.0387570" lon="125.4512880">
    <ele>174.4</ele>
    <time>2025-11-20T06:57:51Z</time>
   </trkpt>
   <trkpt lat="7.0387420" lon="125.4512800">
    <ele>174.5</ele>
    <time>2025-11-20T06:57:52Z</time>
   </trkpt>
   <trkpt lat="7.0387400" lon="125.4512900">
    <ele>174.5</ele>
    <time>2025-11-20T06:57:53Z</time>
   </trkpt>
   <trkpt lat="7.0387360" lon="125.4512860">
    <ele>174.6</ele>
    <time>2025-11-20T06:57:54Z</time>
   </trkpt>
   <trkpt lat="7.0387380" lon="125.4512850">
    <ele>174.6</ele>
    <time>2025-11-20T06:57:55Z</time>
   </trkpt>
   <trkpt lat="7.0387390" lon="125.4512850">
    <ele>174.6</ele>
    <time>2025-11-20T06:57:56Z</time>
   </trkpt>
   <trkpt lat="7.0387310" lon="125.4512750">
    <ele>174.6</ele>
    <time>2025-11-20T06:57:57Z</time>
   </trkpt>
   <trkpt lat="7.0387200" lon="125.4512530">
    <ele>174.3</ele>
    <time>2025-11-20T06:57:58Z</time>
   </trkpt>
   <trkpt lat="7.0387150" lon="125.4512410">
    <ele>174.2</ele>
    <time>2025-11-20T06:57:59Z</time>
   </trkpt>
   <trkpt lat="7.0387150" lon="125.4512390">
    <ele>174.2</ele>
    <time>2025-11-20T06:58:00Z</time>
   </trkpt>
   <trkpt lat="7.0387130" lon="125.4512340">
    <ele>174.1</ele>
    <time>2025-11-20T06:58:01Z</time>
   </trkpt>
   <trkpt lat="7.0387100" lon="125.4512290">
    <ele>174.1</ele>
    <time>2025-11-20T06:58:02Z</time>
   </trkpt>
   <trkpt lat="7.0387080" lon="125.4512240">
    <ele>174.1</ele>
    <time>2025-11-20T06:58:03Z</time>
   </trkpt>
   <trkpt lat="7.0387060" lon="125.4512190">
    <ele>174.0</ele>
    <time>2025-11-20T06:58:04Z</time>
   </trkpt>
   <trkpt lat="7.0387040" lon="125.4512140">
    <ele>174.0</ele>
    <time>2025-11-20T06:58:05Z</time>
   </trkpt>
   <trkpt lat="7.0387010" lon="125.4512090">
    <ele>173.9</ele>
    <time>2025-11-20T06:58:06Z</time>
   </trkpt>
   <trkpt lat="7.0386990" lon="125.4512040">
    <ele>173.9</ele>
    <time>2025-11-20T06:58:07Z</time>
   </trkpt>
   <trkpt lat="7.0386760" lon="125.4512100">
    <ele>173.7</ele>
    <time>2025-11-20T06:58:08Z</time>
   </trkpt>
   <trkpt lat="7.0386620" lon="125.4512130">
    <ele>173.6</ele>
    <time>2025-11-20T06:58:09Z</time>
   </trkpt>
   <trkpt lat="7.0386650" lon="125.4512130">
    <ele>173.5</ele>
    <time>2025-11-20T06:58:10Z</time>
   </trkpt>
   <trkpt lat="7.0386670" lon="125.4512070">
    <ele>173.5</ele>
    <time>2025-11-20T06:58:11Z</time>
   </trkpt>
   <trkpt lat="7.0386550" lon="125.4512040">
    <ele>173.4</ele>
    <time>2025-11-20T06:58:12Z</time>
   </trkpt>
   <trkpt lat="7.0386470" lon="125.4511960">
    <ele>173.3</ele>
    <time>2025-11-20T06:58:13Z</time>
   </trkpt>
   <trkpt lat="7.0386510" lon="125.4511920">
    <ele>173.3</ele>
    <time>2025-11-20T06:58:14Z</time>
   </trkpt>
   <trkpt lat="7.0386560" lon="125.4511940">
    <ele>173.2</ele>
    <time>2025-11-20T06:58:15Z</time>
   </trkpt>
   <trkpt lat="7.0386670" lon="125.4511950">
    <ele>173.1</ele>
    <time>2025-11-20T06:58:16Z</time>
   </trkpt>
   <trkpt lat="7.0386710" lon="125.4511990">
    <ele>173.1</ele>
    <time>2025-11-20T06:58:17Z</time>
   </trkpt>
   <trkpt lat="7.0386660" lon="125.4512030">
    <ele>173.0</ele>
    <time>2025-11-20T06:58:18Z</time>
   </trkpt>
   <trkpt lat="7.0386540" lon="125.4512170">
    <ele>172.9</ele>
    <time>2025-11-20T06:58:19Z</time>
   </trkpt>
   <trkpt lat="7.0386430" lon="125.4512250">
    <ele>172.8</ele>
    <time>2025-11-20T06:58:20Z</time>
   </trkpt>
   <trkpt lat="7.0386420" lon="125.4512270">
    <ele>172.7</ele>
    <time>2025-11-20T06:58:21Z</time>
   </trkpt>
   <trkpt lat="7.0386390" lon="125.4512310">
    <ele>172.7</ele>
    <time>2025-11-20T06:58:22Z</time>
   </trkpt>
   <trkpt lat="7.0386320" lon="125.4512450">
    <ele>172.6</ele>
    <time>2025-11-20T06:58:23Z</time>
   </trkpt>
   <trkpt lat="7.0386250" lon="125.4512540">
    <ele>172.5</ele>
    <time>2025-11-20T06:58:24Z</time>
   </trkpt>
   <trkpt lat="7.0386180" lon="125.4512640">
    <ele>172.5</ele>
    <time>2025-11-20T06:58:25Z</time>
   </trkpt>
   <trkpt lat="7.0386180" lon="125.4512570">
    <ele>172.4</ele>
    <time>2025-11-20T06:58:26Z</time>
   </trkpt>
   <trkpt lat="7.0385870" lon="125.4512550">
    <ele>172.3</ele>
    <time>2025-11-20T06:58:27Z</time>
   </trkpt>
   <trkpt lat="7.0385730" lon="125.4512590">
    <ele>172.2</ele>
    <time>2025-11-20T06:58:28Z</time>
   </trkpt>
   <trkpt lat="7.0385650" lon="125.4512600">
    <ele>172.2</ele>
    <time>2025-11-20T06:58:29Z</time>
   </trkpt>
   <trkpt lat="7.0385580" lon="125.4512610">
    <ele>172.2</ele>
    <time>2025-11-20T06:58:30Z</time>
   </trkpt>
   <trkpt lat="7.0385500" lon="125.4512620">
    <ele>172.2</ele>
    <time>2025-11-20T06:58:31Z</time>
   </trkpt>
   <trkpt lat="7.0385290" lon="125.4512620">
    <ele>172.1</ele>
    <time>2025-11-20T06:58:32Z</time>
   </trkpt>
   <trkpt lat="7.0385180" lon="125.4512550">
    <ele>172.1</ele>
    <time>2025-11-20T06:58:33Z</time>
   </trkpt>
   <trkpt lat="7.0385100" lon="125.4512490">
    <ele>172.1</ele>
    <time>2025-11-20T06:58:34Z</time>
   </trkpt>
   <trkpt lat="7.0384920" lon="125.4512360">
    <ele>172.1</ele>
    <time>2025-11-20T06:58:35Z</time>
   </trkpt>
   <trkpt lat="7.0384880" lon="125.4512230">
    <ele>172.1</ele>
    <time>2025-11-20T06:58:36Z</time>
   </trkpt>
   <trkpt lat="7.0384970" lon="125.4512220">
    <ele>172.1</ele>
    <time>2025-11-20T06:58:37Z</time>
   </trkpt>
   <trkpt lat="7.0384910" lon="125.4512200">
    <ele>172.1</ele>
    <time>2025-11-20T06:58:38Z</time>
   </trkpt>
   <trkpt lat="7.0384890" lon="125.4512290">
    <ele>172.1</ele>
    <time>2025-11-20T06:58:39Z</time>
   </trkpt>
   <trkpt lat="7.0384650" lon="125.4512310">
    <ele>172.2</ele>
    <time>2025-11-20T06:58:40Z</time>
   </trkpt>
   <trkpt lat="7.0384620" lon="125.4512240">
    <ele>172.2</ele>
    <time>2025-11-20T06:58:41Z</time>
   </trkpt>
   <trkpt lat="7.0384660" lon="125.4512030">
    <ele>172.3</ele>
    <time>2025-11-20T06:58:42Z</time>
   </trkpt>
   <trkpt lat="7.0384680" lon="125.4511970">
    <ele>172.3</ele>
    <time>2025-11-20T06:58:43Z</time>
   </trkpt>
   <trkpt lat="7.0384610" lon="125.4512010">
    <ele>172.4</ele>
    <time>2025-11-20T06:58:44Z</time>
   </trkpt>
   <trkpt lat="7.0384560" lon="125.4512100">
    <ele>172.4</ele>
    <time>2025-11-20T06:58:45Z</time>
   </trkpt>
   <trkpt lat="7.0384450" lon="125.4512120">
    <ele>172.4</ele>
    <time>2025-11-20T06:58:46Z</time>
   </trkpt>
   <trkpt lat="7.0384350" lon="125.4512110">
    <ele>172.5</ele>
    <time>2025-11-20T06:58:47Z</time>
   </trkpt>
   <trkpt lat="7.0384460" lon="125.4512240">
    <ele>172.6</ele>
    <time>2025-11-20T06:58:48Z</time>
   </trkpt>
   <trkpt lat="7.0384420" lon="125.4512270">
    <ele>172.6</ele>
    <time>2025-11-20T06:58:49Z</time>
   </trkpt>
   <trkpt lat="7.0384320" lon="125.4512330">
    <ele>172.7</ele>
    <time>2025-11-20T06:58:50Z</time>
   </trkpt>
   <trkpt lat="7.0384320" lon="125.4512390">
    <ele>172.7</ele>
    <time>2025-11-20T06:58:51Z</time>
   </trkpt>
   <trkpt lat="7.0384300" lon="125.4512390">
    <ele>172.7</ele>
    <time>2025-11-20T06:58:52Z</time>
   </trkpt>
   <trkpt lat="7.0384240" lon="125.4512460">
    <ele>172.7</ele>
    <time>2025-11-20T06:58:53Z</time>
   </trkpt>
   <trkpt lat="7.0384290" lon="125.4512480">
    <ele>172.8</ele>
    <time>2025-11-20T06:58:54Z</time>
   </trkpt>
   <trkpt lat="7.0384290" lon="125.4512540">
    <ele>172.8</ele>
    <time>2025-11-20T06:58:55Z</time>
   </trkpt>
   <trkpt lat="7.0384280" lon="125.4512600">
    <ele>172.8</ele>
    <time>2025-11-20T06:58:56Z</time>
   </trkpt>
   <trkpt lat="7.0384270" lon="125.4512660">
    <ele>172.9</ele>
    <time>2025-11-20T06:58:57Z</time>
   </trkpt>
   <trkpt lat="7.0384260" lon="125.4512720">
    <ele>172.9</ele>
    <time>2025-11-20T06:58:58Z</time>
   </trkpt>
   <trkpt lat="7.0384260" lon="125.4512780">
    <ele>172.9</ele>
    <time>2025-11-20T06:58:59Z</time>
   </trkpt>
   <trkpt lat="7.0384250" lon="125.4512840">
    <ele>172.9</ele>
    <time>2025-11-20T06:59:00Z</time>
   </trkpt>
   <trkpt lat="7.0384150" lon="125.4512990">
    <ele>173.0</ele>
    <time>2025-11-20T06:59:01Z</time>
   </trkpt>
   <trkpt lat="7.0384040" lon="125.4513080">
    <ele>173.1</ele>
    <time>2025-11-20T06:59:02Z</time>
   </trkpt>
   <trkpt lat="7.0383970" lon="125.4513140">
    <ele>173.1</ele>
    <time>2025-11-20T06:59:03Z</time>
   </trkpt>
   <trkpt lat="7.0383720" lon="125.4513260">
    <ele>173.3</ele>
    <time>2025-11-20T06:59:04Z</time>
   </trkpt>
   <trkpt lat="7.0383550" lon="125.4513230">
    <ele>173.4</ele>
    <time>2025-11-20T06:59:05Z</time>
   </trkpt>
   <trkpt lat="7.0383370" lon="125.4513290">
    <ele>173.4</ele>
    <time>2025-11-20T06:59:06Z</time>
   </trkpt>
   <trkpt lat="7.0383090" lon="125.4513220">
    <ele>173.6</ele>
    <time>2025-11-20T06:59:07Z</time>
   </trkpt>
   <trkpt lat="7.0382990" lon="125.4513150">
    <ele>173.6</ele>
    <time>2025-11-20T06:59:09Z</time>
   </trkpt>
   <trkpt lat="7.0382890" lon="125.4513080">
    <ele>173.7</ele>
    <time>2025-11-20T06:59:10Z</time>
   </trkpt>
   <trkpt lat="7.0382810" lon="125.4512990">
    <ele>173.7</ele>
    <time>2025-11-20T06:59:11Z</time>
   </trkpt>
   <trkpt lat="7.0382650" lon="125.4512910">
    <ele>173.8</ele>
    <time>2025-11-20T06:59:12Z</time>
   </trkpt>
   <trkpt lat="7.0382500" lon="125.4512880">
    <ele>173.8</ele>
    <time>2025-11-20T06:59:13Z</time>
   </trkpt>
   <trkpt lat="7.0382460" lon="125.4512860">
    <ele>173.8</ele>
    <time>2025-11-20T06:59:14Z</time>
   </trkpt>
   <trkpt lat="7.0382370" lon="125.4512720">
    <ele>173.9</ele>
    <time>2025-11-20T06:59:15Z</time>
   </trkpt>
   <trkpt lat="7.0382240" lon="125.4512670">
    <ele>173.9</ele>
    <time>2025-11-20T06:59:16Z</time>
   </trkpt>
   <trkpt lat="7.0382200" lon="125.4512620">
    <ele>174.0</ele>
    <time>2025-11-20T06:59:17Z</time>
   </trkpt>
   <trkpt lat="7.0382150" lon="125.4512510">
    <ele>174.0</ele>
    <time>2025-11-20T06:59:18Z</time>
   </trkpt>
   <trkpt lat="7.0382090" lon="125.4512220">
    <ele>174.1</ele>
    <time>2025-11-20T06:59:19Z</time>
   </trkpt>
   <trkpt lat="7.0382090" lon="125.4512120">
    <ele>174.1</ele>
    <time>2025-11-20T06:59:20Z</time>
   </trkpt>
   <trkpt lat="7.0382060" lon="125.4511970">
    <ele>174.2</ele>
    <time>2025-11-20T06:59:21Z</time>
   </trkpt>
   <trkpt lat="7.0382040" lon="125.4511880">
    <ele>174.2</ele>
    <time>2025-11-20T06:59:22Z</time>
   </trkpt>
   <trkpt lat="7.0382010" lon="125.4511800">
    <ele>174.2</ele>
    <time>2025-11-20T06:59:23Z</time>
   </trkpt>
   <trkpt lat="7.0381990" lon="125.4511710">
    <ele>174.2</ele>
    <time>2025-11-20T06:59:24Z</time>
   </trkpt>
   <trkpt lat="7.0381930" lon="125.4511570">
    <ele>174.3</ele>
    <time>2025-11-20T06:59:25Z</time>
   </trkpt>
   <trkpt lat="7.0381940" lon="125.4511380">
    <ele>174.3</ele>
    <time>2025-11-20T06:59:26Z</time>
   </trkpt>
   <trkpt lat="7.0381830" lon="125.4511210">
    <ele>174.4</ele>
    <time>2025-11-20T06:59:27Z</time>
   </trkpt>
   <trkpt lat="7.0381700" lon="125.4511200">
    <ele>174.4</ele>
    <time>2025-11-20T06:59:28Z</time>
   </trkpt>
   <trkpt lat="7.0381560" lon="125.4511120">
    <ele>174.5</ele>
    <time>2025-11-20T06:59:29Z</time>
   </trkpt>
   <trkpt lat="7.0381430" lon="125.4511050">
    <ele>174.5</ele>
    <time>2025-11-20T06:59:30Z</time>
   </trkpt>
   <trkpt lat="7.0381390" lon="125.4511120">
    <ele>174.5</ele>
    <time>2025-11-20T06:59:31Z</time>
   </trkpt>
   <trkpt lat="7.0381230" lon="125.4511080">
    <ele>174.6</ele>
    <time>2025-11-20T06:59:32Z</time>
   </trkpt>
   <trkpt lat="7.0381170" lon="125.4511030">
    <ele>174.6</ele>
    <time>2025-11-20T06:59:33Z</time>
   </trkpt>
   <trkpt lat="7.0381140" lon="125.4511010">
    <ele>174.6</ele>
    <time>2025-11-20T06:59:34Z</time>
   </trkpt>
   <trkpt lat="7.0381160" lon="125.4511020">
    <ele>174.6</ele>
    <time>2025-11-20T06:59:35Z</time>
   </trkpt>
   <trkpt lat="7.0381160" lon="125.4511020">
    <ele>174.6</ele>
    <time>2025-11-20T06:59:36Z</time>
   </trkpt>
   <trkpt lat="7.0381160" lon="125.4511020">
    <ele>174.6</ele>
    <time>2025-11-20T06:59:37Z</time>
   </trkpt>
   <trkpt lat="7.0381160" lon="125.4511020">
    <ele>174.6</ele>
    <time>2025-11-20T06:59:38Z</time>
   </trkpt>
   <trkpt lat="7.0381160" lon="125.4511020">
    <ele>174.6</ele>
    <time>2025-11-20T06:59:39Z</time>
   </trkpt>
   <trkpt lat="7.0381160" lon="125.4511020">
    <ele>174.6</ele>
    <time>2025-11-20T06:59:40Z</time>
   </trkpt>
   <trkpt lat="7.0381160" lon="125.4511020">
    <ele>174.6</ele>
    <time>2025-11-20T06:59:41Z</time>
   </trkpt>
   <trkpt lat="7.0381160" lon="125.4511020">
    <ele>174.6</ele>
    <time>2025-11-20T06:59:42Z</time>
   </trkpt>
   <trkpt lat="7.0381160" lon="125.4511020">
    <ele>174.6</ele>
    <time>2025-11-20T06:59:43Z</time>
   </trkpt>
   <trkpt lat="7.0381160" lon="125.4511020">
    <ele>174.6</ele>
    <time>2025-11-20T06:59:44Z</time>
   </trkpt>
   <trkpt lat="7.0381160" lon="125.4511020">
    <ele>174.6</ele>
    <time>2025-11-20T06:59:45Z</time>
   </trkpt>
   <trkpt lat="7.0381160" lon="125.4511020">
    <ele>174.6</ele>
    <time>2025-11-20T06:59:46Z</time>
   </trkpt>
   <trkpt lat="7.0381160" lon="125.4511020">
    <ele>174.6</ele>
    <time>2025-11-20T06:59:47Z</time>
   </trkpt>
   <trkpt lat="7.0381160" lon="125.4511020">
    <ele>174.6</ele>
    <time>2025-11-20T06:59:48Z</time>
   </trkpt>
   <trkpt lat="7.0381160" lon="125.4511020">
    <ele>174.6</ele>
    <time>2025-11-20T06:59:49Z</time>
   </trkpt>
   <trkpt lat="7.0381160" lon="125.4511020">
    <ele>174.6</ele>
    <time>2025-11-20T06:59:50Z</time>
   </trkpt>
   <trkpt lat="7.0381160" lon="125.4511020">
    <ele>174.6</ele>
    <time>2025-11-20T06:59:51Z</time>
   </trkpt>
   <trkpt lat="7.0381160" lon="125.4511020">
    <ele>174.6</ele>
    <time>2025-11-20T06:59:52Z</time>
   </trkpt>
   <trkpt lat="7.0381160" lon="125.4511020">
    <ele>174.6</ele>
    <time>2025-11-20T06:59:53Z</time>
   </trkpt>
   <trkpt lat="7.0381160" lon="125.4511020">
    <ele>174.6</ele>
    <time>2025-11-20T06:59:54Z</time>
   </trkpt>
   <trkpt lat="7.0381160" lon="125.4511020">
    <ele>174.6</ele>
    <time>2025-11-20T06:59:55Z</time>
   </trkpt>
   <trkpt lat="7.0381160" lon="125.4511020">
    <ele>174.6</ele>
    <time>2025-11-20T06:59:56Z</time>
   </trkpt>
   <trkpt lat="7.0381160" lon="125.4511020">
    <ele>174.6</ele>
    <time>2025-11-20T06:59:57Z</time>
   </trkpt>
   <trkpt lat="7.0381160" lon="125.4511020">
    <ele>174.6</ele>
    <time>2025-11-20T06:59:58Z</time>
   </trkpt>
   <trkpt lat="7.0381160" lon="125.4511020">
    <ele>174.6</ele>
    <time>2025-11-20T06:59:59Z</time>
   </trkpt>
   <trkpt lat="7.0381160" lon="125.4511020">
    <ele>174.6</ele>
    <time>2025-11-20T07:00:00Z</time>
   </trkpt>
   <trkpt lat="7.0381160" lon="125.4511020">
    <ele>174.6</ele>
    <time>2025-11-20T07:00:01Z</time>
   </trkpt>
   <trkpt lat="7.0381460" lon="125.4511150">
    <ele>174.7</ele>
    <time>2025-11-20T07:00:02Z</time>
   </trkpt>
   <trkpt lat="7.0381530" lon="125.4511140">
    <ele>174.7</ele>
    <time>2025-11-20T07:00:03Z</time>
   </trkpt>
   <trkpt lat="7.0381320" lon="125.4510950">
    <ele>174.9</ele>
    <time>2025-11-20T07:00:04Z</time>
   </trkpt>
   <trkpt lat="7.0381370" lon="125.4510970">
    <ele>174.9</ele>
    <time>2025-11-20T07:00:05Z</time>
   </trkpt>
   <trkpt lat="7.0381370" lon="125.4510970">
    <ele>174.9</ele>
    <time>2025-11-20T07:00:06Z</time>
   </trkpt>
   <trkpt lat="7.0381370" lon="125.4510970">
    <ele>174.9</ele>
    <time>2025-11-20T07:00:07Z</time>
   </trkpt>
   <trkpt lat="7.0381370" lon="125.4510970">
    <ele>174.9</ele>
    <time>2025-11-20T07:00:08Z</time>
   </trkpt>
   <trkpt lat="7.0381370" lon="125.4510970">
    <ele>174.9</ele>
    <time>2025-11-20T07:00:09Z</time>
   </trkpt>
   <trkpt lat="7.0381370" lon="125.4510970">
    <ele>174.9</ele>
    <time>2025-11-20T07:00:10Z</time>
   </trkpt>
   <trkpt lat="7.0381370" lon="125.4510970">
    <ele>174.9</ele>
    <time>2025-11-20T07:00:11Z</time>
   </trkpt>
   <trkpt lat="7.0381370" lon="125.4510970">
    <ele>174.9</ele>
    <time>2025-11-20T07:00:12Z</time>
   </trkpt>
   <trkpt lat="7.0381320" lon="125.4511020">
    <ele>174.9</ele>
    <time>2025-11-20T07:00:13Z</time>
   </trkpt>
   <trkpt lat="7.0381400" lon="125.4511100">
    <ele>175.0</ele>
    <time>2025-11-20T07:00:14Z</time>
   </trkpt>
   <trkpt lat="7.0381460" lon="125.4511120">
    <ele>175.0</ele>
    <time>2025-11-20T07:00:15Z</time>
   </trkpt>
   <trkpt lat="7.0381450" lon="125.4511110">
    <ele>175.0</ele>
    <time>2025-11-20T07:00:16Z</time>
   </trkpt>
   <trkpt lat="7.0381450" lon="125.4511110">
    <ele>175.0</ele>
    <time>2025-11-20T07:00:17Z</time>
   </trkpt>
   <trkpt lat="7.0381450" lon="125.4511110">
    <ele>175.0</ele>
    <time>2025-11-20T07:00:18Z</time>
   </trkpt>
   <trkpt lat="7.0381450" lon="125.4511110">
    <ele>175.0</ele>
    <time>2025-11-20T07:00:19Z</time>
   </trkpt>
   <trkpt lat="7.0381450" lon="125.4511110">
    <ele>175.0</ele>
    <time>2025-11-20T07:00:20Z</time>
   </trkpt>
   <trkpt lat="7.0381450" lon="125.4511110">
    <ele>175.0</ele>
    <time>2025-11-20T07:00:21Z</time>
   </trkpt>
   <trkpt lat="7.0381250" lon="125.4510850">
    <ele>175.1</ele>
    <time>2025-11-20T07:00:22Z</time>
   </trkpt>
   <trkpt lat="7.0381260" lon="125.4510860">
    <ele>175.1</ele>
    <time>2025-11-20T07:00:23Z</time>
   </trkpt>
   <trkpt lat="7.0381260" lon="125.4510860">
    <ele>175.1</ele>
    <time>2025-11-20T07:00:24Z</time>
   </trkpt>
   <trkpt lat="7.0381260" lon="125.4510860">
    <ele>175.1</ele>
    <time>2025-11-20T07:00:25Z</time>
   </trkpt>
   <trkpt lat="7.0381260" lon="125.4510860">
    <ele>175.1</ele>
    <time>2025-11-20T07:00:26Z</time>
   </trkpt>
   <trkpt lat="7.0381260" lon="125.4510860">
    <ele>175.1</ele>
    <time>2025-11-20T07:00:27Z</time>
   </trkpt>
   <trkpt lat="7.0381260" lon="125.4510860">
    <ele>175.1</ele>
    <time>2025-11-20T07:00:28Z</time>
   </trkpt>
   <trkpt lat="7.0381260" lon="125.4510860">
    <ele>175.1</ele>
    <time>2025-11-20T07:00:29Z</time>
   </trkpt>
   <trkpt lat="7.0381260" lon="125.4510860">
    <ele>175.1</ele>
    <time>2025-11-20T07:00:30Z</time>
   </trkpt>
   <trkpt lat="7.0381260" lon="125.4510860">
    <ele>175.1</ele>
    <time>2025-11-20T07:00:31Z</time>
   </trkpt>
   <trkpt lat="7.0381260" lon="125.4510860">
    <ele>175.1</ele>
    <time>2025-11-20T07:00:32Z</time>
   </trkpt>
   <trkpt lat="7.0381260" lon="125.4510860">
    <ele>175.1</ele>
    <time>2025-11-20T07:00:33Z</time>
   </trkpt>
   <trkpt lat="7.0381260" lon="125.4510860">
    <ele>175.1</ele>
    <time>2025-11-20T07:00:34Z</time>
   </trkpt>
   <trkpt lat="7.0381260" lon="125.4510860">
    <ele>175.1</ele>
    <time>2025-11-20T07:00:35Z</time>
   </trkpt>
   <trkpt lat="7.0381260" lon="125.4510860">
    <ele>175.1</ele>
    <time>2025-11-20T07:00:36Z</time>
   </trkpt>
   <trkpt lat="7.0381260" lon="125.4510860">
    <ele>175.1</ele>
    <time>2025-11-20T07:00:37Z</time>
   </trkpt>
   <trkpt lat="7.0381260" lon="125.4510860">
    <ele>175.1</ele>
    <time>2025-11-20T07:00:38Z</time>
   </trkpt>
   <trkpt lat="7.0381390" lon="125.4511070">
    <ele>175.3</ele>
    <time>2025-11-20T07:00:39Z</time>
   </trkpt>
   <trkpt lat="7.0381420" lon="125.4510920">
    <ele>175.4</ele>
    <time>2025-11-20T07:00:40Z</time>
   </trkpt>
   <trkpt lat="7.0381540" lon="125.4510890">
    <ele>175.4</ele>
    <time>2025-11-20T07:00:41Z</time>
   </trkpt>
   <trkpt lat="7.0381570" lon="125.4510810">
    <ele>175.5</ele>
    <time>2025-11-20T07:00:42Z</time>
   </trkpt>
   <trkpt lat="7.0381580" lon="125.4510750">
    <ele>175.5</ele>
    <time>2025-11-20T07:00:43Z</time>
   </trkpt>
   <trkpt lat="7.0381510" lon="125.4510740">
    <ele>175.6</ele>
    <time>2025-11-20T07:00:44Z</time>
   </trkpt>
   <trkpt lat="7.0381420" lon="125.4510720">
    <ele>175.6</ele>
    <time>2025-11-20T07:00:45Z</time>
   </trkpt>
   <trkpt lat="7.0381370" lon="125.4510710">
    <ele>175.7</ele>
    <time>2025-11-20T07:00:46Z</time>
   </trkpt>
   <trkpt lat="7.0381320" lon="125.4510730">
    <ele>175.7</ele>
    <time>2025-11-20T07:00:47Z</time>
   </trkpt>
   <trkpt lat="7.0381310" lon="125.4510730">
    <ele>175.7</ele>
    <time>2025-11-20T07:00:48Z</time>
   </trkpt>
   <trkpt lat="7.0381300" lon="125.4510750">
    <ele>175.7</ele>
    <time>2025-11-20T07:00:49Z</time>
   </trkpt>
   <trkpt lat="7.0381210" lon="125.4510740">
    <ele>175.8</ele>
    <time>2025-11-20T07:00:50Z</time>
   </trkpt>
   <trkpt lat="7.0381130" lon="125.4510760">
    <ele>175.9</ele>
    <time>2025-11-20T07:00:51Z</time>
   </trkpt>
   <trkpt lat="7.0381130" lon="125.4510790">
    <ele>175.9</ele>
    <time>2025-11-20T07:00:52Z</time>
   </trkpt>
   <trkpt lat="7.0381190" lon="125.4510770">
    <ele>176.0</ele>
    <time>2025-11-20T07:00:53Z</time>
   </trkpt>
   <trkpt lat="7.0381250" lon="125.4510790">
    <ele>176.0</ele>
    <time>2025-11-20T07:00:54Z</time>
   </trkpt>
   <trkpt lat="7.0381310" lon="125.4510870">
    <ele>176.1</ele>
    <time>2025-11-20T07:00:55Z</time>
   </trkpt>
   <trkpt lat="7.0381300" lon="125.4510900">
    <ele>176.1</ele>
    <time>2025-11-20T07:00:56Z</time>
   </trkpt>
   <trkpt lat="7.0381260" lon="125.4510850">
    <ele>176.2</ele>
    <time>2025-11-20T07:00:57Z</time>
   </trkpt>
   <trkpt lat="7.0381270" lon="125.4510830">
    <ele>176.2</ele>
    <time>2025-11-20T07:00:58Z</time>
   </trkpt>
   <trkpt lat="7.0381190" lon="125.4510860">
    <ele>176.3</ele>
    <time>2025-11-20T07:00:59Z</time>
   </trkpt>
   <trkpt lat="7.0381200" lon="125.4510890">
    <ele>176.3</ele>
    <time>2025-11-20T07:01:00Z</time>
   </trkpt>
   <trkpt lat="7.0381150" lon="125.4510860">
    <ele>176.3</ele>
    <time>2025-11-20T07:01:01Z</time>
   </trkpt>
   <trkpt lat="7.0381160" lon="125.4510860">
    <ele>176.3</ele>
    <time>2025-11-20T07:01:02Z</time>
   </trkpt>
   <trkpt lat="7.0381080" lon="125.4510860">
    <ele>176.4</ele>
    <time>2025-11-20T07:01:03Z</time>
   </trkpt>
   <trkpt lat="7.0380960" lon="125.4510900">
    <ele>176.5</ele>
    <time>2025-11-20T07:01:04Z</time>
   </trkpt>
   <trkpt lat="7.0380910" lon="125.4510870">
    <ele>176.6</ele>
    <time>2025-11-20T07:01:05Z</time>
   </trkpt>
   <trkpt lat="7.0380870" lon="125.4510830">
    <ele>176.6</ele>
    <time>2025-11-20T07:01:06Z</time>
   </trkpt>
   <trkpt lat="7.0380820" lon="125.4510800">
    <ele>176.7</ele>
    <time>2025-11-20T07:01:07Z</time>
   </trkpt>
   <trkpt lat="7.0380770" lon="125.4510770">
    <ele>176.8</ele>
    <time>2025-11-20T07:01:08Z</time>
   </trkpt>
   <trkpt lat="7.0380720" lon="125.4510740">
    <ele>176.8</ele>
    <time>2025-11-20T07:01:09Z</time>
   </trkpt>
   <trkpt lat="7.0380720" lon="125.4510760">
    <ele>176.8</ele>
    <time>2025-11-20T07:01:10Z</time>
   </trkpt>
   <trkpt lat="7.0380650" lon="125.4510660">
    <ele>176.9</ele>
    <time>2025-11-20T07:01:11Z</time>
   </trkpt>
   <trkpt lat="7.0380760" lon="125.4510560">
    <ele>177.1</ele>
    <time>2025-11-20T07:01:12Z</time>
   </trkpt>
   <trkpt lat="7.0380860" lon="125.4510500">
    <ele>177.2</ele>
    <time>2025-11-20T07:01:13Z</time>
   </trkpt>
   <trkpt lat="7.0380940" lon="125.4510380">
    <ele>177.3</ele>
    <time>2025-11-20T07:01:15Z</time>
   </trkpt>
   <trkpt lat="7.0381010" lon="125.4510270">
    <ele>177.5</ele>
    <time>2025-11-20T07:01:16Z</time>
   </trkpt>
   <trkpt lat="7.0380930" lon="125.4510080">
    <ele>177.7</ele>
    <time>2025-11-20T07:01:17Z</time>
   </trkpt>
   <trkpt lat="7.0380860" lon="125.4510000">
    <ele>177.8</ele>
    <time>2025-11-20T07:01:18Z</time>
   </trkpt>
   <trkpt lat="7.0380790" lon="125.4509920">
    <ele>177.9</ele>
    <time>2025-11-20T07:01:19Z</time>
   </trkpt>
   <trkpt lat="7.0380700" lon="125.4509800">
    <ele>178.0</ele>
    <time>2025-11-20T07:01:20Z</time>
   </trkpt>
   <trkpt lat="7.0380660" lon="125.4509880">
    <ele>178.1</ele>
    <time>2025-11-20T07:01:21Z</time>
   </trkpt>
   <trkpt lat="7.0380660" lon="125.4509860">
    <ele>178.1</ele>
    <time>2025-11-20T07:01:22Z</time>
   </trkpt>
   <trkpt lat="7.0380650" lon="125.4509830">
    <ele>178.1</ele>
    <time>2025-11-20T07:01:23Z</time>
   </trkpt>
   <trkpt lat="7.0380610" lon="125.4509790">
    <ele>178.2</ele>
    <time>2025-11-20T07:01:24Z</time>
   </trkpt>
   <trkpt lat="7.0380510" lon="125.4509710">
    <ele>178.3</ele>
    <time>2025-11-20T07:01:25Z</time>
   </trkpt>
   <trkpt lat="7.0380440" lon="125.4509680">
    <ele>178.4</ele>
    <time>2025-11-20T07:01:26Z</time>
   </trkpt>
   <trkpt lat="7.0380280" lon="125.4509550">
    <ele>178.6</ele>
    <time>2025-11-20T07:01:27Z</time>
   </trkpt>
   <trkpt lat="7.0380090" lon="125.4509510">
    <ele>178.7</ele>
    <time>2025-11-20T07:01:28Z</time>
   </trkpt>
   <trkpt lat="7.0380020" lon="125.4509520">
    <ele>178.8</ele>
    <time>2025-11-20T07:01:29Z</time>
   </trkpt>
   <trkpt lat="7.0379940" lon="125.4509520">
    <ele>178.9</ele>
    <time>2025-11-20T07:01:30Z</time>
   </trkpt>
   <trkpt lat="7.0379870" lon="125.4509530">
    <ele>178.9</ele>
    <time>2025-11-20T07:01:31Z</time>
   </trkpt>
   <trkpt lat="7.0379930" lon="125.4509470">
    <ele>179.0</ele>
    <time>2025-11-20T07:01:32Z</time>
   </trkpt>
   <trkpt lat="7.0379860" lon="125.4509360">
    <ele>179.1</ele>
    <time>2025-11-20T07:01:33Z</time>
   </trkpt>
   <trkpt lat="7.0379770" lon="125.4509280">
    <ele>179.2</ele>
    <time>2025-11-20T07:01:34Z</time>
   </trkpt>
   <trkpt lat="7.0379720" lon="125.4509240">
    <ele>179.2</ele>
    <time>2025-11-20T07:01:35Z</time>
   </trkpt>
   <trkpt lat="7.0379720" lon="125.4509300">
    <ele>179.3</ele>
    <time>2025-11-20T07:01:36Z</time>
   </trkpt>
   <trkpt lat="7.0379570" lon="125.4509190">
    <ele>179.4</ele>
    <time>2025-11-20T07:01:37Z</time>
   </trkpt>
   <trkpt lat="7.0379510" lon="125.4509140">
    <ele>179.5</ele>
    <time>2025-11-20T07:01:38Z</time>
   </trkpt>
   <trkpt lat="7.0379460" lon="125.4509090">
    <ele>179.5</ele>
    <time>2025-11-20T07:01:39Z</time>
   </trkpt>
   <trkpt lat="7.0379450" lon="125.4509020">
    <ele>179.6</ele>
    <time>2025-11-20T07:01:40Z</time>
   </trkpt>
   <trkpt lat="7.0379280" lon="125.4508980">
    <ele>179.7</ele>
    <time>2025-11-20T07:01:41Z</time>
   </trkpt>
   <trkpt lat="7.0379280" lon="125.4508890">
    <ele>179.8</ele>
    <time>2025-11-20T07:01:42Z</time>
   </trkpt>
   <trkpt lat="7.0379320" lon="125.4508810">
    <ele>179.8</ele>
    <time>2025-11-20T07:01:43Z</time>
   </trkpt>
   <trkpt lat="7.0379240" lon="125.4508710">
    <ele>179.9</ele>
    <time>2025-11-20T07:01:44Z</time>
   </trkpt>
   <trkpt lat="7.0379190" lon="125.4508650">
    <ele>180.0</ele>
    <time>2025-11-20T07:01:45Z</time>
   </trkpt>
   <trkpt lat="7.0379130" lon="125.4508590">
    <ele>180.0</ele>
    <time>2025-11-20T07:01:46Z</time>
   </trkpt>
   <trkpt lat="7.0379070" lon="125.4508530">
    <ele>180.1</ele>
    <time>2025-11-20T07:01:47Z</time>
   </trkpt>
   <trkpt lat="7.0379010" lon="125.4508450">
    <ele>180.2</ele>
    <time>2025-11-20T07:01:48Z</time>
   </trkpt>
   <trkpt lat="7.0378970" lon="125.4508370">
    <ele>180.2</ele>
    <time>2025-11-20T07:01:49Z</time>
   </trkpt>
   <trkpt lat="7.0379010" lon="125.4508480">
    <ele>180.3</ele>
    <time>2025-11-20T07:01:50Z</time>
   </trkpt>
   <trkpt lat="7.0379030" lon="125.4508550">
    <ele>180.3</ele>
    <time>2025-11-20T07:01:51Z</time>
   </trkpt>
   <trkpt lat="7.0378980" lon="125.4508520">
    <ele>180.4</ele>
    <time>2025-11-20T07:01:52Z</time>
   </trkpt>
   <trkpt lat="7.0378990" lon="125.4508420">
    <ele>180.4</ele>
    <time>2025-11-20T07:01:53Z</time>
   </trkpt>
   <trkpt lat="7.0378910" lon="125.4508340">
    <ele>180.5</ele>
    <time>2025-11-20T07:01:54Z</time>
   </trkpt>
   <trkpt lat="7.0378740" lon="125.4508230">
    <ele>180.6</ele>
    <time>2025-11-20T07:01:55Z</time>
   </trkpt>
   <trkpt lat="7.0378630" lon="125.4508030">
    <ele>180.8</ele>
    <time>2025-11-20T07:01:56Z</time>
   </trkpt>
   <trkpt lat="7.0378600" lon="125.4507950">
    <ele>180.8</ele>
    <time>2025-11-20T07:01:57Z</time>
   </trkpt>
   <trkpt lat="7.0378650" lon="125.4507810">
    <ele>180.9</ele>
    <time>2025-11-20T07:01:58Z</time>
   </trkpt>
   <trkpt lat="7.0378650" lon="125.4507720">
    <ele>181.0</ele>
    <time>2025-11-20T07:01:59Z</time>
   </trkpt>
   <trkpt lat="7.0378640" lon="125.4507640">
    <ele>181.0</ele>
    <time>2025-11-20T07:02:00Z</time>
   </trkpt>
   <trkpt lat="7.0378640" lon="125.4507560">
    <ele>181.1</ele>
    <time>2025-11-20T07:02:01Z</time>
   </trkpt>
   <trkpt lat="7.0378630" lon="125.4507420">
    <ele>181.1</ele>
    <time>2025-11-20T07:02:02Z</time>
   </trkpt>
   <trkpt lat="7.0378620" lon="125.4507280">
    <ele>181.2</ele>
    <time>2025-11-20T07:02:03Z</time>
   </trkpt>
   <trkpt lat="7.0378550" lon="125.4507240">
    <ele>181.3</ele>
    <time>2025-11-20T07:02:04Z</time>
   </trkpt>
   <trkpt lat="7.0378440" lon="125.4507210">
    <ele>181.3</ele>
    <time>2025-11-20T07:02:05Z</time>
   </trkpt>
   <trkpt lat="7.0378430" lon="125.4507120">
    <ele>181.4</ele>
    <time>2025-11-20T07:02:06Z</time>
   </trkpt>
   <trkpt lat="7.0378410" lon="125.4507000">
    <ele>181.4</ele>
    <time>2025-11-20T07:02:07Z</time>
   </trkpt>
   <trkpt lat="7.0378400" lon="125.4506950">
    <ele>181.5</ele>
    <time>2025-11-20T07:02:08Z</time>
   </trkpt>
   <trkpt lat="7.0378430" lon="125.4506920">
    <ele>181.5</ele>
    <time>2025-11-20T07:02:09Z</time>
   </trkpt>
   <trkpt lat="7.0378440" lon="125.4506940">
    <ele>181.5</ele>
    <time>2025-11-20T07:02:10Z</time>
   </trkpt>
   <trkpt lat="7.0378430" lon="125.4506940">
    <ele>181.5</ele>
    <time>2025-11-20T07:02:11Z</time>
   </trkpt>
   <trkpt lat="7.0378500" lon="125.4506940">
    <ele>181.5</ele>
    <time>2025-11-20T07:02:12Z</time>
   </trkpt>
   <trkpt lat="7.0378560" lon="125.4506920">
    <ele>181.6</ele>
    <time>2025-11-20T07:02:13Z</time>
   </trkpt>
   <trkpt lat="7.0378560" lon="125.4506920">
    <ele>181.6</ele>
    <time>2025-11-20T07:02:14Z</time>
   </trkpt>
   <trkpt lat="7.0378560" lon="125.4506920">
    <ele>181.6</ele>
    <time>2025-11-20T07:02:15Z</time>
   </trkpt>
   <trkpt lat="7.0378740" lon="125.4506920">
    <ele>181.7</ele>
    <time>2025-11-20T07:02:16Z</time>
   </trkpt>
   <trkpt lat="7.0378770" lon="125.4506910">
    <ele>181.7</ele>
    <time>2025-11-20T07:02:17Z</time>
   </trkpt>
   <trkpt lat="7.0378800" lon="125.4506850">
    <ele>181.7</ele>
    <time>2025-11-20T07:02:18Z</time>
   </trkpt>
   <trkpt lat="7.0378980" lon="125.4506790">
    <ele>181.8</ele>
    <time>2025-11-20T07:02:19Z</time>
   </trkpt>
   <trkpt lat="7.0378980" lon="125.4506800">
    <ele>181.8</ele>
    <time>2025-11-20T07:02:20Z</time>
   </trkpt>
   <trkpt lat="7.0379030" lon="125.4506730">
    <ele>181.8</ele>
    <time>2025-11-20T07:02:21Z</time>
   </trkpt>
   <trkpt lat="7.0379070" lon="125.4506660">
    <ele>181.9</ele>
    <time>2025-11-20T07:02:22Z</time>
   </trkpt>
   <trkpt lat="7.0379110" lon="125.4506520">
    <ele>181.9</ele>
    <time>2025-11-20T07:02:23Z</time>
   </trkpt>
   <trkpt lat="7.0379180" lon="125.4506290">
    <ele>182.1</ele>
    <time>2025-11-20T07:02:24Z</time>
   </trkpt>
   <trkpt lat="7.0379200" lon="125.4506210">
    <ele>182.1</ele>
    <time>2025-11-20T07:02:25Z</time>
   </trkpt>
   <trkpt lat="7.0379230" lon="125.4506130">
    <ele>182.1</ele>
    <time>2025-11-20T07:02:26Z</time>
   </trkpt>
   <trkpt lat="7.0379270" lon="125.4505950">
    <ele>182.2</ele>
    <time>2025-11-20T07:02:27Z</time>
   </trkpt>
   <trkpt lat="7.0379300" lon="125.4505890">
    <ele>182.3</ele>
    <time>2025-11-20T07:02:28Z</time>
   </trkpt>
   <trkpt lat="7.0379320" lon="125.4505830">
    <ele>182.3</ele>
    <time>2025-11-20T07:02:29Z</time>
   </trkpt>
   <trkpt lat="7.0379340" lon="125.4505770">
    <ele>182.3</ele>
    <time>2025-11-20T07:02:30Z</time>
   </trkpt>
   <trkpt lat="7.0379350" lon="125.4505680">
    <ele>182.4</ele>
    <time>2025-11-20T07:02:31Z</time>
   </trkpt>
   <trkpt lat="7.0379330" lon="125.4505620">
    <ele>182.4</ele>
    <time>2025-11-20T07:02:32Z</time>
   </trkpt>
   <trkpt lat="7.0379320" lon="125.4505590">
    <ele>182.4</ele>
    <time>2025-11-20T07:02:33Z</time>
   </trkpt>
   <trkpt lat="7.0379340" lon="125.4505500">
    <ele>182.4</ele>
    <time>2025-11-20T07:02:34Z</time>
   </trkpt>
   <trkpt lat="7.0379380" lon="125.4505210">
    <ele>182.6</ele>
    <time>2025-11-20T07:02:35Z</time>
   </trkpt>
   <trkpt lat="7.0379380" lon="125.4505110">
    <ele>182.7</ele>
    <time>2025-11-20T07:02:36Z</time>
   </trkpt>
   <trkpt lat="7.0379410" lon="125.4504950">
    <ele>182.9</ele>
    <time>2025-11-20T07:02:37Z</time>
   </trkpt>
   <trkpt lat="7.0379430" lon="125.4504860">
    <ele>183.1</ele>
    <time>2025-11-20T07:02:38Z</time>
   </trkpt>
   <trkpt lat="7.0379490" lon="125.4504910">
    <ele>183.2</ele>
    <time>2025-11-20T07:02:39Z</time>
   </trkpt>
   <trkpt lat="7.0379510" lon="125.4504870">
    <ele>183.2</ele>
    <time>2025-11-20T07:02:40Z</time>
   </trkpt>
   <trkpt lat="7.0379550" lon="125.4504850">
    <ele>183.3</ele>
    <time>2025-11-20T07:02:41Z</time>
   </trkpt>
   <trkpt lat="7.0379590" lon="125.4504800">
    <ele>183.4</ele>
    <time>2025-11-20T07:02:42Z</time>
   </trkpt>
   <trkpt lat="7.0379660" lon="125.4504720">
    <ele>183.5</ele>
    <time>2025-11-20T07:02:43Z</time>
   </trkpt>
   <trkpt lat="7.0379670" lon="125.4504600">
    <ele>183.7</ele>
    <time>2025-11-20T07:02:44Z</time>
   </trkpt>
   <trkpt lat="7.0379690" lon="125.4504520">
    <ele>183.8</ele>
    <time>2025-11-20T07:02:45Z</time>
   </trkpt>
   <trkpt lat="7.0379740" lon="125.4504410">
    <ele>183.9</ele>
    <time>2025-11-20T07:02:46Z</time>
   </trkpt>
   <trkpt lat="7.0379750" lon="125.4504320">
    <ele>184.1</ele>
    <time>2025-11-20T07:02:47Z</time>
   </trkpt>
   <trkpt lat="7.0379790" lon="125.4504130">
    <ele>184.3</ele>
    <time>2025-11-20T07:02:48Z</time>
   </trkpt>
   <trkpt lat="7.0379760" lon="125.4504070">
    <ele>184.4</ele>
    <time>2025-11-20T07:02:49Z</time>
   </trkpt>
   <trkpt lat="7.0379770" lon="125.4504050">
    <ele>184.5</ele>
    <time>2025-11-20T07:02:50Z</time>
   </trkpt>
   <trkpt lat="7.0379760" lon="125.4504030">
    <ele>184.5</ele>
    <time>2025-11-20T07:02:51Z</time>
   </trkpt>
   <trkpt lat="7.0379740" lon="125.4504010">
    <ele>184.5</ele>
    <time>2025-11-20T07:02:52Z</time>
   </trkpt>
   <trkpt lat="7.0379730" lon="125.4504050">
    <ele>184.6</ele>
    <time>2025-11-20T07:02:53Z</time>
   </trkpt>
   <trkpt lat="7.0379730" lon="125.4504050">
    <ele>184.6</ele>
    <time>2025-11-20T07:02:54Z</time>
   </trkpt>
   <trkpt lat="7.0379720" lon="125.4503920">
    <ele>184.8</ele>
    <time>2025-11-20T07:02:55Z</time>
   </trkpt>
   <trkpt lat="7.0379700" lon="125.4503840">
    <ele>184.9</ele>
    <time>2025-11-20T07:02:56Z</time>
   </trkpt>
   <trkpt lat="7.0379680" lon="125.4503760">
    <ele>185.0</ele>
    <time>2025-11-20T07:02:57Z</time>
   </trkpt>
   <trkpt lat="7.0379660" lon="125.4503730">
    <ele>185.0</ele>
    <time>2025-11-20T07:02:58Z</time>
   </trkpt>
   <trkpt lat="7.0379680" lon="125.4503640">
    <ele>185.1</ele>
    <time>2025-11-20T07:02:59Z</time>
   </trkpt>
   <trkpt lat="7.0379630" lon="125.4503490">
    <ele>185.4</ele>
    <time>2025-11-20T07:03:00Z</time>
   </trkpt>
   <trkpt lat="7.0379590" lon="125.4503370">
    <ele>185.5</ele>
    <time>2025-11-20T07:03:01Z</time>
   </trkpt>
   <trkpt lat="7.0379670" lon="125.4503330">
    <ele>185.7</ele>
    <time>2025-11-20T07:03:02Z</time>
   </trkpt>
   <trkpt lat="7.0379620" lon="125.4503280">
    <ele>185.8</ele>
    <time>2025-11-20T07:03:03Z</time>
   </trkpt>
   <trkpt lat="7.0379620" lon="125.4503270">
    <ele>185.8</ele>
    <time>2025-11-20T07:03:04Z</time>
   </trkpt>
   <trkpt lat="7.0379620" lon="125.4503190">
    <ele>185.9</ele>
    <time>2025-11-20T07:03:05Z</time>
   </trkpt>
   <trkpt lat="7.0379670" lon="125.4503130">
    <ele>186.0</ele>
    <time>2025-11-20T07:03:06Z</time>
   </trkpt>
   <trkpt lat="7.0379670" lon="125.4503060">
    <ele>186.1</ele>
    <time>2025-11-20T07:03:07Z</time>
   </trkpt>
   <trkpt lat="7.0379680" lon="125.4503000">
    <ele>186.2</ele>
    <time>2025-11-20T07:03:08Z</time>
   </trkpt>
   <trkpt lat="7.0379680" lon="125.4502930">
    <ele>186.2</ele>
    <time>2025-11-20T07:03:09Z</time>
   </trkpt>
   <trkpt lat="7.0379680" lon="125.4502870">
    <ele>186.3</ele>
    <time>2025-11-20T07:03:10Z</time>
   </trkpt>
   <trkpt lat="7.0379680" lon="125.4502800">
    <ele>186.4</ele>
    <time>2025-11-20T07:03:11Z</time>
   </trkpt>
   <trkpt lat="7.0379570" lon="125.4502690">
    <ele>186.6</ele>
    <time>2025-11-20T07:03:12Z</time>
   </trkpt>
   <trkpt lat="7.0379570" lon="125.4502580">
    <ele>186.7</ele>
    <time>2025-11-20T07:03:13Z</time>
   </trkpt>
   <trkpt lat="7.0379580" lon="125.4502450">
    <ele>186.9</ele>
    <time>2025-11-20T07:03:14Z</time>
   </trkpt>
   <trkpt lat="7.0379630" lon="125.4502240">
    <ele>187.1</ele>
    <time>2025-11-20T07:03:15Z</time>
   </trkpt>
   <trkpt lat="7.0379650" lon="125.4502170">
    <ele>187.2</ele>
    <time>2025-11-20T07:03:16Z</time>
   </trkpt>
   <trkpt lat="7.0379660" lon="125.4502090">
    <ele>187.3</ele>
    <time>2025-11-20T07:03:17Z</time>
   </trkpt>
   <trkpt lat="7.0379550" lon="125.4501910">
    <ele>187.6</ele>
    <time>2025-11-20T07:03:18Z</time>
   </trkpt>
   <trkpt lat="7.0379540" lon="125.4501840">
    <ele>187.7</ele>
    <time>2025-11-20T07:03:19Z</time>
   </trkpt>
   <trkpt lat="7.0379520" lon="125.4501760">
    <ele>187.8</ele>
    <time>2025-11-20T07:03:20Z</time>
   </trkpt>
   <trkpt lat="7.0379500" lon="125.4501690">
    <ele>187.8</ele>
    <time>2025-11-20T07:03:21Z</time>
   </trkpt>
   <trkpt lat="7.0379450" lon="125.4501650">
    <ele>187.9</ele>
    <time>2025-11-20T07:03:22Z</time>
   </trkpt>
   <trkpt lat="7.0379420" lon="125.4501510">
    <ele>188.1</ele>
    <time>2025-11-20T07:03:23Z</time>
   </trkpt>
   <trkpt lat="7.0379340" lon="125.4501390">
    <ele>188.2</ele>
    <time>2025-11-20T07:03:24Z</time>
   </trkpt>
   <trkpt lat="7.0379280" lon="125.4501290">
    <ele>188.4</ele>
    <time>2025-11-20T07:03:25Z</time>
   </trkpt>
   <trkpt lat="7.0379230" lon="125.4501180">
    <ele>188.5</ele>
    <time>2025-11-20T07:03:26Z</time>
   </trkpt>
   <trkpt lat="7.0379180" lon="125.4501060">
    <ele>188.7</ele>
    <time>2025-11-20T07:03:27Z</time>
   </trkpt>
   <trkpt lat="7.0379190" lon="125.4501020">
    <ele>188.7</ele>
    <time>2025-11-20T07:03:28Z</time>
   </trkpt>
   <trkpt lat="7.0379130" lon="125.4500900">
    <ele>188.9</ele>
    <time>2025-11-20T07:03:29Z</time>
   </trkpt>
   <trkpt lat="7.0379050" lon="125.4500760">
    <ele>189.0</ele>
    <time>2025-11-20T07:03:30Z</time>
   </trkpt>
   <trkpt lat="7.0379040" lon="125.4500780">
    <ele>189.1</ele>
    <time>2025-11-20T07:03:31Z</time>
   </trkpt>
   <trkpt lat="7.0379050" lon="125.4500790">
    <ele>189.1</ele>
    <time>2025-11-20T07:03:32Z</time>
   </trkpt>
   <trkpt lat="7.0379060" lon="125.4500790">
    <ele>189.1</ele>
    <time>2025-11-20T07:03:33Z</time>
   </trkpt>
   <trkpt lat="7.0379060" lon="125.4500790">
    <ele>189.1</ele>
    <time>2025-11-20T07:03:34Z</time>
   </trkpt>
   <trkpt lat="7.0378990" lon="125.4500940">
    <ele>189.3</ele>
    <time>2025-11-20T07:03:35Z</time>
   </trkpt>
   <trkpt lat="7.0378980" lon="125.4500940">
    <ele>189.3</ele>
    <time>2025-11-20T07:03:36Z</time>
   </trkpt>
   <trkpt lat="7.0378980" lon="125.4500940">
    <ele>189.3</ele>
    <time>2025-11-20T07:03:37Z</time>
   </trkpt>
   <trkpt lat="7.0378980" lon="125.4500940">
    <ele>189.3</ele>
    <time>2025-11-20T07:03:38Z</time>
   </trkpt>
   <trkpt lat="7.0378980" lon="125.4500940">
    <ele>189.3</ele>
    <time>2025-11-20T07:03:39Z</time>
   </trkpt>
   <trkpt lat="7.0378980" lon="125.4500940">
    <ele>189.3</ele>
    <time>2025-11-20T07:03:40Z</time>
   </trkpt>
   <trkpt lat="7.0378980" lon="125.4500940">
    <ele>189.3</ele>
    <time>2025-11-20T07:03:41Z</time>
   </trkpt>
   <trkpt lat="7.0378980" lon="125.4500940">
    <ele>189.3</ele>
    <time>2025-11-20T07:03:42Z</time>
   </trkpt>
   <trkpt lat="7.0379090" lon="125.4500850">
    <ele>189.4</ele>
    <time>2025-11-20T07:03:43Z</time>
   </trkpt>
   <trkpt lat="7.0379090" lon="125.4500850">
    <ele>189.4</ele>
    <time>2025-11-20T07:03:44Z</time>
   </trkpt>
   <trkpt lat="7.0379090" lon="125.4500850">
    <ele>189.4</ele>
    <time>2025-11-20T07:03:45Z</time>
   </trkpt>
   <trkpt lat="7.0379120" lon="125.4501070">
    <ele>189.7</ele>
    <time>2025-11-20T07:03:46Z</time>
   </trkpt>
   <trkpt lat="7.0379120" lon="125.4501070">
    <ele>189.7</ele>
    <time>2025-11-20T07:03:47Z</time>
   </trkpt>
   <trkpt lat="7.0379190" lon="125.4501140">
    <ele>189.8</ele>
    <time>2025-11-20T07:03:48Z</time>
   </trkpt>
   <trkpt lat="7.0379190" lon="125.4501150">
    <ele>189.8</ele>
    <time>2025-11-20T07:03:49Z</time>
   </trkpt>
   <trkpt lat="7.0379250" lon="125.4501070">
    <ele>189.9</ele>
    <time>2025-11-20T07:03:50Z</time>
   </trkpt>
   <trkpt lat="7.0379250" lon="125.4501070">
    <ele>189.9</ele>
    <time>2025-11-20T07:03:51Z</time>
   </trkpt>
   <trkpt lat="7.0379200" lon="125.4500980">
    <ele>190.1</ele>
    <time>2025-11-20T07:03:52Z</time>
   </trkpt>
   <trkpt lat="7.0379200" lon="125.4500980">
    <ele>190.1</ele>
    <time>2025-11-20T07:03:53Z</time>
   </trkpt>
   <trkpt lat="7.0379200" lon="125.4500980">
    <ele>190.1</ele>
    <time>2025-11-20T07:03:54Z</time>
   </trkpt>
   <trkpt lat="7.0379200" lon="125.4500980">
    <ele>190.1</ele>
    <time>2025-11-20T07:03:55Z</time>
   </trkpt>
   <trkpt lat="7.0379200" lon="125.4500980">
    <ele>190.1</ele>
    <time>2025-11-20T07:03:56Z</time>
   </trkpt>
   <trkpt lat="7.0379200" lon="125.4500980">
    <ele>190.1</ele>
    <time>2025-11-20T07:03:57Z</time>
   </trkpt>
   <trkpt lat="7.0379200" lon="125.4500980">
    <ele>190.1</ele>
    <time>2025-11-20T07:03:58Z</time>
   </trkpt>
   <trkpt lat="7.0379200" lon="125.4500980">
    <ele>190.1</ele>
    <time>2025-11-20T07:03:59Z</time>
   </trkpt>
   <trkpt lat="7.0379200" lon="125.4500980">
    <ele>190.1</ele>
    <time>2025-11-20T07:04:00Z</time>
   </trkpt>
   <trkpt lat="7.0379200" lon="125.4500980">
    <ele>190.1</ele>
    <time>2025-11-20T07:04:01Z</time>
   </trkpt>
   <trkpt lat="7.0379200" lon="125.4500980">
    <ele>190.1</ele>
    <time>2025-11-20T07:04:02Z</time>
   </trkpt>
   <trkpt lat="7.0379200" lon="125.4500980">
    <ele>190.1</ele>
    <time>2025-11-20T07:04:03Z</time>
   </trkpt>
   <trkpt lat="7.0379200" lon="125.4500980">
    <ele>190.1</ele>
    <time>2025-11-20T07:04:04Z</time>
   </trkpt>
   <trkpt lat="7.0379200" lon="125.4500980">
    <ele>190.1</ele>
    <time>2025-11-20T07:04:05Z</time>
   </trkpt>
   <trkpt lat="7.0379200" lon="125.4500980">
    <ele>190.1</ele>
    <time>2025-11-20T07:04:06Z</time>
   </trkpt>
   <trkpt lat="7.0379200" lon="125.4500980">
    <ele>190.1</ele>
    <time>2025-11-20T07:04:07Z</time>
   </trkpt>
   <trkpt lat="7.0379200" lon="125.4500980">
    <ele>190.1</ele>
    <time>2025-11-20T07:04:08Z</time>
   </trkpt>
   <trkpt lat="7.0379470" lon="125.4501150">
    <ele>190.4</ele>
    <time>2025-11-20T07:04:09Z</time>
   </trkpt>
   <trkpt lat="7.0379470" lon="125.4501150">
    <ele>190.4</ele>
    <time>2025-11-20T07:04:10Z</time>
   </trkpt>
   <trkpt lat="7.0379470" lon="125.4501150">
    <ele>190.4</ele>
    <time>2025-11-20T07:04:11Z</time>
   </trkpt>
   <trkpt lat="7.0379470" lon="125.4501150">
    <ele>190.4</ele>
    <time>2025-11-20T07:04:12Z</time>
   </trkpt>
   <trkpt lat="7.0379360" lon="125.4501060">
    <ele>190.6</ele>
    <time>2025-11-20T07:04:13Z</time>
   </trkpt>
   <trkpt lat="7.0379360" lon="125.4501060">
    <ele>190.6</ele>
    <time>2025-11-20T07:04:14Z</time>
   </trkpt>
   <trkpt lat="7.0379360" lon="125.4501060">
    <ele>190.6</ele>
    <time>2025-11-20T07:04:15Z</time>
   </trkpt>
   <trkpt lat="7.0379360" lon="125.4501060">
    <ele>190.6</ele>
    <time>2025-11-20T07:04:16Z</time>
   </trkpt>
   <trkpt lat="7.0379360" lon="125.4501060">
    <ele>190.6</ele>
    <time>2025-11-20T07:04:17Z</time>
   </trkpt>
   <trkpt lat="7.0379360" lon="125.4501060">
    <ele>190.6</ele>
    <time>2025-11-20T07:04:18Z</time>
   </trkpt>
   <trkpt lat="7.0379360" lon="125.4501060">
    <ele>190.6</ele>
    <time>2025-11-20T07:04:19Z</time>
   </trkpt>
   <trkpt lat="7.0379360" lon="125.4501060">
    <ele>190.6</ele>
    <time>2025-11-20T07:04:20Z</time>
   </trkpt>
   <trkpt lat="7.0379360" lon="125.4501060">
    <ele>190.6</ele>
    <time>2025-11-20T07:04:21Z</time>
   </trkpt>
   <trkpt lat="7.0379360" lon="125.4501060">
    <ele>190.6</ele>
    <time>2025-11-20T07:04:22Z</time>
   </trkpt>
   <trkpt lat="7.0379360" lon="125.4501060">
    <ele>190.6</ele>
    <time>2025-11-20T07:04:23Z</time>
   </trkpt>
   <trkpt lat="7.0379360" lon="125.4501060">
    <ele>190.6</ele>
    <time>2025-11-20T07:04:24Z</time>
   </trkpt>
   <trkpt lat="7.0379360" lon="125.4501060">
    <ele>190.6</ele>
    <time>2025-11-20T07:04:25Z</time>
   </trkpt>
   <trkpt lat="7.0379360" lon="125.4501060">
    <ele>190.6</ele>
    <time>2025-11-20T07:04:26Z</time>
   </trkpt>
   <trkpt lat="7.0379360" lon="125.4501060">
    <ele>190.6</ele>
    <time>2025-11-20T07:04:27Z</time>
   </trkpt>
   <trkpt lat="7.0379360" lon="125.4501060">
    <ele>190.6</ele>
    <time>2025-11-20T07:04:28Z</time>
   </trkpt>
   <trkpt lat="7.0379360" lon="125.4501060">
    <ele>190.6</ele>
    <time>2025-11-20T07:04:29Z</time>
   </trkpt>
   <trkpt lat="7.0379360" lon="125.4501060">
    <ele>190.6</ele>
    <time>2025-11-20T07:04:30Z</time>
   </trkpt>
   <trkpt lat="7.0379360" lon="125.4501060">
    <ele>190.6</ele>
    <time>2025-11-20T07:04:31Z</time>
   </trkpt>
   <trkpt lat="7.0379360" lon="125.4501060">
    <ele>190.6</ele>
    <time>2025-11-20T07:04:32Z</time>
   </trkpt>
   <trkpt lat="7.0379360" lon="125.4501060">
    <ele>190.6</ele>
    <time>2025-11-20T07:04:33Z</time>
   </trkpt>
   <trkpt lat="7.0379360" lon="125.4501060">
    <ele>190.6</ele>
    <time>2025-11-20T07:04:34Z</time>
   </trkpt>
   <trkpt lat="7.0379360" lon="125.4501060">
    <ele>190.6</ele>
    <time>2025-11-20T07:04:35Z</time>
   </trkpt>
   <trkpt lat="7.0379360" lon="125.4501060">
    <ele>190.6</ele>
    <time>2025-11-20T07:04:36Z</time>
   </trkpt>
   <trkpt lat="7.0379250" lon="125.4501040">
    <ele>190.8</ele>
    <time>2025-11-20T07:04:37Z</time>
   </trkpt>
   <trkpt lat="7.0379310" lon="125.4501050">
    <ele>190.8</ele>
    <time>2025-11-20T07:04:38Z</time>
   </trkpt>
   <trkpt lat="7.0379340" lon="125.4500950">
    <ele>191.0</ele>
    <time>2025-11-20T07:04:39Z</time>
   </trkpt>
   <trkpt lat="7.0379340" lon="125.4500890">
    <ele>191.1</ele>
    <time>2025-11-20T07:04:40Z</time>
   </trkpt>
   <trkpt lat="7.0379350" lon="125.4500880">
    <ele>191.1</ele>
    <time>2025-11-20T07:04:41Z</time>
   </trkpt>
   <trkpt lat="7.0379340" lon="125.4500860">
    <ele>191.1</ele>
    <time>2025-11-20T07:04:42Z</time>
   </trkpt>
   <trkpt lat="7.0379430" lon="125.4500630">
    <ele>191.4</ele>
    <time>2025-11-20T07:04:43Z</time>
   </trkpt>
   <trkpt lat="7.0379260" lon="125.4500510">
    <ele>191.7</ele>
    <time>2025-11-20T07:04:44Z</time>
   </trkpt>
   <trkpt lat="7.0379180" lon="125.4500440">
    <ele>191.8</ele>
    <time>2025-11-20T07:04:45Z</time>
   </trkpt>
   <trkpt lat="7.0379100" lon="125.4500360">
    <ele>192.0</ele>
    <time>2025-11-20T07:04:46Z</time>
   </trkpt>
   <trkpt lat="7.0378910" lon="125.4500080">
    <ele>192.5</ele>
    <time>2025-11-20T07:04:47Z</time>
   </trkpt>
   <trkpt lat="7.0378850" lon="125.4500010">
    <ele>192.6</ele>
    <time>2025-11-20T07:04:48Z</time>
   </trkpt>
   <trkpt lat="7.0378740" lon="125.4499880">
    <ele>192.8</ele>
    <time>2025-11-20T07:04:49Z</time>
   </trkpt>
   <trkpt lat="7.0378740" lon="125.4499820">
    <ele>192.9</ele>
    <time>2025-11-20T07:04:50Z</time>
   </trkpt>
   <trkpt lat="7.0378710" lon="125.4499760">
    <ele>193.0</ele>
    <time>2025-11-20T07:04:51Z</time>
   </trkpt>
   <trkpt lat="7.0378690" lon="125.4499500">
    <ele>193.3</ele>
    <time>2025-11-20T07:04:52Z</time>
   </trkpt>
   <trkpt lat="7.0378710" lon="125.4499420">
    <ele>193.4</ele>
    <time>2025-11-20T07:04:53Z</time>
   </trkpt>
   <trkpt lat="7.0378720" lon="125.4499330">
    <ele>193.6</ele>
    <time>2025-11-20T07:04:54Z</time>
   </trkpt>
   <trkpt lat="7.0378850" lon="125.4499150">
    <ele>193.9</ele>
    <time>2025-11-20T07:04:55Z</time>
   </trkpt>
   <trkpt lat="7.0378910" lon="125.4499060">
    <ele>194.0</ele>
    <time>2025-11-20T07:04:56Z</time>
   </trkpt>
   <trkpt lat="7.0378970" lon="125.4498960">
    <ele>194.2</ele>
    <time>2025-11-20T07:04:57Z</time>
   </trkpt>
   <trkpt lat="7.0379020" lon="125.4498910">
    <ele>194.3</ele>
    <time>2025-11-20T07:04:58Z</time>
   </trkpt>
   <trkpt lat="7.0379040" lon="125.4498820">
    <ele>194.4</ele>
    <time>2025-11-20T07:04:59Z</time>
   </trkpt>
   <trkpt lat="7.0379010" lon="125.4498690">
    <ele>194.6</ele>
    <time>2025-11-20T07:05:00Z</time>
   </trkpt>
   <trkpt lat="7.0378990" lon="125.4498500">
    <ele>194.8</ele>
    <time>2025-11-20T07:05:01Z</time>
   </trkpt>
   <trkpt lat="7.0379000" lon="125.4498370">
    <ele>195.0</ele>
    <time>2025-11-20T07:05:02Z</time>
   </trkpt>
   <trkpt lat="7.0378980" lon="125.4498340">
    <ele>195.0</ele>
    <time>2025-11-20T07:05:03Z</time>
   </trkpt>
   <trkpt lat="7.0378930" lon="125.4498240">
    <ele>195.2</ele>
    <time>2025-11-20T07:05:04Z</time>
   </trkpt>
   <trkpt lat="7.0378810" lon="125.4498250">
    <ele>195.3</ele>
    <time>2025-11-20T07:05:05Z</time>
   </trkpt>
   <trkpt lat="7.0378710" lon="125.4498210">
    <ele>195.5</ele>
    <time>2025-11-20T07:05:06Z</time>
   </trkpt>
   <trkpt lat="7.0378620" lon="125.4498090">
    <ele>195.7</ele>
    <time>2025-11-20T07:05:07Z</time>
   </trkpt>
   <trkpt lat="7.0378610" lon="125.4498030">
    <ele>195.7</ele>
    <time>2025-11-20T07:05:08Z</time>
   </trkpt>
   <trkpt lat="7.0378580" lon="125.4497910">
    <ele>195.9</ele>
    <time>2025-11-20T07:05:09Z</time>
   </trkpt>
   <trkpt lat="7.0378550" lon="125.4497830">
    <ele>196.0</ele>
    <time>2025-11-20T07:05:10Z</time>
   </trkpt>
   <trkpt lat="7.0378590" lon="125.4497760">
    <ele>196.1</ele>
    <time>2025-11-20T07:05:11Z</time>
   </trkpt>
   <trkpt lat="7.0378580" lon="125.4497730">
    <ele>196.1</ele>
    <time>2025-11-20T07:05:12Z</time>
   </trkpt>
   <trkpt lat="7.0378630" lon="125.4497550">
    <ele>196.3</ele>
    <time>2025-11-20T07:05:13Z</time>
   </trkpt>
   <trkpt lat="7.0378630" lon="125.4497530">
    <ele>196.4</ele>
    <time>2025-11-20T07:05:14Z</time>
   </trkpt>
   <trkpt lat="7.0378630" lon="125.4497350">
    <ele>196.6</ele>
    <time>2025-11-20T07:05:15Z</time>
   </trkpt>
   <trkpt lat="7.0378610" lon="125.4497260">
    <ele>196.7</ele>
    <time>2025-11-20T07:05:16Z</time>
   </trkpt>
   <trkpt lat="7.0378640" lon="125.4497170">
    <ele>196.8</ele>
    <time>2025-11-20T07:05:17Z</time>
   </trkpt>
   <trkpt lat="7.0378730" lon="125.4497100">
    <ele>196.9</ele>
    <time>2025-11-20T07:05:18Z</time>
   </trkpt>
   <trkpt lat="7.0378830" lon="125.4496990">
    <ele>197.1</ele>
    <time>2025-11-20T07:05:19Z</time>
   </trkpt>
   <trkpt lat="7.0378810" lon="125.4496880">
    <ele>197.2</ele>
    <time>2025-11-20T07:05:20Z</time>
   </trkpt>
   <trkpt lat="7.0378750" lon="125.4496830">
    <ele>197.3</ele>
    <time>2025-11-20T07:05:21Z</time>
   </trkpt>
   <trkpt lat="7.0378690" lon="125.4496670">
    <ele>197.5</ele>
    <time>2025-11-20T07:05:22Z</time>
   </trkpt>
   <trkpt lat="7.0378670" lon="125.4496580">
    <ele>197.6</ele>
    <time>2025-11-20T07:05:23Z</time>
   </trkpt>
   <trkpt lat="7.0378700" lon="125.4496460">
    <ele>197.8</ele>
    <time>2025-11-20T07:05:24Z</time>
   </trkpt>
   <trkpt lat="7.0378760" lon="125.4496320">
    <ele>197.9</ele>
    <time>2025-11-20T07:05:25Z</time>
   </trkpt>
   <trkpt lat="7.0378820" lon="125.4496250">
    <ele>198.0</ele>
    <time>2025-11-20T07:05:27Z</time>
   </trkpt>
   <trkpt lat="7.0378900" lon="125.4496220">
    <ele>198.1</ele>
    <time>2025-11-20T07:05:28Z</time>
   </trkpt>
   <trkpt lat="7.0378980" lon="125.4496100">
    <ele>198.3</ele>
    <time>2025-11-20T07:05:29Z</time>
   </trkpt>
   <trkpt lat="7.0379040" lon="125.4496010">
    <ele>198.4</ele>
    <time>2025-11-20T07:05:30Z</time>
   </trkpt>
   <trkpt lat="7.0379030" lon="125.4495920">
    <ele>198.5</ele>
    <time>2025-11-20T07:05:31Z</time>
   </trkpt>
   <trkpt lat="7.0379060" lon="125.4495800">
    <ele>198.6</ele>
    <time>2025-11-20T07:05:32Z</time>
   </trkpt>
   <trkpt lat="7.0379110" lon="125.4495690">
    <ele>198.8</ele>
    <time>2025-11-20T07:05:33Z</time>
   </trkpt>
   <trkpt lat="7.0379120" lon="125.4495600">
    <ele>198.9</ele>
    <time>2025-11-20T07:05:34Z</time>
   </trkpt>
   <trkpt lat="7.0379130" lon="125.4495530">
    <ele>198.9</ele>
    <time>2025-11-20T07:05:35Z</time>
   </trkpt>
   <trkpt lat="7.0379010" lon="125.4495350">
    <ele>199.2</ele>
    <time>2025-11-20T07:05:36Z</time>
   </trkpt>
   <trkpt lat="7.0378970" lon="125.4495260">
    <ele>199.3</ele>
    <time>2025-11-20T07:05:37Z</time>
   </trkpt>
   <trkpt lat="7.0378930" lon="125.4495170">
    <ele>199.4</ele>
    <time>2025-11-20T07:05:38Z</time>
   </trkpt>
   <trkpt lat="7.0378920" lon="125.4495080">
    <ele>199.5</ele>
    <time>2025-11-20T07:05:39Z</time>
   </trkpt>
   <trkpt lat="7.0378810" lon="125.4494980">
    <ele>199.7</ele>
    <time>2025-11-20T07:05:40Z</time>
   </trkpt>
   <trkpt lat="7.0378690" lon="125.4494890">
    <ele>199.8</ele>
    <time>2025-11-20T07:05:41Z</time>
   </trkpt>
   <trkpt lat="7.0378610" lon="125.4494830">
    <ele>199.9</ele>
    <time>2025-11-20T07:05:42Z</time>
   </trkpt>
   <trkpt lat="7.0378570" lon="125.4494730">
    <ele>200.1</ele>
    <time>2025-11-20T07:05:43Z</time>
   </trkpt>
   <trkpt lat="7.0378490" lon="125.4494640">
    <ele>200.2</ele>
    <time>2025-11-20T07:05:44Z</time>
   </trkpt>
   <trkpt lat="7.0378420" lon="125.4494570">
    <ele>200.3</ele>
    <time>2025-11-20T07:05:45Z</time>
   </trkpt>
   <trkpt lat="7.0378300" lon="125.4494460">
    <ele>200.5</ele>
    <time>2025-11-20T07:05:46Z</time>
   </trkpt>
   <trkpt lat="7.0378270" lon="125.4494430">
    <ele>200.5</ele>
    <time>2025-11-20T07:05:47Z</time>
   </trkpt>
   <trkpt lat="7.0378260" lon="125.4494340">
    <ele>200.6</ele>
    <time>2025-11-20T07:05:48Z</time>
   </trkpt>
   <trkpt lat="7.0378250" lon="125.4494260">
    <ele>200.7</ele>
    <time>2025-11-20T07:05:49Z</time>
   </trkpt>
   <trkpt lat="7.0378220" lon="125.4494140">
    <ele>200.8</ele>
    <time>2025-11-20T07:05:50Z</time>
   </trkpt>
   <trkpt lat="7.0378200" lon="125.4493840">
    <ele>201.2</ele>
    <time>2025-11-20T07:05:51Z</time>
   </trkpt>
   <trkpt lat="7.0378200" lon="125.4493710">
    <ele>201.3</ele>
    <time>2025-11-20T07:05:52Z</time>
   </trkpt>
   <trkpt lat="7.0378220" lon="125.4493750">
    <ele>201.4</ele>
    <time>2025-11-20T07:05:53Z</time>
   </trkpt>
   <trkpt lat="7.0378250" lon="125.4493600">
    <ele>201.6</ele>
    <time>2025-11-20T07:05:54Z</time>
   </trkpt>
   <trkpt lat="7.0378300" lon="125.4493570">
    <ele>201.6</ele>
    <time>2025-11-20T07:05:55Z</time>
   </trkpt>
   <trkpt lat="7.0378390" lon="125.4493400">
    <ele>201.9</ele>
    <time>2025-11-20T07:05:56Z</time>
   </trkpt>
   <trkpt lat="7.0378490" lon="125.4493330">
    <ele>202.0</ele>
    <time>2025-11-20T07:05:57Z</time>
   </trkpt>
   <trkpt lat="7.0378520" lon="125.4493310">
    <ele>202.0</ele>
    <time>2025-11-20T07:05:58Z</time>
   </trkpt>
   <trkpt lat="7.0378570" lon="125.4493150">
    <ele>202.3</ele>
    <time>2025-11-20T07:05:59Z</time>
   </trkpt>
   <trkpt lat="7.0378520" lon="125.4493060">
    <ele>202.4</ele>
    <time>2025-11-20T07:06:00Z</time>
   </trkpt>
   <trkpt lat="7.0378400" lon="125.4492940">
    <ele>202.6</ele>
    <time>2025-11-20T07:06:01Z</time>
   </trkpt>
   <trkpt lat="7.0378410" lon="125.4492910">
    <ele>202.6</ele>
    <time>2025-11-20T07:06:02Z</time>
   </trkpt>
   <trkpt lat="7.0378300" lon="125.4492850">
    <ele>202.8</ele>
    <time>2025-11-20T07:06:03Z</time>
   </trkpt>
   <trkpt lat="7.0378200" lon="125.4492770">
    <ele>203.0</ele>
    <time>2025-11-20T07:06:04Z</time>
   </trkpt>
   <trkpt lat="7.0378200" lon="125.4492680">
    <ele>203.1</ele>
    <time>2025-11-20T07:06:05Z</time>
   </trkpt>
   <trkpt lat="7.0378330" lon="125.4492690">
    <ele>203.3</ele>
    <time>2025-11-20T07:06:06Z</time>
   </trkpt>
   <trkpt lat="7.0378310" lon="125.4492780">
    <ele>203.4</ele>
    <time>2025-11-20T07:06:07Z</time>
   </trkpt>
   <trkpt lat="7.0378330" lon="125.4492790">
    <ele>203.4</ele>
    <time>2025-11-20T07:06:08Z</time>
   </trkpt>
   <trkpt lat="7.0378330" lon="125.4492780">
    <ele>203.4</ele>
    <time>2025-11-20T07:06:09Z</time>
   </trkpt>
   <trkpt lat="7.0378350" lon="125.4492740">
    <ele>203.5</ele>
    <time>2025-11-20T07:06:10Z</time>
   </trkpt>
   <trkpt lat="7.0378350" lon="125.4492630">
    <ele>203.6</ele>
    <time>2025-11-20T07:06:11Z</time>
   </trkpt>
   <trkpt lat="7.0378340" lon="125.4492560">
    <ele>203.7</ele>
    <time>2025-11-20T07:06:12Z</time>
   </trkpt>
   <trkpt lat="7.0378260" lon="125.4492360">
    <ele>204.0</ele>
    <time>2025-11-20T07:06:13Z</time>
   </trkpt>
   <trkpt lat="7.0378270" lon="125.4492250">
    <ele>204.2</ele>
    <time>2025-11-20T07:06:14Z</time>
   </trkpt>
   <trkpt lat="7.0378270" lon="125.4492140">
    <ele>204.3</ele>
    <time>2025-11-20T07:06:15Z</time>
   </trkpt>
   <trkpt lat="7.0378220" lon="125.4491920">
    <ele>204.6</ele>
    <time>2025-11-20T07:06:16Z</time>
   </trkpt>
   <trkpt lat="7.0378220" lon="125.4491840">
    <ele>204.7</ele>
    <time>2025-11-20T07:06:17Z</time>
   </trkpt>
   <trkpt lat="7.0378210" lon="125.4491770">
    <ele>204.8</ele>
    <time>2025-11-20T07:06:18Z</time>
   </trkpt>
   <trkpt lat="7.0378200" lon="125.4491690">
    <ele>204.9</ele>
    <time>2025-11-20T07:06:19Z</time>
   </trkpt>
   <trkpt lat="7.0378190" lon="125.4491570">
    <ele>205.1</ele>
    <time>2025-11-20T07:06:20Z</time>
   </trkpt>
   <trkpt lat="7.0378160" lon="125.4491530">
    <ele>205.2</ele>
    <time>2025-11-20T07:06:21Z</time>
   </trkpt>
   <trkpt lat="7.0378160" lon="125.4491380">
    <ele>205.4</ele>
    <time>2025-11-20T07:06:22Z</time>
   </trkpt>
   <trkpt lat="7.0378140" lon="125.4491260">
    <ele>205.6</ele>
    <time>2025-11-20T07:06:23Z</time>
   </trkpt>
   <trkpt lat="7.0378140" lon="125.4491150">
    <ele>205.7</ele>
    <time>2025-11-20T07:06:24Z</time>
   </trkpt>
   <trkpt lat="7.0378180" lon="125.4491100">
    <ele>205.8</ele>
    <time>2025-11-20T07:06:25Z</time>
   </trkpt>
   <trkpt lat="7.0378150" lon="125.4491040">
    <ele>205.9</ele>
    <time>2025-11-20T07:06:26Z</time>
   </trkpt>
   <trkpt lat="7.0378130" lon="125.4490950">
    <ele>206.0</ele>
    <time>2025-11-20T07:06:27Z</time>
   </trkpt>
   <trkpt lat="7.0378130" lon="125.4490850">
    <ele>206.2</ele>
    <time>2025-11-20T07:06:28Z</time>
   </trkpt>
   <trkpt lat="7.0378180" lon="125.4490880">
    <ele>206.3</ele>
    <time>2025-11-20T07:06:29Z</time>
   </trkpt>
   <trkpt lat="7.0378130" lon="125.4490800">
    <ele>206.4</ele>
    <time>2025-11-20T07:06:30Z</time>
   </trkpt>
   <trkpt lat="7.0378110" lon="125.4490760">
    <ele>206.5</ele>
    <time>2025-11-20T07:06:31Z</time>
   </trkpt>
   <trkpt lat="7.0378110" lon="125.4490600">
    <ele>206.7</ele>
    <time>2025-11-20T07:06:32Z</time>
   </trkpt>
   <trkpt lat="7.0378080" lon="125.4490510">
    <ele>206.9</ele>
    <time>2025-11-20T07:06:33Z</time>
   </trkpt>
   <trkpt lat="7.0378110" lon="125.4490440">
    <ele>207.0</ele>
    <time>2025-11-20T07:06:34Z</time>
   </trkpt>
   <trkpt lat="7.0378110" lon="125.4490350">
    <ele>207.1</ele>
    <time>2025-11-20T07:06:35Z</time>
   </trkpt>
   <trkpt lat="7.0378200" lon="125.4490240">
    <ele>207.3</ele>
    <time>2025-11-20T07:06:36Z</time>
   </trkpt>
   <trkpt lat="7.0378170" lon="125.4490110">
    <ele>207.5</ele>
    <time>2025-11-20T07:06:37Z</time>
   </trkpt>
   <trkpt lat="7.0378120" lon="125.4490040">
    <ele>207.7</ele>
    <time>2025-11-20T07:06:38Z</time>
   </trkpt>
   <trkpt lat="7.0378080" lon="125.4489980">
    <ele>207.8</ele>
    <time>2025-11-20T07:06:39Z</time>
   </trkpt>
   <trkpt lat="7.0378030" lon="125.4489910">
    <ele>207.9</ele>
    <time>2025-11-20T07:06:40Z</time>
   </trkpt>
   <trkpt lat="7.0377980" lon="125.4489890">
    <ele>208.0</ele>
    <time>2025-11-20T07:06:41Z</time>
   </trkpt>
   <trkpt lat="7.0377960" lon="125.4489890">
    <ele>208.0</ele>
    <time>2025-11-20T07:06:42Z</time>
   </trkpt>
   <trkpt lat="7.0377960" lon="125.4489890">
    <ele>208.0</ele>
    <time>2025-11-20T07:06:43Z</time>
   </trkpt>
   <trkpt lat="7.0377970" lon="125.4489900">
    <ele>208.0</ele>
    <time>2025-11-20T07:06:44Z</time>
   </trkpt>
   <trkpt lat="7.0377930" lon="125.4489900">
    <ele>208.1</ele>
    <time>2025-11-20T07:06:45Z</time>
   </trkpt>
   <trkpt lat="7.0377890" lon="125.4489920">
    <ele>208.2</ele>
    <time>2025-11-20T07:06:46Z</time>
   </trkpt>
   <trkpt lat="7.0377890" lon="125.4489920">
    <ele>208.2</ele>
    <time>2025-11-20T07:06:47Z</time>
   </trkpt>
   <trkpt lat="7.0377890" lon="125.4489920">
    <ele>208.2</ele>
    <time>2025-11-20T07:06:48Z</time>
   </trkpt>
   <trkpt lat="7.0377850" lon="125.4489960">
    <ele>208.3</ele>
    <time>2025-11-20T07:06:49Z</time>
   </trkpt>
   <trkpt lat="7.0377850" lon="125.4489960">
    <ele>208.3</ele>
    <time>2025-11-20T07:06:50Z</time>
   </trkpt>
   <trkpt lat="7.0377850" lon="125.4489960">
    <ele>208.3</ele>
    <time>2025-11-20T07:06:51Z</time>
   </trkpt>
   <trkpt lat="7.0377850" lon="125.4489960">
    <ele>208.3</ele>
    <time>2025-11-20T07:06:52Z</time>
   </trkpt>
   <trkpt lat="7.0377850" lon="125.4489960">
    <ele>208.3</ele>
    <time>2025-11-20T07:06:53Z</time>
   </trkpt>
   <trkpt lat="7.0377850" lon="125.4489960">
    <ele>208.3</ele>
    <time>2025-11-20T07:06:54Z</time>
   </trkpt>
   <trkpt lat="7.0377850" lon="125.4489960">
    <ele>208.3</ele>
    <time>2025-11-20T07:06:55Z</time>
   </trkpt>
   <trkpt lat="7.0377850" lon="125.4489960">
    <ele>208.3</ele>
    <time>2025-11-20T07:06:56Z</time>
   </trkpt>
   <trkpt lat="7.0377850" lon="125.4489960">
    <ele>208.3</ele>
    <time>2025-11-20T07:06:57Z</time>
   </trkpt>
   <trkpt lat="7.0377940" lon="125.4489970">
    <ele>208.4</ele>
    <time>2025-11-20T07:06:58Z</time>
   </trkpt>
   <trkpt lat="7.0377940" lon="125.4489970">
    <ele>208.4</ele>
    <time>2025-11-20T07:06:59Z</time>
   </trkpt>
   <trkpt lat="7.0377940" lon="125.4489970">
    <ele>208.4</ele>
    <time>2025-11-20T07:07:00Z</time>
   </trkpt>
   <trkpt lat="7.0377940" lon="125.4489970">
    <ele>208.4</ele>
    <time>2025-11-20T07:07:01Z</time>
   </trkpt>
   <trkpt lat="7.0377940" lon="125.4489970">
    <ele>208.4</ele>
    <time>2025-11-20T07:07:02Z</time>
   </trkpt>
   <trkpt lat="7.0377940" lon="125.4489970">
    <ele>208.4</ele>
    <time>2025-11-20T07:07:03Z</time>
   </trkpt>
   <trkpt lat="7.0378030" lon="125.4489920">
    <ele>208.6</ele>
    <time>2025-11-20T07:07:04Z</time>
   </trkpt>
   <trkpt lat="7.0378030" lon="125.4489920">
    <ele>208.6</ele>
    <time>2025-11-20T07:07:05Z</time>
   </trkpt>
   <trkpt lat="7.0378030" lon="125.4489930">
    <ele>208.6</ele>
    <time>2025-11-20T07:07:06Z</time>
   </trkpt>
   <trkpt lat="7.0378020" lon="125.4489900">
    <ele>208.6</ele>
    <time>2025-11-20T07:07:07Z</time>
   </trkpt>
   <trkpt lat="7.0378020" lon="125.4489900">
    <ele>208.6</ele>
    <time>2025-11-20T07:07:08Z</time>
   </trkpt>
   <trkpt lat="7.0378020" lon="125.4489930">
    <ele>208.7</ele>
    <time>2025-11-20T07:07:09Z</time>
   </trkpt>
   <trkpt lat="7.0378050" lon="125.4489910">
    <ele>208.7</ele>
    <time>2025-11-20T07:07:10Z</time>
   </trkpt>
   <trkpt lat="7.0378050" lon="125.4489910">
    <ele>208.7</ele>
    <time>2025-11-20T07:07:11Z</time>
   </trkpt>
   <trkpt lat="7.0378090" lon="125.4489940">
    <ele>208.8</ele>
    <time>2025-11-20T07:07:12Z</time>
   </trkpt>
   <trkpt lat="7.0378100" lon="125.4489940">
    <ele>208.8</ele>
    <time>2025-11-20T07:07:13Z</time>
   </trkpt>
   <trkpt lat="7.0378050" lon="125.4489920">
    <ele>208.9</ele>
    <time>2025-11-20T07:07:14Z</time>
   </trkpt>
   <trkpt lat="7.0378080" lon="125.4489960">
    <ele>209.0</ele>
    <time>2025-11-20T07:07:15Z</time>
   </trkpt>
   <trkpt lat="7.0378100" lon="125.4489930">
    <ele>209.1</ele>
    <time>2025-11-20T07:07:16Z</time>
   </trkpt>
   <trkpt lat="7.0378100" lon="125.4489940">
    <ele>209.1</ele>
    <time>2025-11-20T07:07:17Z</time>
   </trkpt>
   <trkpt lat="7.0378110" lon="125.4489950">
    <ele>209.1</ele>
    <time>2025-11-20T07:07:18Z</time>
   </trkpt>
   <trkpt lat="7.0378110" lon="125.4489980">
    <ele>209.2</ele>
    <time>2025-11-20T07:07:19Z</time>
   </trkpt>
   <trkpt lat="7.0378110" lon="125.4489980">
    <ele>209.2</ele>
    <time>2025-11-20T07:07:20Z</time>
   </trkpt>
   <trkpt lat="7.0378110" lon="125.4489980">
    <ele>209.2</ele>
    <time>2025-11-20T07:07:21Z</time>
   </trkpt>
   <trkpt lat="7.0378110" lon="125.4489930">
    <ele>209.2</ele>
    <time>2025-11-20T07:07:22Z</time>
   </trkpt>
   <trkpt lat="7.0378110" lon="125.4489930">
    <ele>209.2</ele>
    <time>2025-11-20T07:07:23Z</time>
   </trkpt>
   <trkpt lat="7.0378110" lon="125.4489940">
    <ele>209.3</ele>
    <time>2025-11-20T07:07:24Z</time>
   </trkpt>
   <trkpt lat="7.0378130" lon="125.4489920">
    <ele>209.3</ele>
    <time>2025-11-20T07:07:25Z</time>
   </trkpt>
   <trkpt lat="7.0378120" lon="125.4489950">
    <ele>209.4</ele>
    <time>2025-11-20T07:07:26Z</time>
   </trkpt>
   <trkpt lat="7.0378110" lon="125.4489950">
    <ele>209.4</ele>
    <time>2025-11-20T07:07:27Z</time>
   </trkpt>
   <trkpt lat="7.0378110" lon="125.4489950">
    <ele>209.4</ele>
    <time>2025-11-20T07:07:28Z</time>
   </trkpt>
   <trkpt lat="7.0378110" lon="125.4489950">
    <ele>209.4</ele>
    <time>2025-11-20T07:07:29Z</time>
   </trkpt>
   <trkpt lat="7.0378110" lon="125.4489950">
    <ele>209.4</ele>
    <time>2025-11-20T07:07:30Z</time>
   </trkpt>
   <trkpt lat="7.0378130" lon="125.4489930">
    <ele>209.4</ele>
    <time>2025-11-20T07:07:31Z</time>
   </trkpt>
   <trkpt lat="7.0378130" lon="125.4489960">
    <ele>209.5</ele>
    <time>2025-11-20T07:07:33Z</time>
   </trkpt>
   <trkpt lat="7.0378110" lon="125.4489970">
    <ele>209.5</ele>
    <time>2025-11-20T07:07:34Z</time>
   </trkpt>
   <trkpt lat="7.0378100" lon="125.4489960">
    <ele>209.5</ele>
    <time>2025-11-20T07:07:35Z</time>
   </trkpt>
   <trkpt lat="7.0378100" lon="125.4489960">
    <ele>209.5</ele>
    <time>2025-11-20T07:07:36Z</time>
   </trkpt>
   <trkpt lat="7.0378100" lon="125.4489960">
    <ele>209.5</ele>
    <time>2025-11-20T07:07:37Z</time>
   </trkpt>
   <trkpt lat="7.0378100" lon="125.4489960">
    <ele>209.5</ele>
    <time>2025-11-20T07:07:38Z</time>
   </trkpt>
   <trkpt lat="7.0378120" lon="125.4489970">
    <ele>209.6</ele>
    <time>2025-11-20T07:07:39Z</time>
   </trkpt>
   <trkpt lat="7.0378120" lon="125.4489970">
    <ele>209.6</ele>
    <time>2025-11-20T07:07:40Z</time>
   </trkpt>
   <trkpt lat="7.0378120" lon="125.4489970">
    <ele>209.6</ele>
    <time>2025-11-20T07:07:41Z</time>
   </trkpt>
   <trkpt lat="7.0378080" lon="125.4489980">
    <ele>209.6</ele>
    <time>2025-11-20T07:07:42Z</time>
   </trkpt>
   <trkpt lat="7.0378090" lon="125.4489980">
    <ele>209.6</ele>
    <time>2025-11-20T07:07:43Z</time>
   </trkpt>
   <trkpt lat="7.0378060" lon="125.4490000">
    <ele>209.7</ele>
    <time>2025-11-20T07:07:44Z</time>
   </trkpt>
   <trkpt lat="7.0378060" lon="125.4490000">
    <ele>209.7</ele>
    <time>2025-11-20T07:07:45Z</time>
   </trkpt>
   <trkpt lat="7.0378060" lon="125.4490000">
    <ele>209.7</ele>
    <time>2025-11-20T07:07:46Z</time>
   </trkpt>
   <trkpt lat="7.0378030" lon="125.4490020">
    <ele>209.8</ele>
    <time>2025-11-20T07:07:47Z</time>
   </trkpt>
   <trkpt lat="7.0377990" lon="125.4490030">
    <ele>209.8</ele>
    <time>2025-11-20T07:07:48Z</time>
   </trkpt>
   <trkpt lat="7.0378010" lon="125.4490050">
    <ele>209.9</ele>
    <time>2025-11-20T07:07:49Z</time>
   </trkpt>
   <trkpt lat="7.0378000" lon="125.4490050">
    <ele>209.9</ele>
    <time>2025-11-20T07:07:50Z</time>
   </trkpt>
   <trkpt lat="7.0378000" lon="125.4490050">
    <ele>209.9</ele>
    <time>2025-11-20T07:07:51Z</time>
   </trkpt>
   <trkpt lat="7.0378000" lon="125.4490050">
    <ele>209.9</ele>
    <time>2025-11-20T07:07:52Z</time>
   </trkpt>
   <trkpt lat="7.0378000" lon="125.4490050">
    <ele>209.9</ele>
    <time>2025-11-20T07:07:53Z</time>
   </trkpt>
   <trkpt lat="7.0378000" lon="125.4490050">
    <ele>209.9</ele>
    <time>2025-11-20T07:07:54Z</time>
   </trkpt>
   <trkpt lat="7.0378000" lon="125.4490050">
    <ele>209.9</ele>
    <time>2025-11-20T07:07:55Z</time>
   </trkpt>
   <trkpt lat="7.0378000" lon="125.4490050">
    <ele>209.9</ele>
    <time>2025-11-20T07:07:56Z</time>
   </trkpt>
   <trkpt lat="7.0378000" lon="125.4490050">
    <ele>209.9</ele>
    <time>2025-11-20T07:07:57Z</time>
   </trkpt>
   <trkpt lat="7.0377930" lon="125.4490030">
    <ele>210.0</ele>
    <time>2025-11-20T07:07:58Z</time>
   </trkpt>
   <trkpt lat="7.0377940" lon="125.4490080">
    <ele>210.1</ele>
    <time>2025-11-20T07:07:59Z</time>
   </trkpt>
   <trkpt lat="7.0377910" lon="125.4490100">
    <ele>210.2</ele>
    <time>2025-11-20T07:08:00Z</time>
   </trkpt>
   <trkpt lat="7.0377920" lon="125.4490100">
    <ele>210.2</ele>
    <time>2025-11-20T07:08:01Z</time>
   </trkpt>
   <trkpt lat="7.0377900" lon="125.4490080">
    <ele>210.2</ele>
    <time>2025-11-20T07:08:02Z</time>
   </trkpt>
   <trkpt lat="7.0377910" lon="125.4490080">
    <ele>210.2</ele>
    <time>2025-11-20T07:08:03Z</time>
   </trkpt>
   <trkpt lat="7.0377880" lon="125.4490080">
    <ele>210.3</ele>
    <time>2025-11-20T07:08:04Z</time>
   </trkpt>
   <trkpt lat="7.0377880" lon="125.4490080">
    <ele>210.3</ele>
    <time>2025-11-20T07:08:05Z</time>
   </trkpt>
   <trkpt lat="7.0377920" lon="125.4490120">
    <ele>210.4</ele>
    <time>2025-11-20T07:08:06Z</time>
   </trkpt>
   <trkpt lat="7.0377920" lon="125.4490120">
    <ele>210.4</ele>
    <time>2025-11-20T07:08:07Z</time>
   </trkpt>
   <trkpt lat="7.0377920" lon="125.4490120">
    <ele>210.4</ele>
    <time>2025-11-20T07:08:08Z</time>
   </trkpt>
   <trkpt lat="7.0377920" lon="125.4490120">
    <ele>210.4</ele>
    <time>2025-11-20T07:08:09Z</time>
   </trkpt>
   <trkpt lat="7.0377880" lon="125.4490030">
    <ele>210.5</ele>
    <time>2025-11-20T07:08:10Z</time>
   </trkpt>
   <trkpt lat="7.0377820" lon="125.4489930">
    <ele>210.7</ele>
    <time>2025-11-20T07:08:11Z</time>
   </trkpt>
   <trkpt lat="7.0377810" lon="125.4489820">
    <ele>210.9</ele>
    <time>2025-11-20T07:08:12Z</time>
   </trkpt>
   <trkpt lat="7.0377850" lon="125.4489730">
    <ele>211.1</ele>
    <time>2025-11-20T07:08:13Z</time>
   </trkpt>
   <trkpt lat="7.0377900" lon="125.4489660">
    <ele>211.3</ele>
    <time>2025-11-20T07:08:14Z</time>
   </trkpt>
   <trkpt lat="7.0378010" lon="125.4489610">
    <ele>211.5</ele>
    <time>2025-11-20T07:08:15Z</time>
   </trkpt>
   <trkpt lat="7.0378080" lon="125.4489530">
    <ele>211.7</ele>
    <time>2025-11-20T07:08:16Z</time>
   </trkpt>
   <trkpt lat="7.0378130" lon="125.4489410">
    <ele>211.9</ele>
    <time>2025-11-20T07:08:17Z</time>
   </trkpt>
   <trkpt lat="7.0378110" lon="125.4489360">
    <ele>212.0</ele>
    <time>2025-11-20T07:08:18Z</time>
   </trkpt>
   <trkpt lat="7.0378130" lon="125.4489300">
    <ele>212.1</ele>
    <time>2025-11-20T07:08:19Z</time>
   </trkpt>
   <trkpt lat="7.0378040" lon="125.4489190">
    <ele>212.4</ele>
    <time>2025-11-20T07:08:20Z</time>
   </trkpt>
   <trkpt lat="7.0377950" lon="125.4489120">
    <ele>212.6</ele>
    <time>2025-11-20T07:08:21Z</time>
   </trkpt>
   <trkpt lat="7.0377910" lon="125.4488960">
    <ele>212.9</ele>
    <time>2025-11-20T07:08:22Z</time>
   </trkpt>
   <trkpt lat="7.0377830" lon="125.4488880">
    <ele>213.1</ele>
    <time>2025-11-20T07:08:23Z</time>
   </trkpt>
   <trkpt lat="7.0377760" lon="125.4488770">
    <ele>213.3</ele>
    <time>2025-11-20T07:08:24Z</time>
   </trkpt>
   <trkpt lat="7.0377790" lon="125.4488720">
    <ele>213.4</ele>
    <time>2025-11-20T07:08:25Z</time>
   </trkpt>
   <trkpt lat="7.0377840" lon="125.4488560">
    <ele>213.7</ele>
    <time>2025-11-20T07:08:26Z</time>
   </trkpt>
   <trkpt lat="7.0377870" lon="125.4488420">
    <ele>214.0</ele>
    <time>2025-11-20T07:08:27Z</time>
   </trkpt>
   <trkpt lat="7.0377790" lon="125.4488380">
    <ele>214.1</ele>
    <time>2025-11-20T07:08:28Z</time>
   </trkpt>
   <trkpt lat="7.0377780" lon="125.4488280">
    <ele>214.3</ele>
    <time>2025-11-20T07:08:29Z</time>
   </trkpt>
   <trkpt lat="7.0377730" lon="125.4488160">
    <ele>214.5</ele>
    <time>2025-11-20T07:08:30Z</time>
   </trkpt>
   <trkpt lat="7.0377710" lon="125.4488060">
    <ele>214.7</ele>
    <time>2025-11-20T07:08:31Z</time>
   </trkpt>
   <trkpt lat="7.0377710" lon="125.4487930">
    <ele>214.9</ele>
    <time>2025-11-20T07:08:32Z</time>
   </trkpt>
   <trkpt lat="7.0377830" lon="125.4487750">
    <ele>215.3</ele>
    <time>2025-11-20T07:08:33Z</time>
   </trkpt>
   <trkpt lat="7.0377900" lon="125.4487690">
    <ele>215.4</ele>
    <time>2025-11-20T07:08:34Z</time>
   </trkpt>
   <trkpt lat="7.0377960" lon="125.4487640">
    <ele>215.5</ele>
    <time>2025-11-20T07:08:35Z</time>
   </trkpt>
   <trkpt lat="7.0378030" lon="125.4487620">
    <ele>215.7</ele>
    <time>2025-11-20T07:08:36Z</time>
   </trkpt>
   <trkpt lat="7.0378030" lon="125.4487580">
    <ele>215.7</ele>
    <time>2025-11-20T07:08:37Z</time>
   </trkpt>
   <trkpt lat="7.0378000" lon="125.4487450">
    <ele>215.9</ele>
    <time>2025-11-20T07:08:38Z</time>
   </trkpt>
   <trkpt lat="7.0377940" lon="125.4487370">
    <ele>216.1</ele>
    <time>2025-11-20T07:08:39Z</time>
   </trkpt>
   <trkpt lat="7.0377890" lon="125.4487310">
    <ele>216.2</ele>
    <time>2025-11-20T07:08:40Z</time>
   </trkpt>
   <trkpt lat="7.0377940" lon="125.4487170">
    <ele>216.4</ele>
    <time>2025-11-20T07:08:41Z</time>
   </trkpt>
   <trkpt lat="7.0377960" lon="125.4487030">
    <ele>216.6</ele>
    <time>2025-11-20T07:08:42Z</time>
   </trkpt>
   <trkpt lat="7.0377990" lon="125.4486920">
    <ele>216.8</ele>
    <time>2025-11-20T07:08:43Z</time>
   </trkpt>
   <trkpt lat="7.0378030" lon="125.4486770">
    <ele>217.0</ele>
    <time>2025-11-20T07:08:44Z</time>
   </trkpt>
   <trkpt lat="7.0378030" lon="125.4486690">
    <ele>217.2</ele>
    <time>2025-11-20T07:08:45Z</time>
   </trkpt>
   <trkpt lat="7.0378050" lon="125.4486580">
    <ele>217.3</ele>
    <time>2025-11-20T07:08:46Z</time>
   </trkpt>
   <trkpt lat="7.0378040" lon="125.4486490">
    <ele>217.5</ele>
    <time>2025-11-20T07:08:47Z</time>
   </trkpt>
   <trkpt lat="7.0378040" lon="125.4486420">
    <ele>217.6</ele>
    <time>2025-11-20T07:08:48Z</time>
   </trkpt>
   <trkpt lat="7.0378110" lon="125.4486390">
    <ele>217.7</ele>
    <time>2025-11-20T07:08:49Z</time>
   </trkpt>
   <trkpt lat="7.0378170" lon="125.4486360">
    <ele>217.8</ele>
    <time>2025-11-20T07:08:50Z</time>
   </trkpt>
   <trkpt lat="7.0378120" lon="125.4486350">
    <ele>217.8</ele>
    <time>2025-11-20T07:08:51Z</time>
   </trkpt>
   <trkpt lat="7.0378090" lon="125.4486350">
    <ele>217.9</ele>
    <time>2025-11-20T07:08:52Z</time>
   </trkpt>
   <trkpt lat="7.0378030" lon="125.4486260">
    <ele>218.0</ele>
    <time>2025-11-20T07:08:53Z</time>
   </trkpt>
   <trkpt lat="7.0378000" lon="125.4486180">
    <ele>218.1</ele>
    <time>2025-11-20T07:08:54Z</time>
   </trkpt>
   <trkpt lat="7.0378040" lon="125.4486140">
    <ele>218.2</ele>
    <time>2025-11-20T07:08:55Z</time>
   </trkpt>
   <trkpt lat="7.0378090" lon="125.4486160">
    <ele>218.3</ele>
    <time>2025-11-20T07:08:56Z</time>
   </trkpt>
   <trkpt lat="7.0378120" lon="125.4486190">
    <ele>218.4</ele>
    <time>2025-11-20T07:08:57Z</time>
   </trkpt>
   <trkpt lat="7.0378120" lon="125.4486190">
    <ele>218.4</ele>
    <time>2025-11-20T07:08:58Z</time>
   </trkpt>
   <trkpt lat="7.0378120" lon="125.4486190">
    <ele>218.4</ele>
    <time>2025-11-20T07:08:59Z</time>
   </trkpt>
   <trkpt lat="7.0378120" lon="125.4486190">
    <ele>218.4</ele>
    <time>2025-11-20T07:09:00Z</time>
   </trkpt>
   <trkpt lat="7.0378120" lon="125.4486190">
    <ele>218.4</ele>
    <time>2025-11-20T07:09:01Z</time>
   </trkpt>
   <trkpt lat="7.0378120" lon="125.4486190">
    <ele>218.4</ele>
    <time>2025-11-20T07:09:02Z</time>
   </trkpt>
   <trkpt lat="7.0378120" lon="125.4486190">
    <ele>218.4</ele>
    <time>2025-11-20T07:09:03Z</time>
   </trkpt>
   <trkpt lat="7.0378280" lon="125.4486220">
    <ele>218.6</ele>
    <time>2025-11-20T07:09:04Z</time>
   </trkpt>
   <trkpt lat="7.0378320" lon="125.4486180">
    <ele>218.7</ele>
    <time>2025-11-20T07:09:05Z</time>
   </trkpt>
   <trkpt lat="7.0378350" lon="125.4486150">
    <ele>218.7</ele>
    <time>2025-11-20T07:09:06Z</time>
   </trkpt>
   <trkpt lat="7.0378380" lon="125.4486110">
    <ele>218.8</ele>
    <time>2025-11-20T07:09:07Z</time>
   </trkpt>
   <trkpt lat="7.0378370" lon="125.4486090">
    <ele>218.8</ele>
    <time>2025-11-20T07:09:08Z</time>
   </trkpt>
   <trkpt lat="7.0378360" lon="125.4486040">
    <ele>218.9</ele>
    <time>2025-11-20T07:09:09Z</time>
   </trkpt>
   <trkpt lat="7.0378360" lon="125.4486050">
    <ele>218.9</ele>
    <time>2025-11-20T07:09:10Z</time>
   </trkpt>
   <trkpt lat="7.0378360" lon="125.4486050">
    <ele>218.9</ele>
    <time>2025-11-20T07:09:11Z</time>
   </trkpt>
   <trkpt lat="7.0378390" lon="125.4485920">
    <ele>219.1</ele>
    <time>2025-11-20T07:09:12Z</time>
   </trkpt>
   <trkpt lat="7.0378350" lon="125.4485920">
    <ele>219.1</ele>
    <time>2025-11-20T07:09:13Z</time>
   </trkpt>
   <trkpt lat="7.0378330" lon="125.4485910">
    <ele>219.2</ele>
    <time>2025-11-20T07:09:14Z</time>
   </trkpt>
   <trkpt lat="7.0378320" lon="125.4485880">
    <ele>219.2</ele>
    <time>2025-11-20T07:09:15Z</time>
   </trkpt>
   <trkpt lat="7.0378320" lon="125.4485840">
    <ele>219.2</ele>
    <time>2025-11-20T07:09:16Z</time>
   </trkpt>
   <trkpt lat="7.0378320" lon="125.4485850">
    <ele>219.3</ele>
    <time>2025-11-20T07:09:17Z</time>
   </trkpt>
   <trkpt lat="7.0378290" lon="125.4485830">
    <ele>219.3</ele>
    <time>2025-11-20T07:09:18Z</time>
   </trkpt>
   <trkpt lat="7.0378240" lon="125.4485860">
    <ele>219.4</ele>
    <time>2025-11-20T07:09:19Z</time>
   </trkpt>
   <trkpt lat="7.0378240" lon="125.4485860">
    <ele>219.4</ele>
    <time>2025-11-20T07:09:20Z</time>
   </trkpt>
   <trkpt lat="7.0378240" lon="125.4485860">
    <ele>219.4</ele>
    <time>2025-11-20T07:09:21Z</time>
   </trkpt>
   <trkpt lat="7.0378240" lon="125.4485860">
    <ele>219.4</ele>
    <time>2025-11-20T07:09:22Z</time>
   </trkpt>
   <trkpt lat="7.0378240" lon="125.4485860">
    <ele>219.4</ele>
    <time>2025-11-20T07:09:23Z</time>
   </trkpt>
   <trkpt lat="7.0378240" lon="125.4485860">
    <ele>219.4</ele>
    <time>2025-11-20T07:09:24Z</time>
   </trkpt>
   <trkpt lat="7.0378240" lon="125.4485860">
    <ele>219.4</ele>
    <time>2025-11-20T07:09:25Z</time>
   </trkpt>
   <trkpt lat="7.0378240" lon="125.4485860">
    <ele>219.4</ele>
    <time>2025-11-20T07:09:26Z</time>
   </trkpt>
   <trkpt lat="7.0378240" lon="125.4485860">
    <ele>219.4</ele>
    <time>2025-11-20T07:09:27Z</time>
   </trkpt>
   <trkpt lat="7.0378040" lon="125.4485940">
    <ele>219.7</ele>
    <time>2025-11-20T07:09:28Z</time>
   </trkpt>
   <trkpt lat="7.0378040" lon="125.4485940">
    <ele>219.7</ele>
    <time>2025-11-20T07:09:29Z</time>
   </trkpt>
   <trkpt lat="7.0378040" lon="125.4485940">
    <ele>219.7</ele>
    <time>2025-11-20T07:09:30Z</time>
   </trkpt>
   <trkpt lat="7.0377990" lon="125.4485940">
    <ele>219.7</ele>
    <time>2025-11-20T07:09:31Z</time>
   </trkpt>
   <trkpt lat="7.0377950" lon="125.4485930">
    <ele>219.8</ele>
    <time>2025-11-20T07:09:32Z</time>
   </trkpt>
   <trkpt lat="7.0377960" lon="125.4485930">
    <ele>219.8</ele>
    <time>2025-11-20T07:09:33Z</time>
   </trkpt>
   <trkpt lat="7.0377960" lon="125.4485930">
    <ele>219.8</ele>
    <time>2025-11-20T07:09:34Z</time>
   </trkpt>
   <trkpt lat="7.0377960" lon="125.4485930">
    <ele>219.8</ele>
    <time>2025-11-20T07:09:35Z</time>
   </trkpt>
   <trkpt lat="7.0377960" lon="125.4485930">
    <ele>219.8</ele>
    <time>2025-11-20T07:09:36Z</time>
   </trkpt>
   <trkpt lat="7.0377960" lon="125.4485930">
    <ele>219.8</ele>
    <time>2025-11-20T07:09:37Z</time>
   </trkpt>
   <trkpt lat="7.0377880" lon="125.4485980">
    <ele>219.9</ele>
    <time>2025-11-20T07:09:39Z</time>
   </trkpt>
   <trkpt lat="7.0377870" lon="125.4485990">
    <ele>219.9</ele>
    <time>2025-11-20T07:09:40Z</time>
   </trkpt>
   <trkpt lat="7.0377860" lon="125.4486000">
    <ele>219.9</ele>
    <time>2025-11-20T07:09:41Z</time>
   </trkpt>
   <trkpt lat="7.0377840" lon="125.4486010">
    <ele>220.0</ele>
    <time>2025-11-20T07:09:42Z</time>
   </trkpt>
   <trkpt lat="7.0377840" lon="125.4486010">
    <ele>220.0</ele>
    <time>2025-11-20T07:09:43Z</time>
   </trkpt>
   <trkpt lat="7.0377840" lon="125.4486010">
    <ele>220.0</ele>
    <time>2025-11-20T07:09:44Z</time>
   </trkpt>
   <trkpt lat="7.0377840" lon="125.4486010">
    <ele>220.0</ele>
    <time>2025-11-20T07:09:45Z</time>
   </trkpt>
   <trkpt lat="7.0377840" lon="125.4486010">
    <ele>220.0</ele>
    <time>2025-11-20T07:09:46Z</time>
   </trkpt>
   <trkpt lat="7.0377840" lon="125.4486010">
    <ele>220.0</ele>
    <time>2025-11-20T07:09:47Z</time>
   </trkpt>
   <trkpt lat="7.0377840" lon="125.4486040">
    <ele>220.0</ele>
    <time>2025-11-20T07:09:48Z</time>
   </trkpt>
   <trkpt lat="7.0377840" lon="125.4486040">
    <ele>220.0</ele>
    <time>2025-11-20T07:09:49Z</time>
   </trkpt>
   <trkpt lat="7.0377840" lon="125.4486040">
    <ele>220.0</ele>
    <time>2025-11-20T07:09:50Z</time>
   </trkpt>
   <trkpt lat="7.0377840" lon="125.4486040">
    <ele>220.0</ele>
    <time>2025-11-20T07:09:51Z</time>
   </trkpt>
   <trkpt lat="7.0377770" lon="125.4486100">
    <ele>220.1</ele>
    <time>2025-11-20T07:09:52Z</time>
   </trkpt>
   <trkpt lat="7.0377760" lon="125.4486100">
    <ele>220.1</ele>
    <time>2025-11-20T07:09:53Z</time>
   </trkpt>
   <trkpt lat="7.0377760" lon="125.4486080">
    <ele>220.2</ele>
    <time>2025-11-20T07:09:54Z</time>
   </trkpt>
   <trkpt lat="7.0377760" lon="125.4486080">
    <ele>220.2</ele>
    <time>2025-11-20T07:09:55Z</time>
   </trkpt>
   <trkpt lat="7.0377750" lon="125.4486080">
    <ele>220.2</ele>
    <time>2025-11-20T07:09:56Z</time>
   </trkpt>
   <trkpt lat="7.0377730" lon="125.4486090">
    <ele>220.2</ele>
    <time>2025-11-20T07:09:57Z</time>
   </trkpt>
   <trkpt lat="7.0377730" lon="125.4486090">
    <ele>220.2</ele>
    <time>2025-11-20T07:09:58Z</time>
   </trkpt>
   <trkpt lat="7.0377700" lon="125.4486090">
    <ele>220.3</ele>
    <time>2025-11-20T07:09:59Z</time>
   </trkpt>
   <trkpt lat="7.0377700" lon="125.4486090">
    <ele>220.3</ele>
    <time>2025-11-20T07:10:00Z</time>
   </trkpt>
   <trkpt lat="7.0377710" lon="125.4486140">
    <ele>220.3</ele>
    <time>2025-11-20T07:10:01Z</time>
   </trkpt>
   <trkpt lat="7.0377720" lon="125.4486190">
    <ele>220.4</ele>
    <time>2025-11-20T07:10:02Z</time>
   </trkpt>
   <trkpt lat="7.0377730" lon="125.4486200">
    <ele>220.4</ele>
    <time>2025-11-20T07:10:03Z</time>
   </trkpt>
   <trkpt lat="7.0377730" lon="125.4486220">
    <ele>220.4</ele>
    <time>2025-11-20T07:10:04Z</time>
   </trkpt>
   <trkpt lat="7.0377760" lon="125.4486210">
    <ele>220.5</ele>
    <time>2025-11-20T07:10:05Z</time>
   </trkpt>
   <trkpt lat="7.0377760" lon="125.4486210">
    <ele>220.5</ele>
    <time>2025-11-20T07:10:06Z</time>
   </trkpt>
   <trkpt lat="7.0377760" lon="125.4486210">
    <ele>220.5</ele>
    <time>2025-11-20T07:10:07Z</time>
   </trkpt>
   <trkpt lat="7.0377760" lon="125.4486210">
    <ele>220.5</ele>
    <time>2025-11-20T07:10:08Z</time>
   </trkpt>
   <trkpt lat="7.0377760" lon="125.4486210">
    <ele>220.5</ele>
    <time>2025-11-20T07:10:09Z</time>
   </trkpt>
   <trkpt lat="7.0377760" lon="125.4486210">
    <ele>220.5</ele>
    <time>2025-11-20T07:10:10Z</time>
   </trkpt>
   <trkpt lat="7.0377810" lon="125.4486240">
    <ele>220.5</ele>
    <time>2025-11-20T07:10:11Z</time>
   </trkpt>
   <trkpt lat="7.0377810" lon="125.4486240">
    <ele>220.5</ele>
    <time>2025-11-20T07:10:12Z</time>
   </trkpt>
   <trkpt lat="7.0377810" lon="125.4486240">
    <ele>220.5</ele>
    <time>2025-11-20T07:10:13Z</time>
   </trkpt>
   <trkpt lat="7.0377810" lon="125.4486240">
    <ele>220.5</ele>
    <time>2025-11-20T07:10:14Z</time>
   </trkpt>
   <trkpt lat="7.0377810" lon="125.4486240">
    <ele>220.5</ele>
    <time>2025-11-20T07:10:15Z</time>
   </trkpt>
   <trkpt lat="7.0377810" lon="125.4486240">
    <ele>220.5</ele>
    <time>2025-11-20T07:10:16Z</time>
   </trkpt>
   <trkpt lat="7.0377810" lon="125.4486240">
    <ele>220.5</ele>
    <time>2025-11-20T07:10:17Z</time>
   </trkpt>
   <trkpt lat="7.0377870" lon="125.4486150">
    <ele>220.7</ele>
    <time>2025-11-20T07:10:18Z</time>
   </trkpt>
   <trkpt lat="7.0377870" lon="125.4486150">
    <ele>220.7</ele>
    <time>2025-11-20T07:10:19Z</time>
   </trkpt>
   <trkpt lat="7.0377870" lon="125.4486150">
    <ele>220.7</ele>
    <time>2025-11-20T07:10:20Z</time>
   </trkpt>
   <trkpt lat="7.0377890" lon="125.4486100">
    <ele>220.8</ele>
    <time>2025-11-20T07:10:21Z</time>
   </trkpt>
   <trkpt lat="7.0377890" lon="125.4486100">
    <ele>220.8</ele>
    <time>2025-11-20T07:10:22Z</time>
   </trkpt>
   <trkpt lat="7.0377890" lon="125.4486100">
    <ele>220.8</ele>
    <time>2025-11-20T07:10:23Z</time>
   </trkpt>
   <trkpt lat="7.0377890" lon="125.4486100">
    <ele>220.8</ele>
    <time>2025-11-20T07:10:24Z</time>
   </trkpt>
   <trkpt lat="7.0377890" lon="125.4486100">
    <ele>220.8</ele>
    <time>2025-11-20T07:10:25Z</time>
   </trkpt>
   <trkpt lat="7.0377890" lon="125.4486100">
    <ele>220.8</ele>
    <time>2025-11-20T07:10:26Z</time>
   </trkpt>
   <trkpt lat="7.0377890" lon="125.4486100">
    <ele>220.8</ele>
    <time>2025-11-20T07:10:27Z</time>
   </trkpt>
   <trkpt lat="7.0377890" lon="125.4486100">
    <ele>220.8</ele>
    <time>2025-11-20T07:10:28Z</time>
   </trkpt>
   <trkpt lat="7.0377890" lon="125.4486100">
    <ele>220.8</ele>
    <time>2025-11-20T07:10:29Z</time>
   </trkpt>
   <trkpt lat="7.0377890" lon="125.4486100">
    <ele>220.8</ele>
    <time>2025-11-20T07:10:30Z</time>
   </trkpt>
   <trkpt lat="7.0377890" lon="125.4486100">
    <ele>220.8</ele>
    <time>2025-11-20T07:10:31Z</time>
   </trkpt>
   <trkpt lat="7.0377760" lon="125.4486140">
    <ele>221.0</ele>
    <time>2025-11-20T07:10:32Z</time>
   </trkpt>
   <trkpt lat="7.0377780" lon="125.4486160">
    <ele>221.0</ele>
    <time>2025-11-20T07:10:33Z</time>
   </trkpt>
   <trkpt lat="7.0377810" lon="125.4486140">
    <ele>221.0</ele>
    <time>2025-11-20T07:10:34Z</time>
   </trkpt>
   <trkpt lat="7.0377800" lon="125.4486160">
    <ele>221.1</ele>
    <time>2025-11-20T07:10:35Z</time>
   </trkpt>
   <trkpt lat="7.0377800" lon="125.4486160">
    <ele>221.1</ele>
    <time>2025-11-20T07:10:36Z</time>
   </trkpt>
   <trkpt lat="7.0377800" lon="125.4486160">
    <ele>221.1</ele>
    <time>2025-11-20T07:10:37Z</time>
   </trkpt>
   <trkpt lat="7.0377800" lon="125.4486160">
    <ele>221.1</ele>
    <time>2025-11-20T07:10:38Z</time>
   </trkpt>
   <trkpt lat="7.0377800" lon="125.4486160">
    <ele>221.1</ele>
    <time>2025-11-20T07:10:39Z</time>
   </trkpt>
   <trkpt lat="7.0377740" lon="125.4486180">
    <ele>221.2</ele>
    <time>2025-11-20T07:10:40Z</time>
   </trkpt>
   <trkpt lat="7.0377760" lon="125.4486020">
    <ele>221.4</ele>
    <time>2025-11-20T07:10:41Z</time>
   </trkpt>
   <trkpt lat="7.0377860" lon="125.4485890">
    <ele>221.7</ele>
    <time>2025-11-20T07:10:42Z</time>
   </trkpt>
   <trkpt lat="7.0377880" lon="125.4485800">
    <ele>221.8</ele>
    <time>2025-11-20T07:10:43Z</time>
   </trkpt>
   <trkpt lat="7.0377900" lon="125.4485720">
    <ele>221.9</ele>
    <time>2025-11-20T07:10:44Z</time>
   </trkpt>
   <trkpt lat="7.0377880" lon="125.4485530">
    <ele>222.2</ele>
    <time>2025-11-20T07:10:45Z</time>
   </trkpt>
   <trkpt lat="7.0377880" lon="125.4485440">
    <ele>222.3</ele>
    <time>2025-11-20T07:10:46Z</time>
   </trkpt>
   <trkpt lat="7.0377930" lon="125.4485330">
    <ele>222.5</ele>
    <time>2025-11-20T07:10:47Z</time>
   </trkpt>
   <trkpt lat="7.0377960" lon="125.4485160">
    <ele>222.8</ele>
    <time>2025-11-20T07:10:48Z</time>
   </trkpt>
   <trkpt lat="7.0378040" lon="125.4485100">
    <ele>222.9</ele>
    <time>2025-11-20T07:10:49Z</time>
   </trkpt>
   <trkpt lat="7.0378050" lon="125.4484940">
    <ele>223.1</ele>
    <time>2025-11-20T07:10:50Z</time>
   </trkpt>
   <trkpt lat="7.0378110" lon="125.4484850">
    <ele>223.3</ele>
    <time>2025-11-20T07:10:51Z</time>
   </trkpt>
   <trkpt lat="7.0378120" lon="125.4484630">
    <ele>223.7</ele>
    <time>2025-11-20T07:10:52Z</time>
   </trkpt>
   <trkpt lat="7.0378090" lon="125.4484540">
    <ele>223.8</ele>
    <time>2025-11-20T07:10:53Z</time>
   </trkpt>
   <trkpt lat="7.0378070" lon="125.4484460">
    <ele>223.9</ele>
    <time>2025-11-20T07:10:54Z</time>
   </trkpt>
   <trkpt lat="7.0378110" lon="125.4484390">
    <ele>224.1</ele>
    <time>2025-11-20T07:10:55Z</time>
   </trkpt>
   <trkpt lat="7.0378090" lon="125.4484290">
    <ele>224.2</ele>
    <time>2025-11-20T07:10:56Z</time>
   </trkpt>
   <trkpt lat="7.0378160" lon="125.4484290">
    <ele>224.4</ele>
    <time>2025-11-20T07:10:57Z</time>
   </trkpt>
   <trkpt lat="7.0378210" lon="125.4484210">
    <ele>224.5</ele>
    <time>2025-11-20T07:10:58Z</time>
   </trkpt>
   <trkpt lat="7.0378210" lon="125.4484110">
    <ele>224.7</ele>
    <time>2025-11-20T07:10:59Z</time>
   </trkpt>
   <trkpt lat="7.0378280" lon="125.4483990">
    <ele>224.9</ele>
    <time>2025-11-20T07:11:00Z</time>
   </trkpt>
   <trkpt lat="7.0378260" lon="125.4483900">
    <ele>225.1</ele>
    <time>2025-11-20T07:11:01Z</time>
   </trkpt>
   <trkpt lat="7.0378210" lon="125.4483850">
    <ele>225.2</ele>
    <time>2025-11-20T07:11:02Z</time>
   </trkpt>
   <trkpt lat="7.0378220" lon="125.4483780">
    <ele>225.3</ele>
    <time>2025-11-20T07:11:03Z</time>
   </trkpt>
   <trkpt lat="7.0378220" lon="125.4483740">
    <ele>225.4</ele>
    <time>2025-11-20T07:11:04Z</time>
   </trkpt>
   <trkpt lat="7.0378190" lon="125.4483680">
    <ele>225.5</ele>
    <time>2025-11-20T07:11:05Z</time>
   </trkpt>
   <trkpt lat="7.0378250" lon="125.4483560">
    <ele>225.8</ele>
    <time>2025-11-20T07:11:06Z</time>
   </trkpt>
   <trkpt lat="7.0378250" lon="125.4483550">
    <ele>225.8</ele>
    <time>2025-11-20T07:11:07Z</time>
   </trkpt>
   <trkpt lat="7.0378300" lon="125.4483530">
    <ele>225.9</ele>
    <time>2025-11-20T07:11:08Z</time>
   </trkpt>
   <trkpt lat="7.0378300" lon="125.4483450">
    <ele>226.0</ele>
    <time>2025-11-20T07:11:09Z</time>
   </trkpt>
   <trkpt lat="7.0378260" lon="125.4483380">
    <ele>226.2</ele>
    <time>2025-11-20T07:11:10Z</time>
   </trkpt>
   <trkpt lat="7.0378240" lon="125.4483350">
    <ele>226.3</ele>
    <time>2025-11-20T07:11:11Z</time>
   </trkpt>
   <trkpt lat="7.0378240" lon="125.4483280">
    <ele>226.4</ele>
    <time>2025-11-20T07:11:12Z</time>
   </trkpt>
   <trkpt lat="7.0378240" lon="125.4483250">
    <ele>226.4</ele>
    <time>2025-11-20T07:11:13Z</time>
   </trkpt>
   <trkpt lat="7.0378290" lon="125.4483250">
    <ele>226.5</ele>
    <time>2025-11-20T07:11:14Z</time>
   </trkpt>
   <trkpt lat="7.0378310" lon="125.4483160">
    <ele>226.7</ele>
    <time>2025-11-20T07:11:15Z</time>
   </trkpt>
   <trkpt lat="7.0378260" lon="125.4483120">
    <ele>226.8</ele>
    <time>2025-11-20T07:11:16Z</time>
   </trkpt>
   <trkpt lat="7.0378190" lon="125.4482980">
    <ele>227.2</ele>
    <time>2025-11-20T07:11:17Z</time>
   </trkpt>
   <trkpt lat="7.0378130" lon="125.4482880">
    <ele>227.4</ele>
    <time>2025-11-20T07:11:18Z</time>
   </trkpt>
   <trkpt lat="7.0378030" lon="125.4482790">
    <ele>227.7</ele>
    <time>2025-11-20T07:11:19Z</time>
   </trkpt>
   <trkpt lat="7.0378010" lon="125.4482680">
    <ele>227.9</ele>
    <time>2025-11-20T07:11:20Z</time>
   </trkpt>
   <trkpt lat="7.0378060" lon="125.4482690">
    <ele>228.0</ele>
    <time>2025-11-20T07:11:21Z</time>
   </trkpt>
   <trkpt lat="7.0378040" lon="125.4482670">
    <ele>228.1</ele>
    <time>2025-11-20T07:11:22Z</time>
   </trkpt>
   <trkpt lat="7.0378070" lon="125.4482500">
    <ele>228.4</ele>
    <time>2025-11-20T07:11:23Z</time>
   </trkpt>
   <trkpt lat="7.0378060" lon="125.4482390">
    <ele>228.7</ele>
    <time>2025-11-20T07:11:24Z</time>
   </trkpt>
   <trkpt lat="7.0378000" lon="125.4482370">
    <ele>228.8</ele>
    <time>2025-11-20T07:11:25Z</time>
   </trkpt>
   <trkpt lat="7.0378000" lon="125.4482250">
    <ele>229.0</ele>
    <time>2025-11-20T07:11:26Z</time>
   </trkpt>
   <trkpt lat="7.0378000" lon="125.4482260">
    <ele>229.1</ele>
    <time>2025-11-20T07:11:27Z</time>
   </trkpt>
   <trkpt lat="7.0378010" lon="125.4482170">
    <ele>229.2</ele>
    <time>2025-11-20T07:11:28Z</time>
   </trkpt>
   <trkpt lat="7.0378040" lon="125.4482230">
    <ele>229.4</ele>
    <time>2025-11-20T07:11:29Z</time>
   </trkpt>
   <trkpt lat="7.0378080" lon="125.4482250">
    <ele>229.5</ele>
    <time>2025-11-20T07:11:30Z</time>
   </trkpt>
   <trkpt lat="7.0378090" lon="125.4482220">
    <ele>229.6</ele>
    <time>2025-11-20T07:11:31Z</time>
   </trkpt>
   <trkpt lat="7.0378150" lon="125.4482110">
    <ele>229.8</ele>
    <time>2025-11-20T07:11:32Z</time>
   </trkpt>
   <trkpt lat="7.0378170" lon="125.4482110">
    <ele>229.9</ele>
    <time>2025-11-20T07:11:33Z</time>
   </trkpt>
   <trkpt lat="7.0378170" lon="125.4482060">
    <ele>230.0</ele>
    <time>2025-11-20T07:11:34Z</time>
   </trkpt>
   <trkpt lat="7.0378160" lon="125.4481990">
    <ele>230.2</ele>
    <time>2025-11-20T07:11:35Z</time>
   </trkpt>
   <trkpt lat="7.0378220" lon="125.4481890">
    <ele>230.4</ele>
    <time>2025-11-20T07:11:36Z</time>
   </trkpt>
   <trkpt lat="7.0378210" lon="125.4481830">
    <ele>230.6</ele>
    <time>2025-11-20T07:11:37Z</time>
   </trkpt>
   <trkpt lat="7.0378170" lon="125.4481800">
    <ele>230.7</ele>
    <time>2025-11-20T07:11:38Z</time>
   </trkpt>
   <trkpt lat="7.0378120" lon="125.4481850">
    <ele>230.9</ele>
    <time>2025-11-20T07:11:39Z</time>
   </trkpt>
   <trkpt lat="7.0378110" lon="125.4481840">
    <ele>230.9</ele>
    <time>2025-11-20T07:11:40Z</time>
   </trkpt>
   <trkpt lat="7.0378100" lon="125.4481870">
    <ele>231.0</ele>
    <time>2025-11-20T07:11:41Z</time>
   </trkpt>
   <trkpt lat="7.0378090" lon="125.4481890">
    <ele>231.0</ele>
    <time>2025-11-20T07:11:42Z</time>
   </trkpt>
   <trkpt lat="7.0378130" lon="125.4481900">
    <ele>231.1</ele>
    <time>2025-11-20T07:11:43Z</time>
   </trkpt>
   <trkpt lat="7.0378150" lon="125.4481890">
    <ele>231.2</ele>
    <time>2025-11-20T07:11:45Z</time>
   </trkpt>
   <trkpt lat="7.0378170" lon="125.4481870">
    <ele>231.2</ele>
    <time>2025-11-20T07:11:46Z</time>
   </trkpt>
   <trkpt lat="7.0378180" lon="125.4481880">
    <ele>231.3</ele>
    <time>2025-11-20T07:11:47Z</time>
   </trkpt>
   <trkpt lat="7.0378170" lon="125.4481880">
    <ele>231.3</ele>
    <time>2025-11-20T07:11:48Z</time>
   </trkpt>
   <trkpt lat="7.0378150" lon="125.4481890">
    <ele>231.4</ele>
    <time>2025-11-20T07:11:49Z</time>
   </trkpt>
   <trkpt lat="7.0378100" lon="125.4481810">
    <ele>231.6</ele>
    <time>2025-11-20T07:11:50Z</time>
   </trkpt>
   <trkpt lat="7.0378070" lon="125.4481690">
    <ele>231.9</ele>
    <time>2025-11-20T07:11:51Z</time>
   </trkpt>
   <trkpt lat="7.0378040" lon="125.4481620">
    <ele>232.1</ele>
    <time>2025-11-20T07:11:52Z</time>
   </trkpt>
   <trkpt lat="7.0378090" lon="125.4481630">
    <ele>232.2</ele>
    <time>2025-11-20T07:11:53Z</time>
   </trkpt>
   <trkpt lat="7.0378150" lon="125.4481630">
    <ele>232.4</ele>
    <time>2025-11-20T07:11:54Z</time>
   </trkpt>
   <trkpt lat="7.0378190" lon="125.4481600">
    <ele>232.5</ele>
    <time>2025-11-20T07:11:55Z</time>
   </trkpt>
   <trkpt lat="7.0378190" lon="125.4481540">
    <ele>232.6</ele>
    <time>2025-11-20T07:11:56Z</time>
   </trkpt>
   <trkpt lat="7.0378280" lon="125.4481380">
    <ele>233.1</ele>
    <time>2025-11-20T07:11:57Z</time>
   </trkpt>
   <trkpt lat="7.0378290" lon="125.4481320">
    <ele>233.3</ele>
    <time>2025-11-20T07:11:58Z</time>
   </trkpt>
   <trkpt lat="7.0378300" lon="125.4481300">
    <ele>233.3</ele>
    <time>2025-11-20T07:11:59Z</time>
   </trkpt>
   <trkpt lat="7.0378310" lon="125.4481220">
    <ele>233.5</ele>
    <time>2025-11-20T07:12:00Z</time>
   </trkpt>
   <trkpt lat="7.0378350" lon="125.4481170">
    <ele>233.7</ele>
    <time>2025-11-20T07:12:01Z</time>
   </trkpt>
   <trkpt lat="7.0378390" lon="125.4481050">
    <ele>234.0</ele>
    <time>2025-11-20T07:12:02Z</time>
   </trkpt>
   <trkpt lat="7.0378410" lon="125.4480950">
    <ele>234.2</ele>
    <time>2025-11-20T07:12:03Z</time>
   </trkpt>
   <trkpt lat="7.0378380" lon="125.4480900">
    <ele>234.4</ele>
    <time>2025-11-20T07:12:04Z</time>
   </trkpt>
   <trkpt lat="7.0378410" lon="125.4480880">
    <ele>234.5</ele>
    <time>2025-11-20T07:12:05Z</time>
   </trkpt>
   <trkpt lat="7.0378460" lon="125.4480850">
    <ele>234.6</ele>
    <time>2025-11-20T07:12:06Z</time>
   </trkpt>
   <trkpt lat="7.0378460" lon="125.4480850">
    <ele>234.6</ele>
    <time>2025-11-20T07:12:07Z</time>
   </trkpt>
   <trkpt lat="7.0378480" lon="125.4480860">
    <ele>234.7</ele>
    <time>2025-11-20T07:12:08Z</time>
   </trkpt>
   <trkpt lat="7.0378510" lon="125.4480880">
    <ele>234.8</ele>
    <time>2025-11-20T07:12:09Z</time>
   </trkpt>
   <trkpt lat="7.0378510" lon="125.4480900">
    <ele>234.8</ele>
    <time>2025-11-20T07:12:10Z</time>
   </trkpt>
   <trkpt lat="7.0378500" lon="125.4480910">
    <ele>234.9</ele>
    <time>2025-11-20T07:12:11Z</time>
   </trkpt>
   <trkpt lat="7.0378520" lon="125.4480940">
    <ele>235.0</ele>
    <time>2025-11-20T07:12:12Z</time>
   </trkpt>
   <trkpt lat="7.0378490" lon="125.4480970">
    <ele>235.1</ele>
    <time>2025-11-20T07:12:13Z</time>
   </trkpt>
   <trkpt lat="7.0378510" lon="125.4480960">
    <ele>235.1</ele>
    <time>2025-11-20T07:12:14Z</time>
   </trkpt>
   <trkpt lat="7.0378510" lon="125.4480990">
    <ele>235.2</ele>
    <time>2025-11-20T07:12:15Z</time>
   </trkpt>
   <trkpt lat="7.0378490" lon="125.4480930">
    <ele>235.4</ele>
    <time>2025-11-20T07:12:16Z</time>
   </trkpt>
   <trkpt lat="7.0378490" lon="125.4480930">
    <ele>235.4</ele>
    <time>2025-11-20T07:12:17Z</time>
   </trkpt>
   <trkpt lat="7.0378470" lon="125.4480930">
    <ele>235.4</ele>
    <time>2025-11-20T07:12:18Z</time>
   </trkpt>
   <trkpt lat="7.0378460" lon="125.4480930">
    <ele>235.5</ele>
    <time>2025-11-20T07:12:19Z</time>
   </trkpt>
   <trkpt lat="7.0378450" lon="125.4480890">
    <ele>235.6</ele>
    <time>2025-11-20T07:12:20Z</time>
   </trkpt>
   <trkpt lat="7.0378430" lon="125.4480900">
    <ele>235.6</ele>
    <time>2025-11-20T07:12:21Z</time>
   </trkpt>
   <trkpt lat="7.0378440" lon="125.4480900">
    <ele>235.7</ele>
    <time>2025-11-20T07:12:22Z</time>
   </trkpt>
   <trkpt lat="7.0378410" lon="125.4480860">
    <ele>235.8</ele>
    <time>2025-11-20T07:12:23Z</time>
   </trkpt>
   <trkpt lat="7.0378360" lon="125.4480890">
    <ele>236.0</ele>
    <time>2025-11-20T07:12:24Z</time>
   </trkpt>
   <trkpt lat="7.0378360" lon="125.4480870">
    <ele>236.0</ele>
    <time>2025-11-20T07:12:25Z</time>
   </trkpt>
   <trkpt lat="7.0378330" lon="125.4480870">
    <ele>236.1</ele>
    <time>2025-11-20T07:12:26Z</time>
   </trkpt>
   <trkpt lat="7.0378330" lon="125.4480840">
    <ele>236.2</ele>
    <time>2025-11-20T07:12:27Z</time>
   </trkpt>
   <trkpt lat="7.0378310" lon="125.4480860">
    <ele>236.2</ele>
    <time>2025-11-20T07:12:28Z</time>
   </trkpt>
   <trkpt lat="7.0378270" lon="125.4480880">
    <ele>236.4</ele>
    <time>2025-11-20T07:12:29Z</time>
   </trkpt>
   <trkpt lat="7.0378270" lon="125.4480880">
    <ele>236.4</ele>
    <time>2025-11-20T07:12:30Z</time>
   </trkpt>
   <trkpt lat="7.0378270" lon="125.4480880">
    <ele>236.4</ele>
    <time>2025-11-20T07:12:31Z</time>
   </trkpt>
   <trkpt lat="7.0378270" lon="125.4480880">
    <ele>236.4</ele>
    <time>2025-11-20T07:12:32Z</time>
   </trkpt>
   <trkpt lat="7.0378300" lon="125.4480890">
    <ele>236.4</ele>
    <time>2025-11-20T07:12:33Z</time>
   </trkpt>
   <trkpt lat="7.0378340" lon="125.4480840">
    <ele>236.6</ele>
    <time>2025-11-20T07:12:34Z</time>
   </trkpt>
   <trkpt lat="7.0378320" lon="125.4480810">
    <ele>236.7</ele>
    <time>2025-11-20T07:12:35Z</time>
   </trkpt>
   <trkpt lat="7.0378310" lon="125.4480830">
    <ele>236.8</ele>
    <time>2025-11-20T07:12:36Z</time>
   </trkpt>
   <trkpt lat="7.0378290" lon="125.4480860">
    <ele>236.9</ele>
    <time>2025-11-20T07:12:37Z</time>
   </trkpt>
   <trkpt lat="7.0378270" lon="125.4480840">
    <ele>236.9</ele>
    <time>2025-11-20T07:12:38Z</time>
   </trkpt>
   <trkpt lat="7.0378270" lon="125.4480840">
    <ele>236.9</ele>
    <time>2025-11-20T07:12:39Z</time>
   </trkpt>
   <trkpt lat="7.0378270" lon="125.4480840">
    <ele>236.9</ele>
    <time>2025-11-20T07:12:40Z</time>
   </trkpt>
   <trkpt lat="7.0378270" lon="125.4480840">
    <ele>236.9</ele>
    <time>2025-11-20T07:12:41Z</time>
   </trkpt>
   <trkpt lat="7.0378270" lon="125.4480840">
    <ele>236.9</ele>
    <time>2025-11-20T07:12:42Z</time>
   </trkpt>
   <trkpt lat="7.0378220" lon="125.4480810">
    <ele>237.1</ele>
    <time>2025-11-20T07:12:43Z</time>
   </trkpt>
   <trkpt lat="7.0378230" lon="125.4480770">
    <ele>237.2</ele>
    <time>2025-11-20T07:12:44Z</time>
   </trkpt>
   <trkpt lat="7.0378230" lon="125.4480720">
    <ele>237.3</ele>
    <time>2025-11-20T07:12:45Z</time>
   </trkpt>
   <trkpt lat="7.0378210" lon="125.4480750">
    <ele>237.4</ele>
    <time>2025-11-20T07:12:46Z</time>
   </trkpt>
   <trkpt lat="7.0378210" lon="125.4480760">
    <ele>237.5</ele>
    <time>2025-11-20T07:12:47Z</time>
   </trkpt>
   <trkpt lat="7.0378210" lon="125.4480760">
    <ele>237.5</ele>
    <time>2025-11-20T07:12:48Z</time>
   </trkpt>
   <trkpt lat="7.0378210" lon="125.4480760">
    <ele>237.5</ele>
    <time>2025-11-20T07:12:49Z</time>
   </trkpt>
   <trkpt lat="7.0378210" lon="125.4480760">
    <ele>237.5</ele>
    <time>2025-11-20T07:12:50Z</time>
   </trkpt>
   <trkpt lat="7.0378210" lon="125.4480760">
    <ele>237.5</ele>
    <time>2025-11-20T07:12:51Z</time>
   </trkpt>
   <trkpt lat="7.0378210" lon="125.4480760">
    <ele>237.5</ele>
    <time>2025-11-20T07:12:52Z</time>
   </trkpt>
   <trkpt lat="7.0378210" lon="125.4480760">
    <ele>237.5</ele>
    <time>2025-11-20T07:12:53Z</time>
   </trkpt>
   <trkpt lat="7.0378210" lon="125.4480760">
    <ele>237.5</ele>
    <time>2025-11-20T07:12:54Z</time>
   </trkpt>
   <trkpt lat="7.0378210" lon="125.4480760">
    <ele>237.5</ele>
    <time>2025-11-20T07:12:55Z</time>
   </trkpt>
   <trkpt lat="7.0378210" lon="125.4480760">
    <ele>237.5</ele>
    <time>2025-11-20T07:12:56Z</time>
   </trkpt>
   <trkpt lat="7.0378210" lon="125.4480760">
    <ele>237.5</ele>
    <time>2025-11-20T07:12:57Z</time>
   </trkpt>
   <trkpt lat="7.0378210" lon="125.4480760">
    <ele>237.5</ele>
    <time>2025-11-20T07:12:58Z</time>
   </trkpt>
   <trkpt lat="7.0378210" lon="125.4480760">
    <ele>237.5</ele>
    <time>2025-11-20T07:12:59Z</time>
   </trkpt>
   <trkpt lat="7.0378210" lon="125.4480760">
    <ele>237.5</ele>
    <time>2025-11-20T07:13:00Z</time>
   </trkpt>
   <trkpt lat="7.0378210" lon="125.4480760">
    <ele>237.5</ele>
    <time>2025-11-20T07:13:01Z</time>
   </trkpt>
   <trkpt lat="7.0378210" lon="125.4480760">
    <ele>237.5</ele>
    <time>2025-11-20T07:13:02Z</time>
   </trkpt>
   <trkpt lat="7.0378210" lon="125.4480760">
    <ele>237.5</ele>
    <time>2025-11-20T07:13:03Z</time>
   </trkpt>
   <trkpt lat="7.0378180" lon="125.4480820">
    <ele>237.6</ele>
    <time>2025-11-20T07:13:04Z</time>
   </trkpt>
   <trkpt lat="7.0378210" lon="125.4480820">
    <ele>237.7</ele>
    <time>2025-11-20T07:13:05Z</time>
   </trkpt>
   <trkpt lat="7.0378200" lon="125.4480820">
    <ele>237.8</ele>
    <time>2025-11-20T07:13:06Z</time>
   </trkpt>
   <trkpt lat="7.0378200" lon="125.4480820">
    <ele>237.8</ele>
    <time>2025-11-20T07:13:07Z</time>
   </trkpt>
   <trkpt lat="7.0378200" lon="125.4480820">
    <ele>237.8</ele>
    <time>2025-11-20T07:13:08Z</time>
   </trkpt>
   <trkpt lat="7.0378200" lon="125.4480820">
    <ele>237.8</ele>
    <time>2025-11-20T07:13:09Z</time>
   </trkpt>
   <trkpt lat="7.0378250" lon="125.4480820">
    <ele>237.9</ele>
    <time>2025-11-20T07:13:10Z</time>
   </trkpt>
   <trkpt lat="7.0378240" lon="125.4480820">
    <ele>237.9</ele>
    <time>2025-11-20T07:13:11Z</time>
   </trkpt>
   <trkpt lat="7.0378240" lon="125.4480830">
    <ele>237.9</ele>
    <time>2025-11-20T07:13:12Z</time>
   </trkpt>
   <trkpt lat="7.0378240" lon="125.4480830">
    <ele>237.9</ele>
    <time>2025-11-20T07:13:13Z</time>
   </trkpt>
   <trkpt lat="7.0378220" lon="125.4480790">
    <ele>238.1</ele>
    <time>2025-11-20T07:13:14Z</time>
   </trkpt>
   <trkpt lat="7.0378250" lon="125.4480710">
    <ele>238.3</ele>
    <time>2025-11-20T07:13:15Z</time>
   </trkpt>
   <trkpt lat="7.0378310" lon="125.4480650">
    <ele>238.5</ele>
    <time>2025-11-20T07:13:16Z</time>
   </trkpt>
   <trkpt lat="7.0378340" lon="125.4480610">
    <ele>238.7</ele>
    <time>2025-11-20T07:13:17Z</time>
   </trkpt>
   <trkpt lat="7.0378370" lon="125.4480540">
    <ele>238.9</ele>
    <time>2025-11-20T07:13:18Z</time>
   </trkpt>
   <trkpt lat="7.0378410" lon="125.4480490">
    <ele>239.1</ele>
    <time>2025-11-20T07:13:19Z</time>
   </trkpt>
   <trkpt lat="7.0378480" lon="125.4480460">
    <ele>239.3</ele>
    <time>2025-11-20T07:13:20Z</time>
   </trkpt>
   <trkpt lat="7.0378490" lon="125.4480420">
    <ele>239.4</ele>
    <time>2025-11-20T07:13:21Z</time>
   </trkpt>
   <trkpt lat="7.0378600" lon="125.4480300">
    <ele>239.8</ele>
    <time>2025-11-20T07:13:22Z</time>
   </trkpt>
   <trkpt lat="7.0378560" lon="125.4480280">
    <ele>240.0</ele>
    <time>2025-11-20T07:13:23Z</time>
   </trkpt>
   <trkpt lat="7.0378600" lon="125.4480200">
    <ele>240.2</ele>
    <time>2025-11-20T07:13:24Z</time>
   </trkpt>
   <trkpt lat="7.0378620" lon="125.4480150">
    <ele>240.4</ele>
    <time>2025-11-20T07:13:25Z</time>
   </trkpt>
   <trkpt lat="7.0378590" lon="125.4480090">
    <ele>240.6</ele>
    <time>2025-11-20T07:13:26Z</time>
   </trkpt>
   <trkpt lat="7.0378570" lon="125.4480050">
    <ele>240.7</ele>
    <time>2025-11-20T07:13:27Z</time>
   </trkpt>
   <trkpt lat="7.0378570" lon="125.4479940">
    <ele>241.0</ele>
    <time>2025-11-20T07:13:28Z</time>
   </trkpt>
   <trkpt lat="7.0378540" lon="125.4479900">
    <ele>241.2</ele>
    <time>2025-11-20T07:13:29Z</time>
   </trkpt>
   <trkpt lat="7.0378510" lon="125.4479900">
    <ele>241.2</ele>
    <time>2025-11-20T07:13:30Z</time>
   </trkpt>
   <trkpt lat="7.0378490" lon="125.4479890">
    <ele>241.3</ele>
    <time>2025-11-20T07:13:31Z</time>
   </trkpt>
   <trkpt lat="7.0378460" lon="125.4479870">
    <ele>241.4</ele>
    <time>2025-11-20T07:13:32Z</time>
   </trkpt>
   <trkpt lat="7.0378440" lon="125.4479850">
    <ele>241.5</ele>
    <time>2025-11-20T07:13:33Z</time>
   </trkpt>
   <trkpt lat="7.0378410" lon="125.4479840">
    <ele>241.6</ele>
    <time>2025-11-20T07:13:34Z</time>
   </trkpt>
   <trkpt lat="7.0378390" lon="125.4479820">
    <ele>241.7</ele>
    <time>2025-11-20T07:13:35Z</time>
   </trkpt>
   <trkpt lat="7.0378360" lon="125.4479800">
    <ele>241.8</ele>
    <time>2025-11-20T07:13:36Z</time>
   </trkpt>
   <trkpt lat="7.0378340" lon="125.4479780">
    <ele>241.8</ele>
    <time>2025-11-20T07:13:37Z</time>
   </trkpt>
   <trkpt lat="7.0378310" lon="125.4479770">
    <ele>241.9</ele>
    <time>2025-11-20T07:13:38Z</time>
   </trkpt>
   <trkpt lat="7.0378290" lon="125.4479750">
    <ele>242.0</ele>
    <time>2025-11-20T07:13:39Z</time>
   </trkpt>
   <trkpt lat="7.0378260" lon="125.4479730">
    <ele>242.1</ele>
    <time>2025-11-20T07:13:40Z</time>
   </trkpt>
   <trkpt lat="7.0378240" lon="125.4479720">
    <ele>242.2</ele>
    <time>2025-11-20T07:13:41Z</time>
   </trkpt>
   <trkpt lat="7.0378210" lon="125.4479700">
    <ele>242.3</ele>
    <time>2025-11-20T07:13:42Z</time>
   </trkpt>
   <trkpt lat="7.0378140" lon="125.4479630">
    <ele>242.6</ele>
    <time>2025-11-20T07:13:43Z</time>
   </trkpt>
   <trkpt lat="7.0378030" lon="125.4479610">
    <ele>242.9</ele>
    <time>2025-11-20T07:13:44Z</time>
   </trkpt>
   <trkpt lat="7.0378020" lon="125.4479660">
    <ele>243.1</ele>
    <time>2025-11-20T07:13:45Z</time>
   </trkpt>
   <trkpt lat="7.0378080" lon="125.4479600">
    <ele>243.4</ele>
    <time>2025-11-20T07:13:46Z</time>
   </trkpt>
   <trkpt lat="7.0378050" lon="125.4479510">
    <ele>243.7</ele>
    <time>2025-11-20T07:13:47Z</time>
   </trkpt>
   <trkpt lat="7.0378090" lon="125.4479470">
    <ele>243.8</ele>
    <time>2025-11-20T07:13:48Z</time>
   </trkpt>
   <trkpt lat="7.0378190" lon="125.4479440">
    <ele>244.2</ele>
    <time>2025-11-20T07:13:49Z</time>
   </trkpt>
   <trkpt lat="7.0378160" lon="125.4479490">
    <ele>244.3</ele>
    <time>2025-11-20T07:13:51Z</time>
   </trkpt>
   <trkpt lat="7.0378240" lon="125.4479430">
    <ele>244.7</ele>
    <time>2025-11-20T07:13:52Z</time>
   </trkpt>
   <trkpt lat="7.0378200" lon="125.4479370">
    <ele>244.9</ele>
    <time>2025-11-20T07:13:53Z</time>
   </trkpt>
   <trkpt lat="7.0378210" lon="125.4479170">
    <ele>245.5</ele>
    <time>2025-11-20T07:13:54Z</time>
   </trkpt>
   <trkpt lat="7.0378170" lon="125.4479140">
    <ele>245.7</ele>
    <time>2025-11-20T07:13:55Z</time>
   </trkpt>
   <trkpt lat="7.0378090" lon="125.4478980">
    <ele>246.3</ele>
    <time>2025-11-20T07:13:56Z</time>
   </trkpt>
   <trkpt lat="7.0378040" lon="125.4478870">
    <ele>246.7</ele>
    <time>2025-11-20T07:13:57Z</time>
   </trkpt>
   <trkpt lat="7.0377980" lon="125.4478770">
    <ele>247.0</ele>
    <time>2025-11-20T07:13:58Z</time>
   </trkpt>
   <trkpt lat="7.0378010" lon="125.4478620">
    <ele>247.5</ele>
    <time>2025-11-20T07:13:59Z</time>
   </trkpt>
   <trkpt lat="7.0377990" lon="125.4478570">
    <ele>247.7</ele>
    <time>2025-11-20T07:14:00Z</time>
   </trkpt>
   <trkpt lat="7.0377760" lon="125.4478590">
    <ele>248.5</ele>
    <time>2025-11-20T07:14:01Z</time>
   </trkpt>
   <trkpt lat="7.0377730" lon="125.4478380">
    <ele>249.1</ele>
    <time>2025-11-20T07:14:02Z</time>
   </trkpt>
   <trkpt lat="7.0377770" lon="125.4478210">
    <ele>249.7</ele>
    <time>2025-11-20T07:14:03Z</time>
   </trkpt>
   <trkpt lat="7.0377820" lon="125.4478050">
    <ele>250.2</ele>
    <time>2025-11-20T07:14:04Z</time>
   </trkpt>
   <trkpt lat="7.0377760" lon="125.4478030">
    <ele>250.5</ele>
    <time>2025-11-20T07:14:05Z</time>
   </trkpt>
   <trkpt lat="7.0377720" lon="125.4477950">
    <ele>250.7</ele>
    <time>2025-11-20T07:14:06Z</time>
   </trkpt>
   <trkpt lat="7.0377770" lon="125.4477870">
    <ele>251.0</ele>
    <time>2025-11-20T07:14:07Z</time>
   </trkpt>
   <trkpt lat="7.0377860" lon="125.4477840">
    <ele>251.4</ele>
    <time>2025-11-20T07:14:08Z</time>
   </trkpt>
   <trkpt lat="7.0377920" lon="125.4477780">
    <ele>251.6</ele>
    <time>2025-11-20T07:14:09Z</time>
   </trkpt>
   <trkpt lat="7.0377890" lon="125.4477690">
    <ele>251.9</ele>
    <time>2025-11-20T07:14:10Z</time>
   </trkpt>
   <trkpt lat="7.0377800" lon="125.4477600">
    <ele>252.3</ele>
    <time>2025-11-20T07:14:11Z</time>
   </trkpt>
   <trkpt lat="7.0377680" lon="125.4477510">
    <ele>252.7</ele>
    <time>2025-11-20T07:14:12Z</time>
   </trkpt>
   <trkpt lat="7.0377590" lon="125.4477360">
    <ele>253.3</ele>
    <time>2025-11-20T07:14:13Z</time>
   </trkpt>
   <trkpt lat="7.0377530" lon="125.4477210">
    <ele>253.8</ele>
    <time>2025-11-20T07:14:14Z</time>
   </trkpt>
   <trkpt lat="7.0377410" lon="125.4477210">
    <ele>254.1</ele>
    <time>2025-11-20T07:14:15Z</time>
   </trkpt>
   <trkpt lat="7.0377330" lon="125.4477220">
    <ele>254.4</ele>
    <time>2025-11-20T07:14:16Z</time>
   </trkpt>
   <trkpt lat="7.0377250" lon="125.4477220">
    <ele>254.6</ele>
    <time>2025-11-20T07:14:17Z</time>
   </trkpt>
   <trkpt lat="7.0377290" lon="125.4477190">
    <ele>254.8</ele>
    <time>2025-11-20T07:14:18Z</time>
   </trkpt>
   <trkpt lat="7.0377100" lon="125.4477080">
    <ele>255.4</ele>
    <time>2025-11-20T07:14:19Z</time>
   </trkpt>
   <trkpt lat="7.0377050" lon="125.4477020">
    <ele>255.7</ele>
    <time>2025-11-20T07:14:20Z</time>
   </trkpt>
   <trkpt lat="7.0377030" lon="125.4476880">
    <ele>256.1</ele>
    <time>2025-11-20T07:14:21Z</time>
   </trkpt>
   <trkpt lat="7.0377020" lon="125.4476800">
    <ele>256.3</ele>
    <time>2025-11-20T07:14:22Z</time>
   </trkpt>
   <trkpt lat="7.0377020" lon="125.4476720">
    <ele>256.5</ele>
    <time>2025-11-20T07:14:23Z</time>
   </trkpt>
   <trkpt lat="7.0377010" lon="125.4476640">
    <ele>256.7</ele>
    <time>2025-11-20T07:14:24Z</time>
   </trkpt>
   <trkpt lat="7.0377050" lon="125.4476460">
    <ele>257.2</ele>
    <time>2025-11-20T07:14:25Z</time>
   </trkpt>
   <trkpt lat="7.0377060" lon="125.4476420">
    <ele>257.4</ele>
    <time>2025-11-20T07:14:26Z</time>
   </trkpt>
   <trkpt lat="7.0377010" lon="125.4476400">
    <ele>257.5</ele>
    <time>2025-11-20T07:14:27Z</time>
   </trkpt>
   <trkpt lat="7.0377010" lon="125.4476410">
    <ele>257.5</ele>
    <time>2025-11-20T07:14:28Z</time>
   </trkpt>
   <trkpt lat="7.0377020" lon="125.4476380">
    <ele>257.6</ele>
    <time>2025-11-20T07:14:29Z</time>
   </trkpt>
   <trkpt lat="7.0377010" lon="125.4476340">
    <ele>257.7</ele>
    <time>2025-11-20T07:14:30Z</time>
   </trkpt>
   <trkpt lat="7.0377010" lon="125.4476270">
    <ele>257.9</ele>
    <time>2025-11-20T07:14:31Z</time>
   </trkpt>
   <trkpt lat="7.0377030" lon="125.4476200">
    <ele>258.1</ele>
    <time>2025-11-20T07:14:32Z</time>
   </trkpt>
   <trkpt lat="7.0377170" lon="125.4476150">
    <ele>258.6</ele>
    <time>2025-11-20T07:14:33Z</time>
   </trkpt>
   <trkpt lat="7.0377210" lon="125.4476070">
    <ele>258.8</ele>
    <time>2025-11-20T07:14:34Z</time>
   </trkpt>
   <trkpt lat="7.0377210" lon="125.4476110">
    <ele>258.9</ele>
    <time>2025-11-20T07:14:35Z</time>
   </trkpt>
   <trkpt lat="7.0377150" lon="125.4476170">
    <ele>259.2</ele>
    <time>2025-11-20T07:14:36Z</time>
   </trkpt>
   <trkpt lat="7.0377230" lon="125.4476190">
    <ele>259.4</ele>
    <time>2025-11-20T07:14:37Z</time>
   </trkpt>
   <trkpt lat="7.0377230" lon="125.4476190">
    <ele>259.4</ele>
    <time>2025-11-20T07:14:38Z</time>
   </trkpt>
   <trkpt lat="7.0377180" lon="125.4476220">
    <ele>259.6</ele>
    <time>2025-11-20T07:14:39Z</time>
   </trkpt>
   <trkpt lat="7.0377190" lon="125.4476250">
    <ele>259.7</ele>
    <time>2025-11-20T07:14:40Z</time>
   </trkpt>
   <trkpt lat="7.0377250" lon="125.4476240">
    <ele>259.8</ele>
    <time>2025-11-20T07:14:41Z</time>
   </trkpt>
   <trkpt lat="7.0377250" lon="125.4476300">
    <ele>260.0</ele>
    <time>2025-11-20T07:14:42Z</time>
   </trkpt>
   <trkpt lat="7.0377240" lon="125.4476300">
    <ele>260.0</ele>
    <time>2025-11-20T07:14:43Z</time>
   </trkpt>
   <trkpt lat="7.0377220" lon="125.4476360">
    <ele>260.2</ele>
    <time>2025-11-20T07:14:44Z</time>
   </trkpt>
   <trkpt lat="7.0377220" lon="125.4476360">
    <ele>260.2</ele>
    <time>2025-11-20T07:14:45Z</time>
   </trkpt>
   <trkpt lat="7.0377240" lon="125.4476340">
    <ele>260.3</ele>
    <time>2025-11-20T07:14:46Z</time>
   </trkpt>
   <trkpt lat="7.0379240" lon="125.4465890">
    <ele>299.5</ele>
    <time>2025-11-20T08:04:59Z</time>
   </trkpt>
   <trkpt lat="7.0378910" lon="125.4465100">
    <ele>300.3</ele>
    <time>2025-11-20T08:05:00Z</time>
   </trkpt>
   <trkpt lat="7.0379000" lon="125.4465130">
    <ele>300.3</ele>
    <time>2025-11-20T08:05:01Z</time>
   </trkpt>
   <trkpt lat="7.0379070" lon="125.4465200">
    <ele>300.4</ele>
    <time>2025-11-20T08:05:02Z</time>
   </trkpt>
   <trkpt lat="7.0379150" lon="125.4465280">
    <ele>300.5</ele>
    <time>2025-11-20T08:05:03Z</time>
   </trkpt>
   <trkpt lat="7.0379230" lon="125.4465360">
    <ele>300.6</ele>
    <time>2025-11-20T08:05:04Z</time>
   </trkpt>
   <trkpt lat="7.0379310" lon="125.4465440">
    <ele>300.7</ele>
    <time>2025-11-20T08:05:05Z</time>
   </trkpt>
   <trkpt lat="7.0379380" lon="125.4465510">
    <ele>300.8</ele>
    <time>2025-11-20T08:05:06Z</time>
   </trkpt>
   <trkpt lat="7.0379460" lon="125.4465590">
    <ele>300.7</ele>
    <time>2025-11-20T08:05:07Z</time>
   </trkpt>
   <trkpt lat="7.0379260" lon="125.4465710">
    <ele>300.3</ele>
    <time>2025-11-20T08:05:08Z</time>
   </trkpt>
   <trkpt lat="7.0379260" lon="125.4465730">
    <ele>300.2</ele>
    <time>2025-11-20T08:05:09Z</time>
   </trkpt>
   <trkpt lat="7.0379390" lon="125.4465760">
    <ele>300.0</ele>
    <time>2025-11-20T08:05:10Z</time>
   </trkpt>
   <trkpt lat="7.0379480" lon="125.4465710">
    <ele>299.9</ele>
    <time>2025-11-20T08:05:11Z</time>
   </trkpt>
   <trkpt lat="7.0379460" lon="125.4465730">
    <ele>299.8</ele>
    <time>2025-11-20T08:05:12Z</time>
   </trkpt>
   <trkpt lat="7.0379520" lon="125.4465730">
    <ele>299.7</ele>
    <time>2025-11-20T08:05:13Z</time>
   </trkpt>
   <trkpt lat="7.0379350" lon="125.4465780">
    <ele>299.5</ele>
    <time>2025-11-20T08:05:14Z</time>
   </trkpt>
   <trkpt lat="7.0379390" lon="125.4465860">
    <ele>299.2</ele>
    <time>2025-11-20T08:05:15Z</time>
   </trkpt>
   <trkpt lat="7.0379210" lon="125.4465940">
    <ele>298.8</ele>
    <time>2025-11-20T08:05:16Z</time>
   </trkpt>
   <trkpt lat="7.0379200" lon="125.4466060">
    <ele>298.5</ele>
    <time>2025-11-20T08:05:17Z</time>
   </trkpt>
   <trkpt lat="7.0379220" lon="125.4466190">
    <ele>298.2</ele>
    <time>2025-11-20T08:05:18Z</time>
   </trkpt>
   <trkpt lat="7.0379470" lon="125.4466150">
    <ele>297.6</ele>
    <time>2025-11-20T08:05:19Z</time>
   </trkpt>
   <trkpt lat="7.0379550" lon="125.4466270">
    <ele>297.3</ele>
    <time>2025-11-20T08:05:20Z</time>
   </trkpt>
   <trkpt lat="7.0379580" lon="125.4466350">
    <ele>297.1</ele>
    <time>2025-11-20T08:05:21Z</time>
   </trkpt>
   <trkpt lat="7.0379610" lon="125.4466440">
    <ele>296.9</ele>
    <time>2025-11-20T08:05:22Z</time>
   </trkpt>
   <trkpt lat="7.0379640" lon="125.4466520">
    <ele>296.7</ele>
    <time>2025-11-20T08:05:23Z</time>
   </trkpt>
   <trkpt lat="7.0379490" lon="125.4466750">
    <ele>296.0</ele>
    <time>2025-11-20T08:05:24Z</time>
   </trkpt>
   <trkpt lat="7.0379480" lon="125.4466780">
    <ele>295.9</ele>
    <time>2025-11-20T08:05:25Z</time>
   </trkpt>
   <trkpt lat="7.0379460" lon="125.4466780">
    <ele>295.9</ele>
    <time>2025-11-20T08:05:26Z</time>
   </trkpt>
   <trkpt lat="7.0379440" lon="125.4466710">
    <ele>295.7</ele>
    <time>2025-11-20T08:05:27Z</time>
   </trkpt>
   <trkpt lat="7.0379430" lon="125.4466690">
    <ele>295.7</ele>
    <time>2025-11-20T08:05:28Z</time>
   </trkpt>
   <trkpt lat="7.0379420" lon="125.4466720">
    <ele>295.6</ele>
    <time>2025-11-20T08:05:29Z</time>
   </trkpt>
   <trkpt lat="7.0379330" lon="125.4466470">
    <ele>295.0</ele>
    <time>2025-11-20T08:05:30Z</time>
   </trkpt>
   <trkpt lat="7.0379420" lon="125.4466500">
    <ele>294.8</ele>
    <time>2025-11-20T08:05:31Z</time>
   </trkpt>
   <trkpt lat="7.0379410" lon="125.4466550">
    <ele>294.6</ele>
    <time>2025-11-20T08:05:32Z</time>
   </trkpt>
   <trkpt lat="7.0379370" lon="125.4466660">
    <ele>294.4</ele>
    <time>2025-11-20T08:05:33Z</time>
   </trkpt>
   <trkpt lat="7.0379460" lon="125.4466770">
    <ele>294.0</ele>
    <time>2025-11-20T08:05:34Z</time>
   </trkpt>
   <trkpt lat="7.0379440" lon="125.4466890">
    <ele>293.8</ele>
    <time>2025-11-20T08:05:35Z</time>
   </trkpt>
   <trkpt lat="7.0379330" lon="125.4466870">
    <ele>293.5</ele>
    <time>2025-11-20T08:05:36Z</time>
   </trkpt>
   <trkpt lat="7.0379390" lon="125.4466950">
    <ele>293.3</ele>
    <time>2025-11-20T08:05:37Z</time>
   </trkpt>
   <trkpt lat="7.0379390" lon="125.4467020">
    <ele>293.1</ele>
    <time>2025-11-20T08:05:38Z</time>
   </trkpt>
   <trkpt lat="7.0379300" lon="125.4467080">
    <ele>292.9</ele>
    <time>2025-11-20T08:05:39Z</time>
   </trkpt>
   <trkpt lat="7.0379310" lon="125.4467050">
    <ele>292.8</ele>
    <time>2025-11-20T08:05:40Z</time>
   </trkpt>
   <trkpt lat="7.0379330" lon="125.4467050">
    <ele>292.7</ele>
    <time>2025-11-20T08:05:41Z</time>
   </trkpt>
   <trkpt lat="7.0379300" lon="125.4467030">
    <ele>292.7</ele>
    <time>2025-11-20T08:05:42Z</time>
   </trkpt>
   <trkpt lat="7.0379300" lon="125.4466990">
    <ele>292.6</ele>
    <time>2025-11-20T08:05:43Z</time>
   </trkpt>
   <trkpt lat="7.0379290" lon="125.4466990">
    <ele>292.5</ele>
    <time>2025-11-20T08:05:44Z</time>
   </trkpt>
   <trkpt lat="7.0379260" lon="125.4467100">
    <ele>292.3</ele>
    <time>2025-11-20T08:05:45Z</time>
   </trkpt>
   <trkpt lat="7.0379330" lon="125.4467150">
    <ele>292.1</ele>
    <time>2025-11-20T08:05:46Z</time>
   </trkpt>
   <trkpt lat="7.0379380" lon="125.4467250">
    <ele>291.8</ele>
    <time>2025-11-20T08:05:47Z</time>
   </trkpt>
   <trkpt lat="7.0379370" lon="125.4467390">
    <ele>291.5</ele>
    <time>2025-11-20T08:05:48Z</time>
   </trkpt>
   <trkpt lat="7.0379390" lon="125.4467560">
    <ele>291.1</ele>
    <time>2025-11-20T08:05:49Z</time>
   </trkpt>
   <trkpt lat="7.0379380" lon="125.4467610">
    <ele>291.0</ele>
    <time>2025-11-20T08:05:50Z</time>
   </trkpt>
   <trkpt lat="7.0379360" lon="125.4467670">
    <ele>290.9</ele>
    <time>2025-11-20T08:05:51Z</time>
   </trkpt>
   <trkpt lat="7.0379350" lon="125.4467720">
    <ele>290.7</ele>
    <time>2025-11-20T08:05:52Z</time>
   </trkpt>
   <trkpt lat="7.0379340" lon="125.4467780">
    <ele>290.6</ele>
    <time>2025-11-20T08:05:53Z</time>
   </trkpt>
   <trkpt lat="7.0379270" lon="125.4467810">
    <ele>290.4</ele>
    <time>2025-11-20T08:05:54Z</time>
   </trkpt>
   <trkpt lat="7.0379170" lon="125.4467840">
    <ele>290.2</ele>
    <time>2025-11-20T08:05:55Z</time>
   </trkpt>
   <trkpt lat="7.0379140" lon="125.4467940">
    <ele>290.0</ele>
    <time>2025-11-20T08:05:56Z</time>
   </trkpt>
   <trkpt lat="7.0379160" lon="125.4468050">
    <ele>289.7</ele>
    <time>2025-11-20T08:05:57Z</time>
   </trkpt>
   <trkpt lat="7.0379130" lon="125.4468150">
    <ele>289.5</ele>
    <time>2025-11-20T08:05:58Z</time>
   </trkpt>
   <trkpt lat="7.0379160" lon="125.4468250">
    <ele>289.3</ele>
    <time>2025-11-20T08:05:59Z</time>
   </trkpt>
   <trkpt lat="7.0379200" lon="125.4468360">
    <ele>289.0</ele>
    <time>2025-11-20T08:06:00Z</time>
   </trkpt>
   <trkpt lat="7.0379150" lon="125.4468360">
    <ele>288.9</ele>
    <time>2025-11-20T08:06:01Z</time>
   </trkpt>
   <trkpt lat="7.0379100" lon="125.4468480">
    <ele>288.6</ele>
    <time>2025-11-20T08:06:02Z</time>
   </trkpt>
   <trkpt lat="7.0379140" lon="125.4468540">
    <ele>288.4</ele>
    <time>2025-11-20T08:06:03Z</time>
   </trkpt>
   <trkpt lat="7.0378990" lon="125.4468580">
    <ele>288.1</ele>
    <time>2025-11-20T08:06:04Z</time>
   </trkpt>
   <trkpt lat="7.0379140" lon="125.4468600">
    <ele>287.8</ele>
    <time>2025-11-20T08:06:05Z</time>
   </trkpt>
   <trkpt lat="7.0378980" lon="125.4468730">
    <ele>287.3</ele>
    <time>2025-11-20T08:06:06Z</time>
   </trkpt>
   <trkpt lat="7.0378940" lon="125.4468910">
    <ele>286.9</ele>
    <time>2025-11-20T08:06:07Z</time>
   </trkpt>
   <trkpt lat="7.0378960" lon="125.4469020">
    <ele>286.6</ele>
    <time>2025-11-20T08:06:08Z</time>
   </trkpt>
   <trkpt lat="7.0378910" lon="125.4469130">
    <ele>286.4</ele>
    <time>2025-11-20T08:06:09Z</time>
   </trkpt>
   <trkpt lat="7.0378950" lon="125.4469230">
    <ele>286.1</ele>
    <time>2025-11-20T08:06:10Z</time>
   </trkpt>
   <trkpt lat="7.0378970" lon="125.4469420">
    <ele>285.7</ele>
    <time>2025-11-20T08:06:11Z</time>
   </trkpt>
   <trkpt lat="7.0378910" lon="125.4469440">
    <ele>285.6</ele>
    <time>2025-11-20T08:06:12Z</time>
   </trkpt>
   <trkpt lat="7.0378910" lon="125.4469520">
    <ele>285.4</ele>
    <time>2025-11-20T08:06:13Z</time>
   </trkpt>
   <trkpt lat="7.0378880" lon="125.4469530">
    <ele>285.3</ele>
    <time>2025-11-20T08:06:14Z</time>
   </trkpt>
   <trkpt lat="7.0378860" lon="125.4469600">
    <ele>285.2</ele>
    <time>2025-11-20T08:06:15Z</time>
   </trkpt>
   <trkpt lat="7.0378830" lon="125.4469660">
    <ele>285.0</ele>
    <time>2025-11-20T08:06:16Z</time>
   </trkpt>
   <trkpt lat="7.0378840" lon="125.4469800">
    <ele>284.7</ele>
    <time>2025-11-20T08:06:17Z</time>
   </trkpt>
   <trkpt lat="7.0378870" lon="125.4469980">
    <ele>284.3</ele>
    <time>2025-11-20T08:06:18Z</time>
   </trkpt>
   <trkpt lat="7.0378880" lon="125.4470060">
    <ele>284.1</ele>
    <time>2025-11-20T08:06:19Z</time>
   </trkpt>
   <trkpt lat="7.0378890" lon="125.4470140">
    <ele>283.9</ele>
    <time>2025-11-20T08:06:20Z</time>
   </trkpt>
   <trkpt lat="7.0378900" lon="125.4470220">
    <ele>283.8</ele>
    <time>2025-11-20T08:06:21Z</time>
   </trkpt>
   <trkpt lat="7.0378850" lon="125.4470260">
    <ele>283.6</ele>
    <time>2025-11-20T08:06:22Z</time>
   </trkpt>
   <trkpt lat="7.0378840" lon="125.4470320">
    <ele>283.5</ele>
    <time>2025-11-20T08:06:23Z</time>
   </trkpt>
   <trkpt lat="7.0378810" lon="125.4470380">
    <ele>283.3</ele>
    <time>2025-11-20T08:06:24Z</time>
   </trkpt>
   <trkpt lat="7.0378790" lon="125.4470410">
    <ele>283.2</ele>
    <time>2025-11-20T08:06:25Z</time>
   </trkpt>
   <trkpt lat="7.0378730" lon="125.4470510">
    <ele>283.0</ele>
    <time>2025-11-20T08:06:26Z</time>
   </trkpt>
   <trkpt lat="7.0378660" lon="125.4470580">
    <ele>282.8</ele>
    <time>2025-11-20T08:06:27Z</time>
   </trkpt>
   <trkpt lat="7.0378570" lon="125.4470660">
    <ele>282.5</ele>
    <time>2025-11-20T08:06:28Z</time>
   </trkpt>
   <trkpt lat="7.0378510" lon="125.4470710">
    <ele>282.3</ele>
    <time>2025-11-20T08:06:29Z</time>
   </trkpt>
   <trkpt lat="7.0378500" lon="125.4470770">
    <ele>282.2</ele>
    <time>2025-11-20T08:06:30Z</time>
   </trkpt>
   <trkpt lat="7.0378490" lon="125.4470820">
    <ele>282.1</ele>
    <time>2025-11-20T08:06:31Z</time>
   </trkpt>
   <trkpt lat="7.0378450" lon="125.4470910">
    <ele>281.8</ele>
    <time>2025-11-20T08:06:32Z</time>
   </trkpt>
   <trkpt lat="7.0378410" lon="125.4471040">
    <ele>281.5</ele>
    <time>2025-11-20T08:06:33Z</time>
   </trkpt>
   <trkpt lat="7.0378360" lon="125.4471100">
    <ele>281.3</ele>
    <time>2025-11-20T08:06:34Z</time>
   </trkpt>
   <trkpt lat="7.0378310" lon="125.4471200">
    <ele>281.1</ele>
    <time>2025-11-20T08:06:35Z</time>
   </trkpt>
   <trkpt lat="7.0378280" lon="125.4471160">
    <ele>281.0</ele>
    <time>2025-11-20T08:06:36Z</time>
   </trkpt>
   <trkpt lat="7.0378290" lon="125.4471200">
    <ele>280.9</ele>
    <time>2025-11-20T08:06:37Z</time>
   </trkpt>
   <trkpt lat="7.0378270" lon="125.4471230">
    <ele>280.8</ele>
    <time>2025-11-20T08:06:38Z</time>
   </trkpt>
   <trkpt lat="7.0378250" lon="125.4471300">
    <ele>280.6</ele>
    <time>2025-11-20T08:06:39Z</time>
   </trkpt>
   <trkpt lat="7.0378260" lon="125.4471380">
    <ele>280.4</ele>
    <time>2025-11-20T08:06:40Z</time>
   </trkpt>
   <trkpt lat="7.0378250" lon="125.4471470">
    <ele>280.2</ele>
    <time>2025-11-20T08:06:41Z</time>
   </trkpt>
   <trkpt lat="7.0378210" lon="125.4471530">
    <ele>280.1</ele>
    <time>2025-11-20T08:06:42Z</time>
   </trkpt>
   <trkpt lat="7.0378200" lon="125.4471580">
    <ele>279.9</ele>
    <time>2025-11-20T08:06:43Z</time>
   </trkpt>
   <trkpt lat="7.0378180" lon="125.4471640">
    <ele>279.8</ele>
    <time>2025-11-20T08:06:44Z</time>
   </trkpt>
   <trkpt lat="7.0378130" lon="125.4471730">
    <ele>279.6</ele>
    <time>2025-11-20T08:06:45Z</time>
   </trkpt>
   <trkpt lat="7.0378120" lon="125.4471770">
    <ele>279.5</ele>
    <time>2025-11-20T08:06:46Z</time>
   </trkpt>
   <trkpt lat="7.0378080" lon="125.4471840">
    <ele>279.3</ele>
    <time>2025-11-20T08:06:47Z</time>
   </trkpt>
   <trkpt lat="7.0378010" lon="125.4471940">
    <ele>279.0</ele>
    <time>2025-11-20T08:06:48Z</time>
   </trkpt>
   <trkpt lat="7.0377970" lon="125.4472020">
    <ele>278.8</ele>
    <time>2025-11-20T08:06:49Z</time>
   </trkpt>
   <trkpt lat="7.0377930" lon="125.4472090">
    <ele>278.6</ele>
    <time>2025-11-20T08:06:50Z</time>
   </trkpt>
   <trkpt lat="7.0377890" lon="125.4472170">
    <ele>278.4</ele>
    <time>2025-11-20T08:06:51Z</time>
   </trkpt>
   <trkpt lat="7.0377900" lon="125.4472190">
    <ele>278.3</ele>
    <time>2025-11-20T08:06:52Z</time>
   </trkpt>
   <trkpt lat="7.0377870" lon="125.4472310">
    <ele>278.1</ele>
    <time>2025-11-20T08:06:53Z</time>
   </trkpt>
   <trkpt lat="7.0377840" lon="125.4472370">
    <ele>277.9</ele>
    <time>2025-11-20T08:06:54Z</time>
   </trkpt>
   <trkpt lat="7.0377810" lon="125.4472370">
    <ele>277.8</ele>
    <time>2025-11-20T08:06:55Z</time>
   </trkpt>
   <trkpt lat="7.0377790" lon="125.4472420">
    <ele>277.7</ele>
    <time>2025-11-20T08:06:56Z</time>
   </trkpt>
   <trkpt lat="7.0377770" lon="125.4472440">
    <ele>277.6</ele>
    <time>2025-11-20T08:06:57Z</time>
   </trkpt>
   <trkpt lat="7.0377750" lon="125.4472540">
    <ele>277.4</ele>
    <time>2025-11-20T08:06:58Z</time>
   </trkpt>
   <trkpt lat="7.0377720" lon="125.4472610">
    <ele>277.2</ele>
    <time>2025-11-20T08:06:59Z</time>
   </trkpt>
   <trkpt lat="7.0377670" lon="125.4472700">
    <ele>277.0</ele>
    <time>2025-11-20T08:07:00Z</time>
   </trkpt>
   <trkpt lat="7.0377610" lon="125.4472740">
    <ele>276.8</ele>
    <time>2025-11-20T08:07:01Z</time>
   </trkpt>
   <trkpt lat="7.0377600" lon="125.4472800">
    <ele>276.7</ele>
    <time>2025-11-20T08:07:02Z</time>
   </trkpt>
   <trkpt lat="7.0377580" lon="125.4472960">
    <ele>276.3</ele>
    <time>2025-11-20T08:07:03Z</time>
   </trkpt>
   <trkpt lat="7.0377510" lon="125.4472950">
    <ele>276.2</ele>
    <time>2025-11-20T08:07:04Z</time>
   </trkpt>
   <trkpt lat="7.0377480" lon="125.4472970">
    <ele>276.1</ele>
    <time>2025-11-20T08:07:05Z</time>
   </trkpt>
   <trkpt lat="7.0377460" lon="125.4473010">
    <ele>276.0</ele>
    <time>2025-11-20T08:07:06Z</time>
   </trkpt>
   <trkpt lat="7.0377410" lon="125.4473120">
    <ele>275.7</ele>
    <time>2025-11-20T08:07:07Z</time>
   </trkpt>
   <trkpt lat="7.0377370" lon="125.4473140">
    <ele>275.6</ele>
    <time>2025-11-20T08:07:08Z</time>
   </trkpt>
   <trkpt lat="7.0377320" lon="125.4473230">
    <ele>275.4</ele>
    <time>2025-11-20T08:07:09Z</time>
   </trkpt>
   <trkpt lat="7.0377290" lon="125.4473320">
    <ele>275.1</ele>
    <time>2025-11-20T08:07:10Z</time>
   </trkpt>
   <trkpt lat="7.0377310" lon="125.4473380">
    <ele>275.0</ele>
    <time>2025-11-20T08:07:11Z</time>
   </trkpt>
   <trkpt lat="7.0377310" lon="125.4473470">
    <ele>274.8</ele>
    <time>2025-11-20T08:07:12Z</time>
   </trkpt>
   <trkpt lat="7.0377240" lon="125.4473490">
    <ele>274.6</ele>
    <time>2025-11-20T08:07:13Z</time>
   </trkpt>
   <trkpt lat="7.0377170" lon="125.4473490">
    <ele>274.5</ele>
    <time>2025-11-20T08:07:14Z</time>
   </trkpt>
   <trkpt lat="7.0377150" lon="125.4473500">
    <ele>274.4</ele>
    <time>2025-11-20T08:07:15Z</time>
   </trkpt>
   <trkpt lat="7.0377130" lon="125.4473510">
    <ele>274.4</ele>
    <time>2025-11-20T08:07:16Z</time>
   </trkpt>
   <trkpt lat="7.0377070" lon="125.4473590">
    <ele>274.1</ele>
    <time>2025-11-20T08:07:17Z</time>
   </trkpt>
   <trkpt lat="7.0377010" lon="125.4473640">
    <ele>274.0</ele>
    <time>2025-11-20T08:07:18Z</time>
   </trkpt>
   <trkpt lat="7.0376970" lon="125.4473690">
    <ele>273.8</ele>
    <time>2025-11-20T08:07:19Z</time>
   </trkpt>
   <trkpt lat="7.0376930" lon="125.4473750">
    <ele>273.7</ele>
    <time>2025-11-20T08:07:20Z</time>
   </trkpt>
   <trkpt lat="7.0376890" lon="125.4473810">
    <ele>273.5</ele>
    <time>2025-11-20T08:07:21Z</time>
   </trkpt>
   <trkpt lat="7.0376860" lon="125.4473870">
    <ele>273.3</ele>
    <time>2025-11-20T08:07:22Z</time>
   </trkpt>
   <trkpt lat="7.0376820" lon="125.4473960">
    <ele>273.1</ele>
    <time>2025-11-20T08:07:23Z</time>
   </trkpt>
   <trkpt lat="7.0376770" lon="125.4473990">
    <ele>273.0</ele>
    <time>2025-11-20T08:07:24Z</time>
   </trkpt>
   <trkpt lat="7.0376720" lon="125.4474070">
    <ele>272.8</ele>
    <time>2025-11-20T08:07:25Z</time>
   </trkpt>
   <trkpt lat="7.0376660" lon="125.4474140">
    <ele>272.6</ele>
    <time>2025-11-20T08:07:26Z</time>
   </trkpt>
   <trkpt lat="7.0376640" lon="125.4474210">
    <ele>272.4</ele>
    <time>2025-11-20T08:07:27Z</time>
   </trkpt>
   <trkpt lat="7.0376650" lon="125.4474350">
    <ele>272.1</ele>
    <time>2025-11-20T08:07:28Z</time>
   </trkpt>
   <trkpt lat="7.0376700" lon="125.4474410">
    <ele>271.9</ele>
    <time>2025-11-20T08:07:29Z</time>
   </trkpt>
   <trkpt lat="7.0376750" lon="125.4474510">
    <ele>271.6</ele>
    <time>2025-11-20T08:07:30Z</time>
   </trkpt>
   <trkpt lat="7.0376800" lon="125.4474570">
    <ele>271.5</ele>
    <time>2025-11-20T08:07:31Z</time>
   </trkpt>
   <trkpt lat="7.0376840" lon="125.4474620">
    <ele>271.3</ele>
    <time>2025-11-20T08:07:32Z</time>
   </trkpt>
   <trkpt lat="7.0376870" lon="125.4474670">
    <ele>271.2</ele>
    <time>2025-11-20T08:07:33Z</time>
   </trkpt>
   <trkpt lat="7.0376920" lon="125.4474840">
    <ele>270.8</ele>
    <time>2025-11-20T08:07:34Z</time>
   </trkpt>
   <trkpt lat="7.0376930" lon="125.4474870">
    <ele>270.7</ele>
    <time>2025-11-20T08:07:35Z</time>
   </trkpt>
   <trkpt lat="7.0376940" lon="125.4474880">
    <ele>270.7</ele>
    <time>2025-11-20T08:07:36Z</time>
   </trkpt>
   <trkpt lat="7.0376920" lon="125.4474850">
    <ele>270.6</ele>
    <time>2025-11-20T08:07:37Z</time>
   </trkpt>
   <trkpt lat="7.0376940" lon="125.4474950">
    <ele>270.4</ele>
    <time>2025-11-20T08:07:38Z</time>
   </trkpt>
   <trkpt lat="7.0376940" lon="125.4475010">
    <ele>270.2</ele>
    <time>2025-11-20T08:07:39Z</time>
   </trkpt>
   <trkpt lat="7.0376870" lon="125.4475050">
    <ele>270.0</ele>
    <time>2025-11-20T08:07:40Z</time>
   </trkpt>
   <trkpt lat="7.0376870" lon="125.4475140">
    <ele>269.8</ele>
    <time>2025-11-20T08:07:41Z</time>
   </trkpt>
   <trkpt lat="7.0376890" lon="125.4475100">
    <ele>269.7</ele>
    <time>2025-11-20T08:07:42Z</time>
   </trkpt>
   <trkpt lat="7.0376850" lon="125.4475160">
    <ele>269.6</ele>
    <time>2025-11-20T08:07:43Z</time>
   </trkpt>
   <trkpt lat="7.0376770" lon="125.4475200">
    <ele>269.3</ele>
    <time>2025-11-20T08:07:44Z</time>
   </trkpt>
   <trkpt lat="7.0376790" lon="125.4475240">
    <ele>269.2</ele>
    <time>2025-11-20T08:07:45Z</time>
   </trkpt>
   <trkpt lat="7.0376790" lon="125.4475240">
    <ele>269.2</ele>
    <time>2025-11-20T08:07:46Z</time>
   </trkpt>
   <trkpt lat="7.0376800" lon="125.4475300">
    <ele>269.1</ele>
    <time>2025-11-20T08:07:47Z</time>
   </trkpt>
   <trkpt lat="7.0376770" lon="125.4475290">
    <ele>269.0</ele>
    <time>2025-11-20T08:07:48Z</time>
   </trkpt>
   <trkpt lat="7.0377030" lon="125.4475410">
    <ele>268.3</ele>
    <time>2025-11-20T08:07:49Z</time>
   </trkpt>
   <trkpt lat="7.0376870" lon="125.4475390">
    <ele>267.9</ele>
    <time>2025-11-20T08:07:50Z</time>
   </trkpt>
   <trkpt lat="7.0376880" lon="125.4475430">
    <ele>267.8</ele>
    <time>2025-11-20T08:07:51Z</time>
   </trkpt>
   <trkpt lat="7.0376900" lon="125.4475450">
    <ele>267.7</ele>
    <time>2025-11-20T08:07:52Z</time>
   </trkpt>
   <trkpt lat="7.0376910" lon="125.4475470">
    <ele>267.7</ele>
    <time>2025-11-20T08:07:53Z</time>
   </trkpt>
   <trkpt lat="7.0376910" lon="125.4475470">
    <ele>267.7</ele>
    <time>2025-11-20T08:07:54Z</time>
   </trkpt>
   <trkpt lat="7.0376910" lon="125.4475470">
    <ele>267.7</ele>
    <time>2025-11-20T08:07:55Z</time>
   </trkpt>
   <trkpt lat="7.0376910" lon="125.4475470">
    <ele>267.7</ele>
    <time>2025-11-20T08:07:56Z</time>
   </trkpt>
   <trkpt lat="7.0376910" lon="125.4475470">
    <ele>267.7</ele>
    <time>2025-11-20T08:07:57Z</time>
   </trkpt>
   <trkpt lat="7.0376910" lon="125.4475470">
    <ele>267.7</ele>
    <time>2025-11-20T08:07:58Z</time>
   </trkpt>
   <trkpt lat="7.0376910" lon="125.4475470">
    <ele>267.7</ele>
    <time>2025-11-20T08:07:59Z</time>
   </trkpt>
   <trkpt lat="7.0377000" lon="125.4475580">
    <ele>267.3</ele>
    <time>2025-11-20T08:08:00Z</time>
   </trkpt>
   <trkpt lat="7.0377000" lon="125.4475580">
    <ele>267.3</ele>
    <time>2025-11-20T08:08:01Z</time>
   </trkpt>
   <trkpt lat="7.0376980" lon="125.4475620">
    <ele>267.2</ele>
    <time>2025-11-20T08:08:02Z</time>
   </trkpt>
   <trkpt lat="7.0376970" lon="125.4475610">
    <ele>267.2</ele>
    <time>2025-11-20T08:08:03Z</time>
   </trkpt>
   <trkpt lat="7.0376950" lon="125.4475610">
    <ele>267.1</ele>
    <time>2025-11-20T08:08:04Z</time>
   </trkpt>
   <trkpt lat="7.0376930" lon="125.4475590">
    <ele>267.0</ele>
    <time>2025-11-20T08:08:05Z</time>
   </trkpt>
   <trkpt lat="7.0376940" lon="125.4475580">
    <ele>267.0</ele>
    <time>2025-11-20T08:08:06Z</time>
   </trkpt>
   <trkpt lat="7.0376960" lon="125.4475560">
    <ele>266.9</ele>
    <time>2025-11-20T08:08:07Z</time>
   </trkpt>
   <trkpt lat="7.0376960" lon="125.4475560">
    <ele>266.9</ele>
    <time>2025-11-20T08:08:08Z</time>
   </trkpt>
   <trkpt lat="7.0376960" lon="125.4475560">
    <ele>266.9</ele>
    <time>2025-11-20T08:08:09Z</time>
   </trkpt>
   <trkpt lat="7.0376960" lon="125.4475560">
    <ele>266.9</ele>
    <time>2025-11-20T08:08:10Z</time>
   </trkpt>
   <trkpt lat="7.0376960" lon="125.4475560">
    <ele>266.9</ele>
    <time>2025-11-20T08:08:11Z</time>
   </trkpt>
   <trkpt lat="7.0376960" lon="125.4475560">
    <ele>266.9</ele>
    <time>2025-11-20T08:08:12Z</time>
   </trkpt>
   <trkpt lat="7.0376960" lon="125.4475560">
    <ele>266.9</ele>
    <time>2025-11-20T08:08:13Z</time>
   </trkpt>
   <trkpt lat="7.0376960" lon="125.4475560">
    <ele>266.9</ele>
    <time>2025-11-20T08:08:14Z</time>
   </trkpt>
   <trkpt lat="7.0376960" lon="125.4475560">
    <ele>266.9</ele>
    <time>2025-11-20T08:08:15Z</time>
   </trkpt>
   <trkpt lat="7.0376920" lon="125.4475490">
    <ele>266.7</ele>
    <time>2025-11-20T08:08:16Z</time>
   </trkpt>
   <trkpt lat="7.0376920" lon="125.4475490">
    <ele>266.7</ele>
    <time>2025-11-20T08:08:17Z</time>
   </trkpt>
   <trkpt lat="7.0376920" lon="125.4475490">
    <ele>266.7</ele>
    <time>2025-11-20T08:08:18Z</time>
   </trkpt>
   <trkpt lat="7.0376920" lon="125.4475490">
    <ele>266.7</ele>
    <time>2025-11-20T08:08:19Z</time>
   </trkpt>
   <trkpt lat="7.0376920" lon="125.4475490">
    <ele>266.7</ele>
    <time>2025-11-20T08:08:20Z</time>
   </trkpt>
   <trkpt lat="7.0376920" lon="125.4475490">
    <ele>266.7</ele>
    <time>2025-11-20T08:08:21Z</time>
   </trkpt>
   <trkpt lat="7.0376910" lon="125.4475530">
    <ele>266.6</ele>
    <time>2025-11-20T08:08:22Z</time>
   </trkpt>
   <trkpt lat="7.0376920" lon="125.4475530">
    <ele>266.6</ele>
    <time>2025-11-20T08:08:23Z</time>
   </trkpt>
   <trkpt lat="7.0376920" lon="125.4475530">
    <ele>266.6</ele>
    <time>2025-11-20T08:08:24Z</time>
   </trkpt>
   <trkpt lat="7.0376920" lon="125.4475530">
    <ele>266.6</ele>
    <time>2025-11-20T08:08:25Z</time>
   </trkpt>
   <trkpt lat="7.0376920" lon="125.4475530">
    <ele>266.6</ele>
    <time>2025-11-20T08:08:26Z</time>
   </trkpt>
   <trkpt lat="7.0376920" lon="125.4475530">
    <ele>266.6</ele>
    <time>2025-11-20T08:08:27Z</time>
   </trkpt>
   <trkpt lat="7.0376920" lon="125.4475530">
    <ele>266.6</ele>
    <time>2025-11-20T08:08:28Z</time>
   </trkpt>
   <trkpt lat="7.0376920" lon="125.4475530">
    <ele>266.6</ele>
    <time>2025-11-20T08:08:29Z</time>
   </trkpt>
   <trkpt lat="7.0376920" lon="125.4475530">
    <ele>266.6</ele>
    <time>2025-11-20T08:08:30Z</time>
   </trkpt>
   <trkpt lat="7.0376920" lon="125.4475530">
    <ele>266.6</ele>
    <time>2025-11-20T08:08:31Z</time>
   </trkpt>
   <trkpt lat="7.0376920" lon="125.4475530">
    <ele>266.6</ele>
    <time>2025-11-20T08:08:32Z</time>
   </trkpt>
   <trkpt lat="7.0376920" lon="125.4475530">
    <ele>266.6</ele>
    <time>2025-11-20T08:08:33Z</time>
   </trkpt>
   <trkpt lat="7.0376920" lon="125.4475530">
    <ele>266.6</ele>
    <time>2025-11-20T08:08:34Z</time>
   </trkpt>
   <trkpt lat="7.0377020" lon="125.4475270">
    <ele>265.9</ele>
    <time>2025-11-20T08:08:35Z</time>
   </trkpt>
   <trkpt lat="7.0377000" lon="125.4475370">
    <ele>265.6</ele>
    <time>2025-11-20T08:08:36Z</time>
   </trkpt>
   <trkpt lat="7.0377000" lon="125.4475370">
    <ele>265.6</ele>
    <time>2025-11-20T08:08:37Z</time>
   </trkpt>
   <trkpt lat="7.0377000" lon="125.4475370">
    <ele>265.6</ele>
    <time>2025-11-20T08:08:38Z</time>
   </trkpt>
   <trkpt lat="7.0377000" lon="125.4475370">
    <ele>265.6</ele>
    <time>2025-11-20T08:08:39Z</time>
   </trkpt>
   <trkpt lat="7.0377060" lon="125.4475350">
    <ele>265.4</ele>
    <time>2025-11-20T08:08:40Z</time>
   </trkpt>
   <trkpt lat="7.0377120" lon="125.4475390">
    <ele>265.3</ele>
    <time>2025-11-20T08:08:41Z</time>
   </trkpt>
   <trkpt lat="7.0377190" lon="125.4475400">
    <ele>265.1</ele>
    <time>2025-11-20T08:08:42Z</time>
   </trkpt>
   <trkpt lat="7.0377120" lon="125.4475450">
    <ele>264.8</ele>
    <time>2025-11-20T08:08:43Z</time>
   </trkpt>
   <trkpt lat="7.0377140" lon="125.4475570">
    <ele>264.5</ele>
    <time>2025-11-20T08:08:44Z</time>
   </trkpt>
   <trkpt lat="7.0377050" lon="125.4475650">
    <ele>264.2</ele>
    <time>2025-11-20T08:08:45Z</time>
   </trkpt>
   <trkpt lat="7.0377080" lon="125.4475700">
    <ele>264.0</ele>
    <time>2025-11-20T08:08:46Z</time>
   </trkpt>
   <trkpt lat="7.0377080" lon="125.4475760">
    <ele>263.8</ele>
    <time>2025-11-20T08:08:47Z</time>
   </trkpt>
   <trkpt lat="7.0377070" lon="125.4475810">
    <ele>263.7</ele>
    <time>2025-11-20T08:08:48Z</time>
   </trkpt>
   <trkpt lat="7.0376920" lon="125.4475910">
    <ele>263.2</ele>
    <time>2025-11-20T08:08:49Z</time>
   </trkpt>
   <trkpt lat="7.0376940" lon="125.4475970">
    <ele>263.0</ele>
    <time>2025-11-20T08:08:50Z</time>
   </trkpt>
   <trkpt lat="7.0376920" lon="125.4475970">
    <ele>263.0</ele>
    <time>2025-11-20T08:08:51Z</time>
   </trkpt>
   <trkpt lat="7.0376900" lon="125.4476010">
    <ele>262.8</ele>
    <time>2025-11-20T08:08:52Z</time>
   </trkpt>
   <trkpt lat="7.0376930" lon="125.4476000">
    <ele>262.8</ele>
    <time>2025-11-20T08:08:53Z</time>
   </trkpt>
   <trkpt lat="7.0376970" lon="125.4476010">
    <ele>262.6</ele>
    <time>2025-11-20T08:08:54Z</time>
   </trkpt>
   <trkpt lat="7.0377070" lon="125.4476090">
    <ele>262.3</ele>
    <time>2025-11-20T08:08:55Z</time>
   </trkpt>
   <trkpt lat="7.0377120" lon="125.4476200">
    <ele>262.0</ele>
    <time>2025-11-20T08:08:56Z</time>
   </trkpt>
   <trkpt lat="7.0377170" lon="125.4476320">
    <ele>261.6</ele>
    <time>2025-11-20T08:08:57Z</time>
   </trkpt>
   <trkpt lat="7.0377140" lon="125.4476280">
    <ele>261.5</ele>
    <time>2025-11-20T08:08:58Z</time>
   </trkpt>
   <trkpt lat="7.0377120" lon="125.4476260">
    <ele>261.4</ele>
    <time>2025-11-20T08:08:59Z</time>
   </trkpt>
   <trkpt lat="7.0377100" lon="125.4476260">
    <ele>261.3</ele>
    <time>2025-11-20T08:09:00Z</time>
   </trkpt>
   <trkpt lat="7.0377050" lon="125.4476230">
    <ele>261.2</ele>
    <time>2025-11-20T08:09:01Z</time>
   </trkpt>
   <trkpt lat="7.0377010" lon="125.4476330">
    <ele>260.8</ele>
    <time>2025-11-20T08:09:02Z</time>
   </trkpt>
   <trkpt lat="7.0377020" lon="125.4476380">
    <ele>260.7</ele>
    <time>2025-11-20T08:09:03Z</time>
   </trkpt>
   <trkpt lat="7.0377020" lon="125.4476520">
    <ele>260.3</ele>
    <time>2025-11-20T08:09:04Z</time>
   </trkpt>
   <trkpt lat="7.0377040" lon="125.4476550">
    <ele>260.2</ele>
    <time>2025-11-20T08:09:05Z</time>
   </trkpt>
   <trkpt lat="7.0377050" lon="125.4476580">
    <ele>260.1</ele>
    <time>2025-11-20T08:09:06Z</time>
   </trkpt>
   <trkpt lat="7.0377060" lon="125.4476630">
    <ele>259.9</ele>
    <time>2025-11-20T08:09:07Z</time>
   </trkpt>
   <trkpt lat="7.0377070" lon="125.4476680">
    <ele>259.8</ele>
    <time>2025-11-20T08:09:08Z</time>
   </trkpt>
   <trkpt lat="7.0377120" lon="125.4476710">
    <ele>259.6</ele>
    <time>2025-11-20T08:09:09Z</time>
   </trkpt>
   <trkpt lat="7.0377190" lon="125.4476750">
    <ele>259.4</ele>
    <time>2025-11-20T08:09:10Z</time>
   </trkpt>
   <trkpt lat="7.0377240" lon="125.4476800">
    <ele>259.2</ele>
    <time>2025-11-20T08:09:11Z</time>
   </trkpt>
   <trkpt lat="7.0377290" lon="125.4476920">
    <ele>258.8</ele>
    <time>2025-11-20T08:09:12Z</time>
   </trkpt>
   <trkpt lat="7.0377300" lon="125.4476910">
    <ele>258.7</ele>
    <time>2025-11-20T08:09:13Z</time>
   </trkpt>
   <trkpt lat="7.0377350" lon="125.4476980">
    <ele>258.5</ele>
    <time>2025-11-20T08:09:14Z</time>
   </trkpt>
   <trkpt lat="7.0377350" lon="125.4477000">
    <ele>258.4</ele>
    <time>2025-11-20T08:09:15Z</time>
   </trkpt>
   <trkpt lat="7.0377410" lon="125.4477110">
    <ele>258.1</ele>
    <time>2025-11-20T08:09:16Z</time>
   </trkpt>
   <trkpt lat="7.0377460" lon="125.4477140">
    <ele>257.9</ele>
    <time>2025-11-20T08:09:17Z</time>
   </trkpt>
   <trkpt lat="7.0377550" lon="125.4477160">
    <ele>257.6</ele>
    <time>2025-11-20T08:09:18Z</time>
   </trkpt>
   <trkpt lat="7.0377630" lon="125.4477190">
    <ele>257.4</ele>
    <time>2025-11-20T08:09:19Z</time>
   </trkpt>
   <trkpt lat="7.0377670" lon="125.4477280">
    <ele>257.1</ele>
    <time>2025-11-20T08:09:20Z</time>
   </trkpt>
   <trkpt lat="7.0377710" lon="125.4477380">
    <ele>256.8</ele>
    <time>2025-11-20T08:09:21Z</time>
   </trkpt>
   <trkpt lat="7.0377710" lon="125.4477470">
    <ele>256.5</ele>
    <time>2025-11-20T08:09:22Z</time>
   </trkpt>
   <trkpt lat="7.0377760" lon="125.4477550">
    <ele>256.2</ele>
    <time>2025-11-20T08:09:23Z</time>
   </trkpt>
   <trkpt lat="7.0377790" lon="125.4477590">
    <ele>256.1</ele>
    <time>2025-11-20T08:09:24Z</time>
   </trkpt>
   <trkpt lat="7.0377820" lon="125.4477640">
    <ele>255.9</ele>
    <time>2025-11-20T08:09:25Z</time>
   </trkpt>
   <trkpt lat="7.0377820" lon="125.4477770">
    <ele>255.5</ele>
    <time>2025-11-20T08:09:26Z</time>
   </trkpt>
   <trkpt lat="7.0377810" lon="125.4477820">
    <ele>255.4</ele>
    <time>2025-11-20T08:09:27Z</time>
   </trkpt>
   <trkpt lat="7.0377820" lon="125.4477900">
    <ele>255.1</ele>
    <time>2025-11-20T08:09:28Z</time>
   </trkpt>
   <trkpt lat="7.0377760" lon="125.4478000">
    <ele>254.8</ele>
    <time>2025-11-20T08:09:29Z</time>
   </trkpt>
   <trkpt lat="7.0377750" lon="125.4477990">
    <ele>254.7</ele>
    <time>2025-11-20T08:09:30Z</time>
   </trkpt>
   <trkpt lat="7.0377780" lon="125.4478030">
    <ele>254.6</ele>
    <time>2025-11-20T08:09:31Z</time>
   </trkpt>
   <trkpt lat="7.0377800" lon="125.4478070">
    <ele>254.4</ele>
    <time>2025-11-20T08:09:32Z</time>
   </trkpt>
   <trkpt lat="7.0377850" lon="125.4478110">
    <ele>254.2</ele>
    <time>2025-11-20T08:09:33Z</time>
   </trkpt>
   <trkpt lat="7.0377840" lon="125.4478210">
    <ele>253.9</ele>
    <time>2025-11-20T08:09:34Z</time>
   </trkpt>
   <trkpt lat="7.0377800" lon="125.4478270">
    <ele>253.7</ele>
    <time>2025-11-20T08:09:35Z</time>
   </trkpt>
   <trkpt lat="7.0377770" lon="125.4478250">
    <ele>253.6</ele>
    <time>2025-11-20T08:09:36Z</time>
   </trkpt>
   <trkpt lat="7.0377800" lon="125.4478230">
    <ele>253.4</ele>
    <time>2025-11-20T08:09:37Z</time>
   </trkpt>
   <trkpt lat="7.0377810" lon="125.4478280">
    <ele>253.3</ele>
    <time>2025-11-20T08:09:38Z</time>
   </trkpt>
   <trkpt lat="7.0377830" lon="125.4478340">
    <ele>253.1</ele>
    <time>2025-11-20T08:09:39Z</time>
   </trkpt>
   <trkpt lat="7.0377830" lon="125.4478320">
    <ele>253.0</ele>
    <time>2025-11-20T08:09:40Z</time>
   </trkpt>
   <trkpt lat="7.0377820" lon="125.4478380">
    <ele>252.8</ele>
    <time>2025-11-20T08:09:41Z</time>
   </trkpt>
   <trkpt lat="7.0377790" lon="125.4478500">
    <ele>252.4</ele>
    <time>2025-11-20T08:09:42Z</time>
   </trkpt>
   <trkpt lat="7.0377760" lon="125.4478570">
    <ele>252.2</ele>
    <time>2025-11-20T08:09:43Z</time>
   </trkpt>
   <trkpt lat="7.0377810" lon="125.4478520">
    <ele>252.0</ele>
    <time>2025-11-20T08:09:44Z</time>
   </trkpt>
   <trkpt lat="7.0377920" lon="125.4478530">
    <ele>251.6</ele>
    <time>2025-11-20T08:09:45Z</time>
   </trkpt>
   <trkpt lat="7.0378030" lon="125.4478550">
    <ele>251.3</ele>
    <time>2025-11-20T08:09:46Z</time>
   </trkpt>
   <trkpt lat="7.0378100" lon="125.4478600">
    <ele>251.0</ele>
    <time>2025-11-20T08:09:47Z</time>
   </trkpt>
   <trkpt lat="7.0378090" lon="125.4478610">
    <ele>250.9</ele>
    <time>2025-11-20T08:09:48Z</time>
   </trkpt>
   <trkpt lat="7.0378060" lon="125.4478640">
    <ele>250.8</ele>
    <time>2025-11-20T08:09:49Z</time>
   </trkpt>
   <trkpt lat="7.0378070" lon="125.4478650">
    <ele>250.7</ele>
    <time>2025-11-20T08:09:50Z</time>
   </trkpt>
   <trkpt lat="7.0378050" lon="125.4478700">
    <ele>250.6</ele>
    <time>2025-11-20T08:09:51Z</time>
   </trkpt>
   <trkpt lat="7.0378020" lon="125.4478750">
    <ele>250.4</ele>
    <time>2025-11-20T08:09:52Z</time>
   </trkpt>
   <trkpt lat="7.0378010" lon="125.4478830">
    <ele>250.1</ele>
    <time>2025-11-20T08:09:53Z</time>
   </trkpt>
   <trkpt lat="7.0378020" lon="125.4478800">
    <ele>250.0</ele>
    <time>2025-11-20T08:09:54Z</time>
   </trkpt>
   <trkpt lat="7.0378040" lon="125.4478840">
    <ele>249.8</ele>
    <time>2025-11-20T08:09:55Z</time>
   </trkpt>
   <trkpt lat="7.0378120" lon="125.4478920">
    <ele>249.5</ele>
    <time>2025-11-20T08:09:56Z</time>
   </trkpt>
   <trkpt lat="7.0378140" lon="125.4479030">
    <ele>249.1</ele>
    <time>2025-11-20T08:09:57Z</time>
   </trkpt>
   <trkpt lat="7.0378160" lon="125.4479120">
    <ele>248.8</ele>
    <time>2025-11-20T08:09:58Z</time>
   </trkpt>
   <trkpt lat="7.0378170" lon="125.4479200">
    <ele>248.5</ele>
    <time>2025-11-20T08:09:59Z</time>
   </trkpt>
   <trkpt lat="7.0378190" lon="125.4479290">
    <ele>248.2</ele>
    <time>2025-11-20T08:10:00Z</time>
   </trkpt>
   <trkpt lat="7.0378200" lon="125.4479380">
    <ele>247.9</ele>
    <time>2025-11-20T08:10:01Z</time>
   </trkpt>
   <trkpt lat="7.0378230" lon="125.4479410">
    <ele>247.8</ele>
    <time>2025-11-20T08:10:02Z</time>
   </trkpt>
   <trkpt lat="7.0378160" lon="125.4479330">
    <ele>247.4</ele>
    <time>2025-11-20T08:10:03Z</time>
   </trkpt>
   <trkpt lat="7.0378080" lon="125.4479320">
    <ele>247.1</ele>
    <time>2025-11-20T08:10:04Z</time>
   </trkpt>
   <trkpt lat="7.0377990" lon="125.4479390">
    <ele>246.7</ele>
    <time>2025-11-20T08:10:05Z</time>
   </trkpt>
   <trkpt lat="7.0378000" lon="125.4479570">
    <ele>246.1</ele>
    <time>2025-11-20T08:10:06Z</time>
   </trkpt>
   <trkpt lat="7.0378060" lon="125.4479600">
    <ele>245.9</ele>
    <time>2025-11-20T08:10:07Z</time>
   </trkpt>
   <trkpt lat="7.0378130" lon="125.4479660">
    <ele>245.6</ele>
    <time>2025-11-20T08:10:08Z</time>
   </trkpt>
   <trkpt lat="7.0378150" lon="125.4479660">
    <ele>245.5</ele>
    <time>2025-11-20T08:10:09Z</time>
   </trkpt>
   <trkpt lat="7.0378150" lon="125.4479610">
    <ele>245.4</ele>
    <time>2025-11-20T08:10:10Z</time>
   </trkpt>
   <trkpt lat="7.0378280" lon="125.4479640">
    <ele>244.9</ele>
    <time>2025-11-20T08:10:11Z</time>
   </trkpt>
   <trkpt lat="7.0378300" lon="125.4479680">
    <ele>244.8</ele>
    <time>2025-11-20T08:10:12Z</time>
   </trkpt>
   <trkpt lat="7.0378360" lon="125.4479700">
    <ele>244.5</ele>
    <time>2025-11-20T08:10:13Z</time>
   </trkpt>
   <trkpt lat="7.0378380" lon="125.4479700">
    <ele>244.5</ele>
    <time>2025-11-20T08:10:14Z</time>
   </trkpt>
   <trkpt lat="7.0378400" lon="125.4479740">
    <ele>244.3</ele>
    <time>2025-11-20T08:10:15Z</time>
   </trkpt>
   <trkpt lat="7.0378370" lon="125.4479760">
    <ele>244.2</ele>
    <time>2025-11-20T08:10:16Z</time>
   </trkpt>
   <trkpt lat="7.0378380" lon="125.4479770">
    <ele>244.2</ele>
    <time>2025-11-20T08:10:17Z</time>
   </trkpt>
   <trkpt lat="7.0378340" lon="125.4479790">
    <ele>244.0</ele>
    <time>2025-11-20T08:10:18Z</time>
   </trkpt>
   <trkpt lat="7.0378290" lon="125.4479760">
    <ele>243.8</ele>
    <time>2025-11-20T08:10:19Z</time>
   </trkpt>
   <trkpt lat="7.0378270" lon="125.4479760">
    <ele>243.8</ele>
    <time>2025-11-20T08:10:20Z</time>
   </trkpt>
   <trkpt lat="7.0378270" lon="125.4479760">
    <ele>243.8</ele>
    <time>2025-11-20T08:10:21Z</time>
   </trkpt>
   <trkpt lat="7.0378270" lon="125.4479760">
    <ele>243.8</ele>
    <time>2025-11-20T08:10:22Z</time>
   </trkpt>
   <trkpt lat="7.0378270" lon="125.4479760">
    <ele>243.8</ele>
    <time>2025-11-20T08:10:23Z</time>
   </trkpt>
   <trkpt lat="7.0378270" lon="125.4479760">
    <ele>243.8</ele>
    <time>2025-11-20T08:10:24Z</time>
   </trkpt>
   <trkpt lat="7.0378270" lon="125.4479760">
    <ele>243.8</ele>
    <time>2025-11-20T08:10:25Z</time>
   </trkpt>
   <trkpt lat="7.0378270" lon="125.4479760">
    <ele>243.8</ele>
    <time>2025-11-20T08:10:26Z</time>
   </trkpt>
   <trkpt lat="7.0378270" lon="125.4479760">
    <ele>243.8</ele>
    <time>2025-11-20T08:10:27Z</time>
   </trkpt>
   <trkpt lat="7.0378270" lon="125.4479760">
    <ele>243.8</ele>
    <time>2025-11-20T08:10:28Z</time>
   </trkpt>
   <trkpt lat="7.0378270" lon="125.4479760">
    <ele>243.8</ele>
    <time>2025-11-20T08:10:29Z</time>
   </trkpt>
   <trkpt lat="7.0378270" lon="125.4479760">
    <ele>243.8</ele>
    <time>2025-11-20T08:10:30Z</time>
   </trkpt>
   <trkpt lat="7.0378270" lon="125.4479760">
    <ele>243.8</ele>
    <time>2025-11-20T08:10:31Z</time>
   </trkpt>
   <trkpt lat="7.0378270" lon="125.4479760">
    <ele>243.8</ele>
    <time>2025-11-20T08:10:32Z</time>
   </trkpt>
   <trkpt lat="7.0378100" lon="125.4479840">
    <ele>243.2</ele>
    <time>2025-11-20T08:10:33Z</time>
   </trkpt>
   <trkpt lat="7.0378160" lon="125.4479830">
    <ele>243.0</ele>
    <time>2025-11-20T08:10:34Z</time>
   </trkpt>
   <trkpt lat="7.0378190" lon="125.4479780">
    <ele>242.8</ele>
    <time>2025-11-20T08:10:35Z</time>
   </trkpt>
   <trkpt lat="7.0378180" lon="125.4479820">
    <ele>242.6</ele>
    <time>2025-11-20T08:10:36Z</time>
   </trkpt>
   <trkpt lat="7.0378160" lon="125.4479830">
    <ele>242.6</ele>
    <time>2025-11-20T08:10:37Z</time>
   </trkpt>
   <trkpt lat="7.0378160" lon="125.4479810">
    <ele>242.5</ele>
    <time>2025-11-20T08:10:38Z</time>
   </trkpt>
   <trkpt lat="7.0378210" lon="125.4479770">
    <ele>242.3</ele>
    <time>2025-11-20T08:10:39Z</time>
   </trkpt>
   <trkpt lat="7.0378290" lon="125.4479770">
    <ele>242.1</ele>
    <time>2025-11-20T08:10:40Z</time>
   </trkpt>
   <trkpt lat="7.0378320" lon="125.4479780">
    <ele>242.0</ele>
    <time>2025-11-20T08:10:41Z</time>
   </trkpt>
   <trkpt lat="7.0378360" lon="125.4479790">
    <ele>241.8</ele>
    <time>2025-11-20T08:10:42Z</time>
   </trkpt>
   <trkpt lat="7.0378380" lon="125.4479730">
    <ele>241.7</ele>
    <time>2025-11-20T08:10:43Z</time>
   </trkpt>
   <trkpt lat="7.0378410" lon="125.4479780">
    <ele>241.5</ele>
    <time>2025-11-20T08:10:44Z</time>
   </trkpt>
   <trkpt lat="7.0378430" lon="125.4479780">
    <ele>241.4</ele>
    <time>2025-11-20T08:10:45Z</time>
   </trkpt>
   <trkpt lat="7.0378440" lon="125.4479790">
    <ele>241.4</ele>
    <time>2025-11-20T08:10:46Z</time>
   </trkpt>
   <trkpt lat="7.0378440" lon="125.4479790">
    <ele>241.4</ele>
    <time>2025-11-20T08:10:47Z</time>
   </trkpt>
   <trkpt lat="7.0378440" lon="125.4479790">
    <ele>241.4</ele>
    <time>2025-11-20T08:10:48Z</time>
   </trkpt>
   <trkpt lat="7.0378440" lon="125.4479790">
    <ele>241.4</ele>
    <time>2025-11-20T08:10:49Z</time>
   </trkpt>
   <trkpt lat="7.0378440" lon="125.4479790">
    <ele>241.4</ele>
    <time>2025-11-20T08:10:50Z</time>
   </trkpt>
   <trkpt lat="7.0378440" lon="125.4479790">
    <ele>241.4</ele>
    <time>2025-11-20T08:10:51Z</time>
   </trkpt>
   <trkpt lat="7.0378440" lon="125.4479790">
    <ele>241.4</ele>
    <time>2025-11-20T08:10:52Z</time>
   </trkpt>
   <trkpt lat="7.0378440" lon="125.4479790">
    <ele>241.4</ele>
    <time>2025-11-20T08:10:53Z</time>
   </trkpt>
   <trkpt lat="7.0378440" lon="125.4479790">
    <ele>241.4</ele>
    <time>2025-11-20T08:10:54Z</time>
   </trkpt>
   <trkpt lat="7.0378440" lon="125.4479790">
    <ele>241.4</ele>
    <time>2025-11-20T08:10:55Z</time>
   </trkpt>
   <trkpt lat="7.0378440" lon="125.4479790">
    <ele>241.4</ele>
    <time>2025-11-20T08:10:56Z</time>
   </trkpt>
   <trkpt lat="7.0378510" lon="125.4479890">
    <ele>241.0</ele>
    <time>2025-11-20T08:10:57Z</time>
   </trkpt>
   <trkpt lat="7.0378520" lon="125.4479980">
    <ele>240.7</ele>
    <time>2025-11-20T08:10:58Z</time>
   </trkpt>
   <trkpt lat="7.0378580" lon="125.4480160">
    <ele>240.2</ele>
    <time>2025-11-20T08:10:59Z</time>
   </trkpt>
   <trkpt lat="7.0378600" lon="125.4480200">
    <ele>240.1</ele>
    <time>2025-11-20T08:11:00Z</time>
   </trkpt>
   <trkpt lat="7.0378590" lon="125.4480270">
    <ele>239.8</ele>
    <time>2025-11-20T08:11:01Z</time>
   </trkpt>
   <trkpt lat="7.0378580" lon="125.4480330">
    <ele>239.7</ele>
    <time>2025-11-20T08:11:02Z</time>
   </trkpt>
   <trkpt lat="7.0378560" lon="125.4480390">
    <ele>239.5</ele>
    <time>2025-11-20T08:11:03Z</time>
   </trkpt>
   <trkpt lat="7.0378550" lon="125.4480460">
    <ele>239.3</ele>
    <time>2025-11-20T08:11:04Z</time>
   </trkpt>
   <trkpt lat="7.0378540" lon="125.4480520">
    <ele>239.1</ele>
    <time>2025-11-20T08:11:05Z</time>
   </trkpt>
   <trkpt lat="7.0378500" lon="125.4480650">
    <ele>238.7</ele>
    <time>2025-11-20T08:11:06Z</time>
   </trkpt>
   <trkpt lat="7.0378470" lon="125.4480600">
    <ele>238.5</ele>
    <time>2025-11-20T08:11:07Z</time>
   </trkpt>
   <trkpt lat="7.0378510" lon="125.4480630">
    <ele>238.4</ele>
    <time>2025-11-20T08:11:08Z</time>
   </trkpt>
   <trkpt lat="7.0378460" lon="125.4480670">
    <ele>238.2</ele>
    <time>2025-11-20T08:11:09Z</time>
   </trkpt>
   <trkpt lat="7.0378490" lon="125.4480730">
    <ele>238.0</ele>
    <time>2025-11-20T08:11:10Z</time>
   </trkpt>
   <trkpt lat="7.0378470" lon="125.4480800">
    <ele>237.8</ele>
    <time>2025-11-20T08:11:11Z</time>
   </trkpt>
   <trkpt lat="7.0378450" lon="125.4480890">
    <ele>237.6</ele>
    <time>2025-11-20T08:11:12Z</time>
   </trkpt>
   <trkpt lat="7.0378430" lon="125.4481030">
    <ele>237.2</ele>
    <time>2025-11-20T08:11:13Z</time>
   </trkpt>
   <trkpt lat="7.0378310" lon="125.4481090">
    <ele>236.8</ele>
    <time>2025-11-20T08:11:14Z</time>
   </trkpt>
   <trkpt lat="7.0378250" lon="125.4481080">
    <ele>236.6</ele>
    <time>2025-11-20T08:11:15Z</time>
   </trkpt>
   <trkpt lat="7.0378200" lon="125.4481150">
    <ele>236.4</ele>
    <time>2025-11-20T08:11:16Z</time>
   </trkpt>
   <trkpt lat="7.0378240" lon="125.4481170">
    <ele>236.3</ele>
    <time>2025-11-20T08:11:17Z</time>
   </trkpt>
   <trkpt lat="7.0378200" lon="125.4481230">
    <ele>236.1</ele>
    <time>2025-11-20T08:11:18Z</time>
   </trkpt>
   <trkpt lat="7.0378180" lon="125.4481260">
    <ele>236.0</ele>
    <time>2025-11-20T08:11:19Z</time>
   </trkpt>
   <trkpt lat="7.0378140" lon="125.4481360">
    <ele>235.7</ele>
    <time>2025-11-20T08:11:20Z</time>
   </trkpt>
   <trkpt lat="7.0378150" lon="125.4481450">
    <ele>235.4</ele>
    <time>2025-11-20T08:11:21Z</time>
   </trkpt>
   <trkpt lat="7.0378150" lon="125.4481620">
    <ele>234.9</ele>
    <time>2025-11-20T08:11:22Z</time>
   </trkpt>
   <trkpt lat="7.0378180" lon="125.4481640">
    <ele>234.8</ele>
    <time>2025-11-20T08:11:23Z</time>
   </trkpt>
   <trkpt lat="7.0378230" lon="125.4481830">
    <ele>234.3</ele>
    <time>2025-11-20T08:11:24Z</time>
   </trkpt>
   <trkpt lat="7.0378230" lon="125.4481900">
    <ele>234.1</ele>
    <time>2025-11-20T08:11:25Z</time>
   </trkpt>
   <trkpt lat="7.0378220" lon="125.4481970">
    <ele>234.0</ele>
    <time>2025-11-20T08:11:26Z</time>
   </trkpt>
   <trkpt lat="7.0378210" lon="125.4482040">
    <ele>233.8</ele>
    <time>2025-11-20T08:11:27Z</time>
   </trkpt>
   <trkpt lat="7.0378160" lon="125.4482180">
    <ele>233.4</ele>
    <time>2025-11-20T08:11:28Z</time>
   </trkpt>
   <trkpt lat="7.0378150" lon="125.4482240">
    <ele>233.2</ele>
    <time>2025-11-20T08:11:29Z</time>
   </trkpt>
   <trkpt lat="7.0378130" lon="125.4482310">
    <ele>233.0</ele>
    <time>2025-11-20T08:11:30Z</time>
   </trkpt>
   <trkpt lat="7.0378120" lon="125.4482370">
    <ele>232.9</ele>
    <time>2025-11-20T08:11:31Z</time>
   </trkpt>
   <trkpt lat="7.0378110" lon="125.4482440">
    <ele>232.7</ele>
    <time>2025-11-20T08:11:32Z</time>
   </trkpt>
   <trkpt lat="7.0378120" lon="125.4482550">
    <ele>232.4</ele>
    <time>2025-11-20T08:11:33Z</time>
   </trkpt>
   <trkpt lat="7.0378100" lon="125.4482590">
    <ele>232.3</ele>
    <time>2025-11-20T08:11:34Z</time>
   </trkpt>
   <trkpt lat="7.0378130" lon="125.4482730">
    <ele>231.9</ele>
    <time>2025-11-20T08:11:35Z</time>
   </trkpt>
   <trkpt lat="7.0378100" lon="125.4482690">
    <ele>231.8</ele>
    <time>2025-11-20T08:11:36Z</time>
   </trkpt>
   <trkpt lat="7.0378040" lon="125.4482540">
    <ele>231.4</ele>
    <time>2025-11-20T08:11:37Z</time>
   </trkpt>
   <trkpt lat="7.0378190" lon="125.4482790">
    <ele>230.7</ele>
    <time>2025-11-20T08:11:38Z</time>
   </trkpt>
   <trkpt lat="7.0378190" lon="125.4482960">
    <ele>230.3</ele>
    <time>2025-11-20T08:11:39Z</time>
   </trkpt>
   <trkpt lat="7.0378110" lon="125.4483050">
    <ele>230.0</ele>
    <time>2025-11-20T08:11:40Z</time>
   </trkpt>
   <trkpt lat="7.0378080" lon="125.4483130">
    <ele>229.8</ele>
    <time>2025-11-20T08:11:41Z</time>
   </trkpt>
   <trkpt lat="7.0378100" lon="125.4483280">
    <ele>229.4</ele>
    <time>2025-11-20T08:11:42Z</time>
   </trkpt>
   <trkpt lat="7.0378040" lon="125.4483330">
    <ele>229.2</ele>
    <time>2025-11-20T08:11:43Z</time>
   </trkpt>
   <trkpt lat="7.0378100" lon="125.4483500">
    <ele>228.8</ele>
    <time>2025-11-20T08:11:44Z</time>
   </trkpt>
   <trkpt lat="7.0378150" lon="125.4483620">
    <ele>228.6</ele>
    <time>2025-11-20T08:11:45Z</time>
   </trkpt>
   <trkpt lat="7.0378200" lon="125.4483730">
    <ele>228.3</ele>
    <time>2025-11-20T08:11:46Z</time>
   </trkpt>
   <trkpt lat="7.0378240" lon="125.4483860">
    <ele>228.0</ele>
    <time>2025-11-20T08:11:47Z</time>
   </trkpt>
   <trkpt lat="7.0378320" lon="125.4484000">
    <ele>227.7</ele>
    <time>2025-11-20T08:11:48Z</time>
   </trkpt>
   <trkpt lat="7.0378320" lon="125.4484130">
    <ele>227.4</ele>
    <time>2025-11-20T08:11:49Z</time>
   </trkpt>
   <trkpt lat="7.0378300" lon="125.4484130">
    <ele>227.3</ele>
    <time>2025-11-20T08:11:50Z</time>
   </trkpt>
   <trkpt lat="7.0378300" lon="125.4484270">
    <ele>227.0</ele>
    <time>2025-11-20T08:11:51Z</time>
   </trkpt>
   <trkpt lat="7.0378250" lon="125.4484360">
    <ele>226.8</ele>
    <time>2025-11-20T08:11:52Z</time>
   </trkpt>
   <trkpt lat="7.0378190" lon="125.4484450">
    <ele>226.6</ele>
    <time>2025-11-20T08:11:53Z</time>
   </trkpt>
   <trkpt lat="7.0378210" lon="125.4484670">
    <ele>226.2</ele>
    <time>2025-11-20T08:11:54Z</time>
   </trkpt>
   <trkpt lat="7.0378230" lon="125.4484770">
    <ele>226.0</ele>
    <time>2025-11-20T08:11:55Z</time>
   </trkpt>
   <trkpt lat="7.0378240" lon="125.4484870">
    <ele>225.8</ele>
    <time>2025-11-20T08:11:56Z</time>
   </trkpt>
   <trkpt lat="7.0378270" lon="125.4484940">
    <ele>225.6</ele>
    <time>2025-11-20T08:11:57Z</time>
   </trkpt>
   <trkpt lat="7.0378280" lon="125.4485060">
    <ele>225.4</ele>
    <time>2025-11-20T08:11:58Z</time>
   </trkpt>
   <trkpt lat="7.0378300" lon="125.4485140">
    <ele>225.3</ele>
    <time>2025-11-20T08:11:59Z</time>
   </trkpt>
   <trkpt lat="7.0378320" lon="125.4485250">
    <ele>225.1</ele>
    <time>2025-11-20T08:12:00Z</time>
   </trkpt>
   <trkpt lat="7.0378290" lon="125.4485280">
    <ele>225.0</ele>
    <time>2025-11-20T08:12:01Z</time>
   </trkpt>
   <trkpt lat="7.0378250" lon="125.4485410">
    <ele>224.7</ele>
    <time>2025-11-20T08:12:02Z</time>
   </trkpt>
   <trkpt lat="7.0378290" lon="125.4485450">
    <ele>224.6</ele>
    <time>2025-11-20T08:12:03Z</time>
   </trkpt>
   <trkpt lat="7.0378300" lon="125.4485620">
    <ele>224.3</ele>
    <time>2025-11-20T08:12:04Z</time>
   </trkpt>
   <trkpt lat="7.0378320" lon="125.4485850">
    <ele>223.9</ele>
    <time>2025-11-20T08:12:05Z</time>
   </trkpt>
   <trkpt lat="7.0378330" lon="125.4485920">
    <ele>223.8</ele>
    <time>2025-11-20T08:12:06Z</time>
   </trkpt>
   <trkpt lat="7.0378340" lon="125.4485980">
    <ele>223.7</ele>
    <time>2025-11-20T08:12:07Z</time>
   </trkpt>
   <trkpt lat="7.0378310" lon="125.4486070">
    <ele>223.6</ele>
    <time>2025-11-20T08:12:08Z</time>
   </trkpt>
   <trkpt lat="7.0378330" lon="125.4486060">
    <ele>223.5</ele>
    <time>2025-11-20T08:12:09Z</time>
   </trkpt>
   <trkpt lat="7.0378330" lon="125.4486050">
    <ele>223.5</ele>
    <time>2025-11-20T08:12:10Z</time>
   </trkpt>
   <trkpt lat="7.0378330" lon="125.4486050">
    <ele>223.5</ele>
    <time>2025-11-20T08:12:11Z</time>
   </trkpt>
   <trkpt lat="7.0378330" lon="125.4486050">
    <ele>223.5</ele>
    <time>2025-11-20T08:12:12Z</time>
   </trkpt>
   <trkpt lat="7.0378340" lon="125.4486120">
    <ele>223.4</ele>
    <time>2025-11-20T08:12:13Z</time>
   </trkpt>
   <trkpt lat="7.0378300" lon="125.4486190">
    <ele>223.3</ele>
    <time>2025-11-20T08:12:14Z</time>
   </trkpt>
   <trkpt lat="7.0378210" lon="125.4486240">
    <ele>223.1</ele>
    <time>2025-11-20T08:12:15Z</time>
   </trkpt>
   <trkpt lat="7.0378160" lon="125.4486350">
    <ele>222.9</ele>
    <time>2025-11-20T08:12:16Z</time>
   </trkpt>
   <trkpt lat="7.0378070" lon="125.4486290">
    <ele>222.7</ele>
    <time>2025-11-20T08:12:17Z</time>
   </trkpt>
   <trkpt lat="7.0378080" lon="125.4486270">
    <ele>222.7</ele>
    <time>2025-11-20T08:12:18Z</time>
   </trkpt>
   <trkpt lat="7.0378040" lon="125.4486290">
    <ele>222.6</ele>
    <time>2025-11-20T08:12:19Z</time>
   </trkpt>
   <trkpt lat="7.0378040" lon="125.4486280">
    <ele>222.6</ele>
    <time>2025-11-20T08:12:20Z</time>
   </trkpt>
   <trkpt lat="7.0377850" lon="125.4486180">
    <ele>222.3</ele>
    <time>2025-11-20T08:12:21Z</time>
   </trkpt>
   <trkpt lat="7.0377840" lon="125.4486140">
    <ele>222.2</ele>
    <time>2025-11-20T08:12:22Z</time>
   </trkpt>
   <trkpt lat="7.0377900" lon="125.4486030">
    <ele>222.0</ele>
    <time>2025-11-20T08:12:23Z</time>
   </trkpt>
   <trkpt lat="7.0377900" lon="125.4486030">
    <ele>222.0</ele>
    <time>2025-11-20T08:12:24Z</time>
   </trkpt>
   <trkpt lat="7.0377810" lon="125.4485960">
    <ele>221.9</ele>
    <time>2025-11-20T08:12:25Z</time>
   </trkpt>
   <trkpt lat="7.0377810" lon="125.4485960">
    <ele>221.9</ele>
    <time>2025-11-20T08:12:26Z</time>
   </trkpt>
   <trkpt lat="7.0377730" lon="125.4485930">
    <ele>221.7</ele>
    <time>2025-11-20T08:12:27Z</time>
   </trkpt>
   <trkpt lat="7.0377730" lon="125.4485980">
    <ele>221.7</ele>
    <time>2025-11-20T08:12:28Z</time>
   </trkpt>
   <trkpt lat="7.0377720" lon="125.4486020">
    <ele>221.6</ele>
    <time>2025-11-20T08:12:29Z</time>
   </trkpt>
   <trkpt lat="7.0377800" lon="125.4486020">
    <ele>221.5</ele>
    <time>2025-11-20T08:12:30Z</time>
   </trkpt>
   <trkpt lat="7.0377990" lon="125.4485950">
    <ele>221.2</ele>
    <time>2025-11-20T08:12:31Z</time>
   </trkpt>
   <trkpt lat="7.0377950" lon="125.4486040">
    <ele>221.0</ele>
    <time>2025-11-20T08:12:32Z</time>
   </trkpt>
   <trkpt lat="7.0377980" lon="125.4485980">
    <ele>220.9</ele>
    <time>2025-11-20T08:12:33Z</time>
   </trkpt>
   <trkpt lat="7.0377990" lon="125.4485940">
    <ele>220.9</ele>
    <time>2025-11-20T08:12:34Z</time>
   </trkpt>
   <trkpt lat="7.0378040" lon="125.4485940">
    <ele>220.8</ele>
    <time>2025-11-20T08:12:35Z</time>
   </trkpt>
   <trkpt lat="7.0378080" lon="125.4485950">
    <ele>220.7</ele>
    <time>2025-11-20T08:12:36Z</time>
   </trkpt>
   <trkpt lat="7.0378020" lon="125.4485850">
    <ele>220.6</ele>
    <time>2025-11-20T08:12:37Z</time>
   </trkpt>
   <trkpt lat="7.0378020" lon="125.4485850">
    <ele>220.6</ele>
    <time>2025-11-20T08:12:38Z</time>
   </trkpt>
   <trkpt lat="7.0378020" lon="125.4485850">
    <ele>220.6</ele>
    <time>2025-11-20T08:12:39Z</time>
   </trkpt>
   <trkpt lat="7.0378020" lon="125.4485850">
    <ele>220.6</ele>
    <time>2025-11-20T08:12:40Z</time>
   </trkpt>
   <trkpt lat="7.0378020" lon="125.4485850">
    <ele>220.6</ele>
    <time>2025-11-20T08:12:41Z</time>
   </trkpt>
   <trkpt lat="7.0378020" lon="125.4485850">
    <ele>220.6</ele>
    <time>2025-11-20T08:12:42Z</time>
   </trkpt>
   <trkpt lat="7.0378020" lon="125.4485850">
    <ele>220.6</ele>
    <time>2025-11-20T08:12:43Z</time>
   </trkpt>
   <trkpt lat="7.0378020" lon="125.4485850">
    <ele>220.6</ele>
    <time>2025-11-20T08:12:44Z</time>
   </trkpt>
   <trkpt lat="7.0378020" lon="125.4485850">
    <ele>220.6</ele>
    <time>2025-11-20T08:12:45Z</time>
   </trkpt>
   <trkpt lat="7.0377980" lon="125.4485840">
    <ele>220.5</ele>
    <time>2025-11-20T08:12:46Z</time>
   </trkpt>
   <trkpt lat="7.0378040" lon="125.4485970">
    <ele>220.3</ele>
    <time>2025-11-20T08:12:47Z</time>
   </trkpt>
   <trkpt lat="7.0378210" lon="125.4486100">
    <ele>219.9</ele>
    <time>2025-11-20T08:12:48Z</time>
   </trkpt>
   <trkpt lat="7.0378250" lon="125.4486090">
    <ele>219.9</ele>
    <time>2025-11-20T08:12:49Z</time>
   </trkpt>
   <trkpt lat="7.0378270" lon="125.4486270">
    <ele>219.6</ele>
    <time>2025-11-20T08:12:50Z</time>
   </trkpt>
   <trkpt lat="7.0378270" lon="125.4486340">
    <ele>219.5</ele>
    <time>2025-11-20T08:12:51Z</time>
   </trkpt>
   <trkpt lat="7.0378270" lon="125.4486400">
    <ele>219.4</ele>
    <time>2025-11-20T08:12:52Z</time>
   </trkpt>
   <trkpt lat="7.0378270" lon="125.4486470">
    <ele>219.3</ele>
    <time>2025-11-20T08:12:53Z</time>
   </trkpt>
   <trkpt lat="7.0378270" lon="125.4486530">
    <ele>219.2</ele>
    <time>2025-11-20T08:12:54Z</time>
   </trkpt>
   <trkpt lat="7.0378180" lon="125.4486540">
    <ele>219.0</ele>
    <time>2025-11-20T08:12:55Z</time>
   </trkpt>
   <trkpt lat="7.0378110" lon="125.4486550">
    <ele>218.9</ele>
    <time>2025-11-20T08:12:56Z</time>
   </trkpt>
   <trkpt lat="7.0378050" lon="125.4486620">
    <ele>218.7</ele>
    <time>2025-11-20T08:12:57Z</time>
   </trkpt>
   <trkpt lat="7.0378090" lon="125.4486700">
    <ele>218.6</ele>
    <time>2025-11-20T08:12:58Z</time>
   </trkpt>
   <trkpt lat="7.0378120" lon="125.4486800">
    <ele>218.4</ele>
    <time>2025-11-20T08:12:59Z</time>
   </trkpt>
   <trkpt lat="7.0378090" lon="125.4486930">
    <ele>218.2</ele>
    <time>2025-11-20T08:13:00Z</time>
   </trkpt>
   <trkpt lat="7.0378070" lon="125.4486980">
    <ele>218.1</ele>
    <time>2025-11-20T08:13:01Z</time>
   </trkpt>
   <trkpt lat="7.0378030" lon="125.4487030">
    <ele>218.0</ele>
    <time>2025-11-20T08:13:02Z</time>
   </trkpt>
   <trkpt lat="7.0377990" lon="125.4487070">
    <ele>217.9</ele>
    <time>2025-11-20T08:13:03Z</time>
   </trkpt>
   <trkpt lat="7.0377970" lon="125.4487180">
    <ele>217.7</ele>
    <time>2025-11-20T08:13:04Z</time>
   </trkpt>
   <trkpt lat="7.0377960" lon="125.4487240">
    <ele>217.6</ele>
    <time>2025-11-20T08:13:05Z</time>
   </trkpt>
   <trkpt lat="7.0378020" lon="125.4487350">
    <ele>217.4</ele>
    <time>2025-11-20T08:13:06Z</time>
   </trkpt>
   <trkpt lat="7.0378040" lon="125.4487370">
    <ele>217.3</ele>
    <time>2025-11-20T08:13:07Z</time>
   </trkpt>
   <trkpt lat="7.0378090" lon="125.4487450">
    <ele>217.2</ele>
    <time>2025-11-20T08:13:08Z</time>
   </trkpt>
   <trkpt lat="7.0378110" lon="125.4487510">
    <ele>217.0</ele>
    <time>2025-11-20T08:13:09Z</time>
   </trkpt>
   <trkpt lat="7.0378110" lon="125.4487580">
    <ele>216.9</ele>
    <time>2025-11-20T08:13:10Z</time>
   </trkpt>
   <trkpt lat="7.0378090" lon="125.4487690">
    <ele>216.7</ele>
    <time>2025-11-20T08:13:11Z</time>
   </trkpt>
   <trkpt lat="7.0377990" lon="125.4487640">
    <ele>216.5</ele>
    <time>2025-11-20T08:13:12Z</time>
   </trkpt>
   <trkpt lat="7.0377870" lon="125.4487750">
    <ele>216.2</ele>
    <time>2025-11-20T08:13:13Z</time>
   </trkpt>
   <trkpt lat="7.0377830" lon="125.4487830">
    <ele>216.0</ele>
    <time>2025-11-20T08:13:14Z</time>
   </trkpt>
   <trkpt lat="7.0377760" lon="125.4487930">
    <ele>215.8</ele>
    <time>2025-11-20T08:13:15Z</time>
   </trkpt>
   <trkpt lat="7.0377760" lon="125.4487950">
    <ele>215.7</ele>
    <time>2025-11-20T08:13:16Z</time>
   </trkpt>
   <trkpt lat="7.0377750" lon="125.4488040">
    <ele>215.6</ele>
    <time>2025-11-20T08:13:17Z</time>
   </trkpt>
   <trkpt lat="7.0377800" lon="125.4488140">
    <ele>215.4</ele>
    <time>2025-11-20T08:13:18Z</time>
   </trkpt>
   <trkpt lat="7.0377850" lon="125.4488270">
    <ele>215.1</ele>
    <time>2025-11-20T08:13:19Z</time>
   </trkpt>
   <trkpt lat="7.0377940" lon="125.4488390">
    <ele>214.8</ele>
    <time>2025-11-20T08:13:20Z</time>
   </trkpt>
   <trkpt lat="7.0377960" lon="125.4488450">
    <ele>214.6</ele>
    <time>2025-11-20T08:13:21Z</time>
   </trkpt>
   <trkpt lat="7.0377930" lon="125.4488520">
    <ele>214.5</ele>
    <time>2025-11-20T08:13:22Z</time>
   </trkpt>
   <trkpt lat="7.0377910" lon="125.4488660">
    <ele>214.2</ele>
    <time>2025-11-20T08:13:23Z</time>
   </trkpt>
   <trkpt lat="7.0377860" lon="125.4488750">
    <ele>213.9</ele>
    <time>2025-11-20T08:13:24Z</time>
   </trkpt>
   <trkpt lat="7.0377880" lon="125.4488830">
    <ele>213.8</ele>
    <time>2025-11-20T08:13:25Z</time>
   </trkpt>
   <trkpt lat="7.0377930" lon="125.4488870">
    <ele>213.6</ele>
    <time>2025-11-20T08:13:27Z</time>
   </trkpt>
   <trkpt lat="7.0378000" lon="125.4488970">
    <ele>213.4</ele>
    <time>2025-11-20T08:13:28Z</time>
   </trkpt>
   <trkpt lat="7.0378160" lon="125.4489180">
    <ele>212.8</ele>
    <time>2025-11-20T08:13:29Z</time>
   </trkpt>
   <trkpt lat="7.0378180" lon="125.4489260">
    <ele>212.6</ele>
    <time>2025-11-20T08:13:30Z</time>
   </trkpt>
   <trkpt lat="7.0378190" lon="125.4489420">
    <ele>212.2</ele>
    <time>2025-11-20T08:13:31Z</time>
   </trkpt>
   <trkpt lat="7.0378190" lon="125.4489480">
    <ele>212.1</ele>
    <time>2025-11-20T08:13:32Z</time>
   </trkpt>
   <trkpt lat="7.0378180" lon="125.4489540">
    <ele>212.0</ele>
    <time>2025-11-20T08:13:33Z</time>
   </trkpt>
   <trkpt lat="7.0378180" lon="125.4489600">
    <ele>211.8</ele>
    <time>2025-11-20T08:13:34Z</time>
   </trkpt>
   <trkpt lat="7.0378170" lon="125.4489660">
    <ele>211.7</ele>
    <time>2025-11-20T08:13:35Z</time>
   </trkpt>
   <trkpt lat="7.0378110" lon="125.4489720">
    <ele>211.5</ele>
    <time>2025-11-20T08:13:36Z</time>
   </trkpt>
   <trkpt lat="7.0378080" lon="125.4489810">
    <ele>211.3</ele>
    <time>2025-11-20T08:13:37Z</time>
   </trkpt>
   <trkpt lat="7.0378080" lon="125.4489850">
    <ele>211.2</ele>
    <time>2025-11-20T08:13:38Z</time>
   </trkpt>
   <trkpt lat="7.0378110" lon="125.4489890">
    <ele>211.1</ele>
    <time>2025-11-20T08:13:39Z</time>
   </trkpt>
   <trkpt lat="7.0378140" lon="125.4489960">
    <ele>210.9</ele>
    <time>2025-11-20T08:13:40Z</time>
   </trkpt>
   <trkpt lat="7.0378200" lon="125.4490060">
    <ele>210.7</ele>
    <time>2025-11-20T08:13:41Z</time>
   </trkpt>
   <trkpt lat="7.0378230" lon="125.4490190">
    <ele>210.4</ele>
    <time>2025-11-20T08:13:42Z</time>
   </trkpt>
   <trkpt lat="7.0378190" lon="125.4490310">
    <ele>210.2</ele>
    <time>2025-11-20T08:13:43Z</time>
   </trkpt>
   <trkpt lat="7.0378250" lon="125.4490400">
    <ele>209.9</ele>
    <time>2025-11-20T08:13:44Z</time>
   </trkpt>
   <trkpt lat="7.0378200" lon="125.4490460">
    <ele>209.8</ele>
    <time>2025-11-20T08:13:45Z</time>
   </trkpt>
   <trkpt lat="7.0378190" lon="125.4490590">
    <ele>209.5</ele>
    <time>2025-11-20T08:13:46Z</time>
   </trkpt>
   <trkpt lat="7.0378210" lon="125.4490670">
    <ele>209.3</ele>
    <time>2025-11-20T08:13:47Z</time>
   </trkpt>
   <trkpt lat="7.0378250" lon="125.4490730">
    <ele>209.2</ele>
    <time>2025-11-20T08:13:48Z</time>
   </trkpt>
   <trkpt lat="7.0378300" lon="125.4490850">
    <ele>208.9</ele>
    <time>2025-11-20T08:13:49Z</time>
   </trkpt>
   <trkpt lat="7.0378330" lon="125.4490940">
    <ele>208.7</ele>
    <time>2025-11-20T08:13:50Z</time>
   </trkpt>
   <trkpt lat="7.0378390" lon="125.4491090">
    <ele>208.4</ele>
    <time>2025-11-20T08:13:51Z</time>
   </trkpt>
   <trkpt lat="7.0378390" lon="125.4491190">
    <ele>208.2</ele>
    <time>2025-11-20T08:13:52Z</time>
   </trkpt>
   <trkpt lat="7.0378410" lon="125.4491280">
    <ele>208.1</ele>
    <time>2025-11-20T08:13:53Z</time>
   </trkpt>
   <trkpt lat="7.0378440" lon="125.4491340">
    <ele>207.9</ele>
    <time>2025-11-20T08:13:54Z</time>
   </trkpt>
   <trkpt lat="7.0378420" lon="125.4491460">
    <ele>207.7</ele>
    <time>2025-11-20T08:13:55Z</time>
   </trkpt>
   <trkpt lat="7.0378380" lon="125.4491530">
    <ele>207.6</ele>
    <time>2025-11-20T08:13:56Z</time>
   </trkpt>
   <trkpt lat="7.0378380" lon="125.4491600">
    <ele>207.4</ele>
    <time>2025-11-20T08:13:57Z</time>
   </trkpt>
   <trkpt lat="7.0378380" lon="125.4491670">
    <ele>207.3</ele>
    <time>2025-11-20T08:13:58Z</time>
   </trkpt>
   <trkpt lat="7.0378420" lon="125.4491730">
    <ele>207.2</ele>
    <time>2025-11-20T08:13:59Z</time>
   </trkpt>
   <trkpt lat="7.0378450" lon="125.4491820">
    <ele>207.0</ele>
    <time>2025-11-20T08:14:00Z</time>
   </trkpt>
   <trkpt lat="7.0378480" lon="125.4491910">
    <ele>206.8</ele>
    <time>2025-11-20T08:14:01Z</time>
   </trkpt>
   <trkpt lat="7.0378500" lon="125.4492000">
    <ele>206.6</ele>
    <time>2025-11-20T08:14:02Z</time>
   </trkpt>
   <trkpt lat="7.0378560" lon="125.4492120">
    <ele>206.4</ele>
    <time>2025-11-20T08:14:03Z</time>
   </trkpt>
   <trkpt lat="7.0378550" lon="125.4492170">
    <ele>206.3</ele>
    <time>2025-11-20T08:14:04Z</time>
   </trkpt>
   <trkpt lat="7.0378500" lon="125.4492310">
    <ele>206.0</ele>
    <time>2025-11-20T08:14:05Z</time>
   </trkpt>
   <trkpt lat="7.0378530" lon="125.4492440">
    <ele>205.8</ele>
    <time>2025-11-20T08:14:06Z</time>
   </trkpt>
   <trkpt lat="7.0378530" lon="125.4492540">
    <ele>205.6</ele>
    <time>2025-11-20T08:14:07Z</time>
   </trkpt>
   <trkpt lat="7.0378480" lon="125.4492650">
    <ele>205.4</ele>
    <time>2025-11-20T08:14:08Z</time>
   </trkpt>
   <trkpt lat="7.0378420" lon="125.4492880">
    <ele>205.0</ele>
    <time>2025-11-20T08:14:09Z</time>
   </trkpt>
   <trkpt lat="7.0378440" lon="125.4493000">
    <ele>204.8</ele>
    <time>2025-11-20T08:14:10Z</time>
   </trkpt>
   <trkpt lat="7.0378480" lon="125.4493130">
    <ele>204.5</ele>
    <time>2025-11-20T08:14:11Z</time>
   </trkpt>
   <trkpt lat="7.0378580" lon="125.4493270">
    <ele>204.2</ele>
    <time>2025-11-20T08:14:12Z</time>
   </trkpt>
   <trkpt lat="7.0378510" lon="125.4493490">
    <ele>203.8</ele>
    <time>2025-11-20T08:14:13Z</time>
   </trkpt>
   <trkpt lat="7.0378490" lon="125.4493600">
    <ele>203.7</ele>
    <time>2025-11-20T08:14:14Z</time>
   </trkpt>
   <trkpt lat="7.0378460" lon="125.4493710">
    <ele>203.5</ele>
    <time>2025-11-20T08:14:15Z</time>
   </trkpt>
   <trkpt lat="7.0378310" lon="125.4493910">
    <ele>203.1</ele>
    <time>2025-11-20T08:14:16Z</time>
   </trkpt>
   <trkpt lat="7.0378150" lon="125.4493880">
    <ele>202.8</ele>
    <time>2025-11-20T08:14:17Z</time>
   </trkpt>
   <trkpt lat="7.0378210" lon="125.4494080">
    <ele>202.5</ele>
    <time>2025-11-20T08:14:18Z</time>
   </trkpt>
   <trkpt lat="7.0378250" lon="125.4494170">
    <ele>202.3</ele>
    <time>2025-11-20T08:14:19Z</time>
   </trkpt>
   <trkpt lat="7.0378280" lon="125.4494260">
    <ele>202.2</ele>
    <time>2025-11-20T08:14:20Z</time>
   </trkpt>
   <trkpt lat="7.0378330" lon="125.4494300">
    <ele>202.1</ele>
    <time>2025-11-20T08:14:21Z</time>
   </trkpt>
   <trkpt lat="7.0378360" lon="125.4494350">
    <ele>202.0</ele>
    <time>2025-11-20T08:14:22Z</time>
   </trkpt>
   <trkpt lat="7.0378430" lon="125.4494510">
    <ele>201.8</ele>
    <time>2025-11-20T08:14:23Z</time>
   </trkpt>
   <trkpt lat="7.0378410" lon="125.4494540">
    <ele>201.7</ele>
    <time>2025-11-20T08:14:24Z</time>
   </trkpt>
   <trkpt lat="7.0378430" lon="125.4494700">
    <ele>201.5</ele>
    <time>2025-11-20T08:14:25Z</time>
   </trkpt>
   <trkpt lat="7.0378490" lon="125.4494780">
    <ele>201.3</ele>
    <time>2025-11-20T08:14:26Z</time>
   </trkpt>
   <trkpt lat="7.0378540" lon="125.4494880">
    <ele>201.2</ele>
    <time>2025-11-20T08:14:27Z</time>
   </trkpt>
   <trkpt lat="7.0378620" lon="125.4494970">
    <ele>201.0</ele>
    <time>2025-11-20T08:14:28Z</time>
   </trkpt>
   <trkpt lat="7.0378670" lon="125.4495060">
    <ele>200.9</ele>
    <time>2025-11-20T08:14:29Z</time>
   </trkpt>
   <trkpt lat="7.0378750" lon="125.4495180">
    <ele>200.7</ele>
    <time>2025-11-20T08:14:30Z</time>
   </trkpt>
   <trkpt lat="7.0378880" lon="125.4495310">
    <ele>200.4</ele>
    <time>2025-11-20T08:14:31Z</time>
   </trkpt>
   <trkpt lat="7.0378990" lon="125.4495360">
    <ele>200.2</ele>
    <time>2025-11-20T08:14:32Z</time>
   </trkpt>
   <trkpt lat="7.0378970" lon="125.4495370">
    <ele>200.2</ele>
    <time>2025-11-20T08:14:33Z</time>
   </trkpt>
   <trkpt lat="7.0378880" lon="125.4495280">
    <ele>200.0</ele>
    <time>2025-11-20T08:14:34Z</time>
   </trkpt>
   <trkpt lat="7.0378810" lon="125.4495240">
    <ele>199.9</ele>
    <time>2025-11-20T08:14:35Z</time>
   </trkpt>
   <trkpt lat="7.0378760" lon="125.4495270">
    <ele>199.8</ele>
    <time>2025-11-20T08:14:36Z</time>
   </trkpt>
   <trkpt lat="7.0378760" lon="125.4495360">
    <ele>199.7</ele>
    <time>2025-11-20T08:14:37Z</time>
   </trkpt>
   <trkpt lat="7.0378850" lon="125.4495430">
    <ele>199.6</ele>
    <time>2025-11-20T08:14:38Z</time>
   </trkpt>
   <trkpt lat="7.0378950" lon="125.4495580">
    <ele>199.3</ele>
    <time>2025-11-20T08:14:39Z</time>
   </trkpt>
   <trkpt lat="7.0378980" lon="125.4495740">
    <ele>199.1</ele>
    <time>2025-11-20T08:14:40Z</time>
   </trkpt>
   <trkpt lat="7.0379120" lon="125.4495830">
    <ele>198.9</ele>
    <time>2025-11-20T08:14:41Z</time>
   </trkpt>
   <trkpt lat="7.0379140" lon="125.4496000">
    <ele>198.7</ele>
    <time>2025-11-20T08:14:42Z</time>
   </trkpt>
   <trkpt lat="7.0379140" lon="125.4496020">
    <ele>198.6</ele>
    <time>2025-11-20T08:14:43Z</time>
   </trkpt>
   <trkpt lat="7.0379160" lon="125.4496120">
    <ele>198.5</ele>
    <time>2025-11-20T08:14:44Z</time>
   </trkpt>
   <trkpt lat="7.0379110" lon="125.4496260">
    <ele>198.3</ele>
    <time>2025-11-20T08:14:45Z</time>
   </trkpt>
   <trkpt lat="7.0379040" lon="125.4496420">
    <ele>198.1</ele>
    <time>2025-11-20T08:14:46Z</time>
   </trkpt>
   <trkpt lat="7.0379020" lon="125.4496590">
    <ele>197.8</ele>
    <time>2025-11-20T08:14:47Z</time>
   </trkpt>
   <trkpt lat="7.0379000" lon="125.4496720">
    <ele>197.6</ele>
    <time>2025-11-20T08:14:48Z</time>
   </trkpt>
   <trkpt lat="7.0378960" lon="125.4496890">
    <ele>197.4</ele>
    <time>2025-11-20T08:14:49Z</time>
   </trkpt>
   <trkpt lat="7.0378970" lon="125.4496960">
    <ele>197.3</ele>
    <time>2025-11-20T08:14:50Z</time>
   </trkpt>
   <trkpt lat="7.0378970" lon="125.4497040">
    <ele>197.2</ele>
    <time>2025-11-20T08:14:51Z</time>
   </trkpt>
   <trkpt lat="7.0378970" lon="125.4497120">
    <ele>197.1</ele>
    <time>2025-11-20T08:14:52Z</time>
   </trkpt>
   <trkpt lat="7.0379000" lon="125.4497270">
    <ele>196.8</ele>
    <time>2025-11-20T08:14:53Z</time>
   </trkpt>
   <trkpt lat="7.0379010" lon="125.4497340">
    <ele>196.7</ele>
    <time>2025-11-20T08:14:54Z</time>
   </trkpt>
   <trkpt lat="7.0379010" lon="125.4497420">
    <ele>196.6</ele>
    <time>2025-11-20T08:14:55Z</time>
   </trkpt>
   <trkpt lat="7.0379010" lon="125.4497490">
    <ele>196.5</ele>
    <time>2025-11-20T08:14:56Z</time>
   </trkpt>
   <trkpt lat="7.0378980" lon="125.4497630">
    <ele>196.3</ele>
    <time>2025-11-20T08:14:57Z</time>
   </trkpt>
   <trkpt lat="7.0378990" lon="125.4497710">
    <ele>196.2</ele>
    <time>2025-11-20T08:14:58Z</time>
   </trkpt>
   <trkpt lat="7.0379000" lon="125.4497840">
    <ele>196.0</ele>
    <time>2025-11-20T08:14:59Z</time>
   </trkpt>
   <trkpt lat="7.0379030" lon="125.4497920">
    <ele>195.9</ele>
    <time>2025-11-20T08:15:00Z</time>
   </trkpt>
   <trkpt lat="7.0379040" lon="125.4498000">
    <ele>195.8</ele>
    <time>2025-11-20T08:15:01Z</time>
   </trkpt>
   <trkpt lat="7.0379030" lon="125.4498130">
    <ele>195.6</ele>
    <time>2025-11-20T08:15:02Z</time>
   </trkpt>
   <trkpt lat="7.0379020" lon="125.4498380">
    <ele>195.2</ele>
    <time>2025-11-20T08:15:03Z</time>
   </trkpt>
   <trkpt lat="7.0379050" lon="125.4498450">
    <ele>195.0</ele>
    <time>2025-11-20T08:15:04Z</time>
   </trkpt>
   <trkpt lat="7.0379080" lon="125.4498510">
    <ele>194.9</ele>
    <time>2025-11-20T08:15:05Z</time>
   </trkpt>
   <trkpt lat="7.0379170" lon="125.4498560">
    <ele>194.8</ele>
    <time>2025-11-20T08:15:06Z</time>
   </trkpt>
   <trkpt lat="7.0379240" lon="125.4498650">
    <ele>194.6</ele>
    <time>2025-11-20T08:15:07Z</time>
   </trkpt>
   <trkpt lat="7.0379340" lon="125.4498730">
    <ele>194.4</ele>
    <time>2025-11-20T08:15:08Z</time>
   </trkpt>
   <trkpt lat="7.0379380" lon="125.4498780">
    <ele>194.3</ele>
    <time>2025-11-20T08:15:09Z</time>
   </trkpt>
   <trkpt lat="7.0379280" lon="125.4498850">
    <ele>194.1</ele>
    <time>2025-11-20T08:15:10Z</time>
   </trkpt>
   <trkpt lat="7.0379270" lon="125.4499020">
    <ele>193.8</ele>
    <time>2025-11-20T08:15:11Z</time>
   </trkpt>
   <trkpt lat="7.0379310" lon="125.4499180">
    <ele>193.5</ele>
    <time>2025-11-20T08:15:12Z</time>
   </trkpt>
   <trkpt lat="7.0379300" lon="125.4499250">
    <ele>193.4</ele>
    <time>2025-11-20T08:15:13Z</time>
   </trkpt>
   <trkpt lat="7.0379270" lon="125.4499340">
    <ele>193.2</ele>
    <time>2025-11-20T08:15:14Z</time>
   </trkpt>
   <trkpt lat="7.0379180" lon="125.4499430">
    <ele>193.0</ele>
    <time>2025-11-20T08:15:15Z</time>
   </trkpt>
   <trkpt lat="7.0379080" lon="125.4499550">
    <ele>192.8</ele>
    <time>2025-11-20T08:15:16Z</time>
   </trkpt>
   <trkpt lat="7.0378970" lon="125.4499610">
    <ele>192.5</ele>
    <time>2025-11-20T08:15:17Z</time>
   </trkpt>
   <trkpt lat="7.0378950" lon="125.4499710">
    <ele>192.4</ele>
    <time>2025-11-20T08:15:18Z</time>
   </trkpt>
   <trkpt lat="7.0379010" lon="125.4499830">
    <ele>192.1</ele>
    <time>2025-11-20T08:15:19Z</time>
   </trkpt>
   <trkpt lat="7.0379050" lon="125.4499950">
    <ele>191.9</ele>
    <time>2025-11-20T08:15:20Z</time>
   </trkpt>
   <trkpt lat="7.0379150" lon="125.4500100">
    <ele>191.6</ele>
    <time>2025-11-20T08:15:21Z</time>
   </trkpt>
   <trkpt lat="7.0379190" lon="125.4500220">
    <ele>191.4</ele>
    <time>2025-11-20T08:15:22Z</time>
   </trkpt>
   <trkpt lat="7.0379240" lon="125.4500370">
    <ele>191.2</ele>
    <time>2025-11-20T08:15:23Z</time>
   </trkpt>
   <trkpt lat="7.0379290" lon="125.4500500">
    <ele>191.0</ele>
    <time>2025-11-20T08:15:24Z</time>
   </trkpt>
   <trkpt lat="7.0379370" lon="125.4500600">
    <ele>190.8</ele>
    <time>2025-11-20T08:15:25Z</time>
   </trkpt>
   <trkpt lat="7.0379460" lon="125.4500670">
    <ele>190.6</ele>
    <time>2025-11-20T08:15:26Z</time>
   </trkpt>
   <trkpt lat="7.0379510" lon="125.4500760">
    <ele>190.4</ele>
    <time>2025-11-20T08:15:27Z</time>
   </trkpt>
   <trkpt lat="7.0379500" lon="125.4500840">
    <ele>190.3</ele>
    <time>2025-11-20T08:15:28Z</time>
   </trkpt>
   <trkpt lat="7.0379550" lon="125.4500970">
    <ele>190.1</ele>
    <time>2025-11-20T08:15:29Z</time>
   </trkpt>
   <trkpt lat="7.0379600" lon="125.4501080">
    <ele>189.9</ele>
    <time>2025-11-20T08:15:30Z</time>
   </trkpt>
   <trkpt lat="7.0379600" lon="125.4501140">
    <ele>189.8</ele>
    <time>2025-11-20T08:15:31Z</time>
   </trkpt>
   <trkpt lat="7.0379590" lon="125.4501190">
    <ele>189.8</ele>
    <time>2025-11-20T08:15:32Z</time>
   </trkpt>
   <trkpt lat="7.0379560" lon="125.4501310">
    <ele>189.6</ele>
    <time>2025-11-20T08:15:33Z</time>
   </trkpt>
   <trkpt lat="7.0379580" lon="125.4501450">
    <ele>189.4</ele>
    <time>2025-11-20T08:15:34Z</time>
   </trkpt>
   <trkpt lat="7.0379640" lon="125.4501610">
    <ele>189.1</ele>
    <time>2025-11-20T08:15:35Z</time>
   </trkpt>
   <trkpt lat="7.0379690" lon="125.4501720">
    <ele>189.0</ele>
    <time>2025-11-20T08:15:36Z</time>
   </trkpt>
   <trkpt lat="7.0379740" lon="125.4501850">
    <ele>188.8</ele>
    <time>2025-11-20T08:15:37Z</time>
   </trkpt>
   <trkpt lat="7.0379730" lon="125.4501900">
    <ele>188.7</ele>
    <time>2025-11-20T08:15:38Z</time>
   </trkpt>
   <trkpt lat="7.0379740" lon="125.4501990">
    <ele>188.6</ele>
    <time>2025-11-20T08:15:39Z</time>
   </trkpt>
   <trkpt lat="7.0379770" lon="125.4502060">
    <ele>188.5</ele>
    <time>2025-11-20T08:15:40Z</time>
   </trkpt>
   <trkpt lat="7.0379810" lon="125.4502110">
    <ele>188.4</ele>
    <time>2025-11-20T08:15:41Z</time>
   </trkpt>
   <trkpt lat="7.0379820" lon="125.4502100">
    <ele>188.4</ele>
    <time>2025-11-20T08:15:42Z</time>
   </trkpt>
   <trkpt lat="7.0379800" lon="125.4502080">
    <ele>188.3</ele>
    <time>2025-11-20T08:15:43Z</time>
   </trkpt>
   <trkpt lat="7.0379790" lon="125.4502080">
    <ele>188.3</ele>
    <time>2025-11-20T08:15:44Z</time>
   </trkpt>
   <trkpt lat="7.0379730" lon="125.4502100">
    <ele>188.2</ele>
    <time>2025-11-20T08:15:45Z</time>
   </trkpt>
   <trkpt lat="7.0379620" lon="125.4502090">
    <ele>188.1</ele>
    <time>2025-11-20T08:15:46Z</time>
   </trkpt>
   <trkpt lat="7.0379560" lon="125.4502160">
    <ele>187.9</ele>
    <time>2025-11-20T08:15:47Z</time>
   </trkpt>
   <trkpt lat="7.0379590" lon="125.4502170">
    <ele>187.9</ele>
    <time>2025-11-20T08:15:48Z</time>
   </trkpt>
   <trkpt lat="7.0379570" lon="125.4502190">
    <ele>187.9</ele>
    <time>2025-11-20T08:15:49Z</time>
   </trkpt>
   <trkpt lat="7.0379540" lon="125.4502200">
    <ele>187.8</ele>
    <time>2025-11-20T08:15:50Z</time>
   </trkpt>
   <trkpt lat="7.0379540" lon="125.4502200">
    <ele>187.8</ele>
    <time>2025-11-20T08:15:51Z</time>
   </trkpt>
   <trkpt lat="7.0379550" lon="125.4502270">
    <ele>187.7</ele>
    <time>2025-11-20T08:15:52Z</time>
   </trkpt>
   <trkpt lat="7.0379600" lon="125.4502310">
    <ele>187.6</ele>
    <time>2025-11-20T08:15:53Z</time>
   </trkpt>
   <trkpt lat="7.0379720" lon="125.4502340">
    <ele>187.4</ele>
    <time>2025-11-20T08:15:54Z</time>
   </trkpt>
   <trkpt lat="7.0379710" lon="125.4502420">
    <ele>187.3</ele>
    <time>2025-11-20T08:15:55Z</time>
   </trkpt>
   <trkpt lat="7.0379720" lon="125.4502510">
    <ele>187.2</ele>
    <time>2025-11-20T08:15:56Z</time>
   </trkpt>
   <trkpt lat="7.0379740" lon="125.4502660">
    <ele>187.0</ele>
    <time>2025-11-20T08:15:57Z</time>
   </trkpt>
   <trkpt lat="7.0379730" lon="125.4502730">
    <ele>186.9</ele>
    <time>2025-11-20T08:15:58Z</time>
   </trkpt>
   <trkpt lat="7.0379770" lon="125.4502940">
    <ele>186.5</ele>
    <time>2025-11-20T08:15:59Z</time>
   </trkpt>
   <trkpt lat="7.0379790" lon="125.4502990">
    <ele>186.5</ele>
    <time>2025-11-20T08:16:00Z</time>
   </trkpt>
   <trkpt lat="7.0379810" lon="125.4503050">
    <ele>186.4</ele>
    <time>2025-11-20T08:16:01Z</time>
   </trkpt>
   <trkpt lat="7.0379830" lon="125.4503110">
    <ele>186.3</ele>
    <time>2025-11-20T08:16:02Z</time>
   </trkpt>
   <trkpt lat="7.0379800" lon="125.4503210">
    <ele>186.1</ele>
    <time>2025-11-20T08:16:03Z</time>
   </trkpt>
   <trkpt lat="7.0379780" lon="125.4503340">
    <ele>185.9</ele>
    <time>2025-11-20T08:16:04Z</time>
   </trkpt>
   <trkpt lat="7.0379750" lon="125.4503420">
    <ele>185.7</ele>
    <time>2025-11-20T08:16:05Z</time>
   </trkpt>
   <trkpt lat="7.0379820" lon="125.4503550">
    <ele>185.5</ele>
    <time>2025-11-20T08:16:06Z</time>
   </trkpt>
   <trkpt lat="7.0379840" lon="125.4503700">
    <ele>185.2</ele>
    <time>2025-11-20T08:16:07Z</time>
   </trkpt>
   <trkpt lat="7.0379850" lon="125.4503920">
    <ele>184.9</ele>
    <time>2025-11-20T08:16:08Z</time>
   </trkpt>
   <trkpt lat="7.0379840" lon="125.4504000">
    <ele>184.7</ele>
    <time>2025-11-20T08:16:09Z</time>
   </trkpt>
   <trkpt lat="7.0379840" lon="125.4504090">
    <ele>184.6</ele>
    <time>2025-11-20T08:16:10Z</time>
   </trkpt>
   <trkpt lat="7.0379810" lon="125.4504260">
    <ele>184.3</ele>
    <time>2025-11-20T08:16:11Z</time>
   </trkpt>
   <trkpt lat="7.0379810" lon="125.4504420">
    <ele>184.0</ele>
    <time>2025-11-20T08:16:12Z</time>
   </trkpt>
   <trkpt lat="7.0379840" lon="125.4504530">
    <ele>183.8</ele>
    <time>2025-11-20T08:16:13Z</time>
   </trkpt>
   <trkpt lat="7.0379790" lon="125.4504600">
    <ele>183.7</ele>
    <time>2025-11-20T08:16:14Z</time>
   </trkpt>
   <trkpt lat="7.0379700" lon="125.4504740">
    <ele>183.4</ele>
    <time>2025-11-20T08:16:15Z</time>
   </trkpt>
   <trkpt lat="7.0379670" lon="125.4504820">
    <ele>183.3</ele>
    <time>2025-11-20T08:16:16Z</time>
   </trkpt>
   <trkpt lat="7.0379580" lon="125.4504930">
    <ele>183.0</ele>
    <time>2025-11-20T08:16:17Z</time>
   </trkpt>
   <trkpt lat="7.0379440" lon="125.4504980">
    <ele>182.8</ele>
    <time>2025-11-20T08:16:18Z</time>
   </trkpt>
   <trkpt lat="7.0379400" lon="125.4505090">
    <ele>182.5</ele>
    <time>2025-11-20T08:16:19Z</time>
   </trkpt>
   <trkpt lat="7.0379370" lon="125.4505150">
    <ele>182.4</ele>
    <time>2025-11-20T08:16:20Z</time>
   </trkpt>
   <trkpt lat="7.0379250" lon="125.4505170">
    <ele>182.3</ele>
    <time>2025-11-20T08:16:21Z</time>
   </trkpt>
   <trkpt lat="7.0379030" lon="125.4505160">
    <ele>182.1</ele>
    <time>2025-11-20T08:16:22Z</time>
   </trkpt>
   <trkpt lat="7.0378950" lon="125.4505090">
    <ele>182.0</ele>
    <time>2025-11-20T08:16:23Z</time>
   </trkpt>
   <trkpt lat="7.0378870" lon="125.4505030">
    <ele>181.9</ele>
    <time>2025-11-20T08:16:24Z</time>
   </trkpt>
   <trkpt lat="7.0378650" lon="125.4504990">
    <ele>181.6</ele>
    <time>2025-11-20T08:16:25Z</time>
   </trkpt>
   <trkpt lat="7.0378540" lon="125.4504990">
    <ele>181.5</ele>
    <time>2025-11-20T08:16:26Z</time>
   </trkpt>
   <trkpt lat="7.0378430" lon="125.4504980">
    <ele>181.4</ele>
    <time>2025-11-20T08:16:27Z</time>
   </trkpt>
   <trkpt lat="7.0378250" lon="125.4505010">
    <ele>181.2</ele>
    <time>2025-11-20T08:16:28Z</time>
   </trkpt>
   <trkpt lat="7.0378140" lon="125.4505090">
    <ele>181.1</ele>
    <time>2025-11-20T08:16:29Z</time>
   </trkpt>
   <trkpt lat="7.0378010" lon="125.4505180">
    <ele>181.0</ele>
    <time>2025-11-20T08:16:30Z</time>
   </trkpt>
   <trkpt lat="7.0377980" lon="125.4505270">
    <ele>180.9</ele>
    <time>2025-11-20T08:16:31Z</time>
   </trkpt>
   <trkpt lat="7.0377940" lon="125.4505300">
    <ele>180.8</ele>
    <time>2025-11-20T08:16:32Z</time>
   </trkpt>
   <trkpt lat="7.0377840" lon="125.4505290">
    <ele>180.7</ele>
    <time>2025-11-20T08:16:33Z</time>
   </trkpt>
   <trkpt lat="7.0377620" lon="125.4505320">
    <ele>180.5</ele>
    <time>2025-11-20T08:16:34Z</time>
   </trkpt>
   <trkpt lat="7.0377550" lon="125.4505260">
    <ele>180.4</ele>
    <time>2025-11-20T08:16:35Z</time>
   </trkpt>
   <trkpt lat="7.0377410" lon="125.4505210">
    <ele>180.3</ele>
    <time>2025-11-20T08:16:36Z</time>
   </trkpt>
   <trkpt lat="7.0377310" lon="125.4505370">
    <ele>180.2</ele>
    <time>2025-11-20T08:16:37Z</time>
   </trkpt>
   <trkpt lat="7.0377230" lon="125.4505430">
    <ele>180.1</ele>
    <time>2025-11-20T08:16:38Z</time>
   </trkpt>
   <trkpt lat="7.0377120" lon="125.4505480">
    <ele>180.0</ele>
    <time>2025-11-20T08:16:39Z</time>
   </trkpt>
   <trkpt lat="7.0377000" lon="125.4505540">
    <ele>179.9</ele>
    <time>2025-11-20T08:16:40Z</time>
   </trkpt>
   <trkpt lat="7.0376860" lon="125.4505560">
    <ele>179.8</ele>
    <time>2025-11-20T08:16:41Z</time>
   </trkpt>
   <trkpt lat="7.0376810" lon="125.4505480">
    <ele>179.7</ele>
    <time>2025-11-20T08:16:42Z</time>
   </trkpt>
   <trkpt lat="7.0376660" lon="125.4505530">
    <ele>179.6</ele>
    <time>2025-11-20T08:16:43Z</time>
   </trkpt>
   <trkpt lat="7.0376640" lon="125.4505510">
    <ele>179.5</ele>
    <time>2025-11-20T08:16:44Z</time>
   </trkpt>
   <trkpt lat="7.0376640" lon="125.4505530">
    <ele>179.5</ele>
    <time>2025-11-20T08:16:45Z</time>
   </trkpt>
   <trkpt lat="7.0376620" lon="125.4505540">
    <ele>179.5</ele>
    <time>2025-11-20T08:16:46Z</time>
   </trkpt>
   <trkpt lat="7.0376560" lon="125.4505490">
    <ele>179.5</ele>
    <time>2025-11-20T08:16:47Z</time>
   </trkpt>
   <trkpt lat="7.0376540" lon="125.4505440">
    <ele>179.4</ele>
    <time>2025-11-20T08:16:48Z</time>
   </trkpt>
   <trkpt lat="7.0376440" lon="125.4505350">
    <ele>179.3</ele>
    <time>2025-11-20T08:16:49Z</time>
   </trkpt>
   <trkpt lat="7.0376380" lon="125.4505300">
    <ele>179.3</ele>
    <time>2025-11-20T08:16:50Z</time>
   </trkpt>
   <trkpt lat="7.0376380" lon="125.4505200">
    <ele>179.2</ele>
    <time>2025-11-20T08:16:51Z</time>
   </trkpt>
   <trkpt lat="7.0376300" lon="125.4505110">
    <ele>179.1</ele>
    <time>2025-11-20T08:16:52Z</time>
   </trkpt>
   <trkpt lat="7.0376280" lon="125.4505070">
    <ele>179.1</ele>
    <time>2025-11-20T08:16:53Z</time>
   </trkpt>
   <trkpt lat="7.0376280" lon="125.4505190">
    <ele>179.0</ele>
    <time>2025-11-20T08:16:54Z</time>
   </trkpt>
   <trkpt lat="7.0376190" lon="125.4505150">
    <ele>179.0</ele>
    <time>2025-11-20T08:16:55Z</time>
   </trkpt>
   <trkpt lat="7.0376050" lon="125.4505130">
    <ele>178.9</ele>
    <time>2025-11-20T08:16:56Z</time>
   </trkpt>
   <trkpt lat="7.0376010" lon="125.4505070">
    <ele>178.8</ele>
    <time>2025-11-20T08:16:57Z</time>
   </trkpt>
   <trkpt lat="7.0375920" lon="125.4505070">
    <ele>178.8</ele>
    <time>2025-11-20T08:16:58Z</time>
   </trkpt>
   <trkpt lat="7.0375870" lon="125.4505070">
    <ele>178.7</ele>
    <time>2025-11-20T08:16:59Z</time>
   </trkpt>
   <trkpt lat="7.0375860" lon="125.4504970">
    <ele>178.7</ele>
    <time>2025-11-20T08:17:00Z</time>
   </trkpt>
   <trkpt lat="7.0375890" lon="125.4504900">
    <ele>178.6</ele>
    <time>2025-11-20T08:17:01Z</time>
   </trkpt>
   <trkpt lat="7.0375920" lon="125.4504810">
    <ele>178.6</ele>
    <time>2025-11-20T08:17:02Z</time>
   </trkpt>
   <trkpt lat="7.0375860" lon="125.4504790">
    <ele>178.6</ele>
    <time>2025-11-20T08:17:03Z</time>
   </trkpt>
   <trkpt lat="7.0375860" lon="125.4504790">
    <ele>178.6</ele>
    <time>2025-11-20T08:17:04Z</time>
   </trkpt>
   <trkpt lat="7.0375850" lon="125.4504740">
    <ele>178.5</ele>
    <time>2025-11-20T08:17:05Z</time>
   </trkpt>
   <trkpt lat="7.0375850" lon="125.4504770">
    <ele>178.5</ele>
    <time>2025-11-20T08:17:06Z</time>
   </trkpt>
   <trkpt lat="7.0375800" lon="125.4504780">
    <ele>178.5</ele>
    <time>2025-11-20T08:17:07Z</time>
   </trkpt>
   <trkpt lat="7.0375760" lon="125.4504740">
    <ele>178.5</ele>
    <time>2025-11-20T08:17:08Z</time>
   </trkpt>
   <trkpt lat="7.0375770" lon="125.4504720">
    <ele>178.4</ele>
    <time>2025-11-20T08:17:09Z</time>
   </trkpt>
   <trkpt lat="7.0375820" lon="125.4504820">
    <ele>178.4</ele>
    <time>2025-11-20T08:17:10Z</time>
   </trkpt>
   <trkpt lat="7.0375860" lon="125.4504930">
    <ele>178.3</ele>
    <time>2025-11-20T08:17:11Z</time>
   </trkpt>
   <trkpt lat="7.0375910" lon="125.4505000">
    <ele>178.3</ele>
    <time>2025-11-20T08:17:12Z</time>
   </trkpt>
   <trkpt lat="7.0375980" lon="125.4505050">
    <ele>178.2</ele>
    <time>2025-11-20T08:17:13Z</time>
   </trkpt>
   <trkpt lat="7.0376060" lon="125.4505070">
    <ele>178.2</ele>
    <time>2025-11-20T08:17:14Z</time>
   </trkpt>
   <trkpt lat="7.0376120" lon="125.4505100">
    <ele>178.2</ele>
    <time>2025-11-20T08:17:15Z</time>
   </trkpt>
   <trkpt lat="7.0376180" lon="125.4505230">
    <ele>178.1</ele>
    <time>2025-11-20T08:17:16Z</time>
   </trkpt>
   <trkpt lat="7.0376200" lon="125.4505200">
    <ele>178.1</ele>
    <time>2025-11-20T08:17:17Z</time>
   </trkpt>
   <trkpt lat="7.0376210" lon="125.4505200">
    <ele>178.1</ele>
    <time>2025-11-20T08:17:18Z</time>
   </trkpt>
   <trkpt lat="7.0376230" lon="125.4505210">
    <ele>178.1</ele>
    <time>2025-11-20T08:17:19Z</time>
   </trkpt>
   <trkpt lat="7.0376250" lon="125.4505210">
    <ele>178.1</ele>
    <time>2025-11-20T08:17:20Z</time>
   </trkpt>
   <trkpt lat="7.0376270" lon="125.4505220">
    <ele>178.1</ele>
    <time>2025-11-20T08:17:21Z</time>
   </trkpt>
   <trkpt lat="7.0376280" lon="125.4505230">
    <ele>178.1</ele>
    <time>2025-11-20T08:17:22Z</time>
   </trkpt>
   <trkpt lat="7.0376300" lon="125.4505230">
    <ele>178.1</ele>
    <time>2025-11-20T08:17:23Z</time>
   </trkpt>
   <trkpt lat="7.0376320" lon="125.4505240">
    <ele>178.1</ele>
    <time>2025-11-20T08:17:24Z</time>
   </trkpt>
   <trkpt lat="7.0376330" lon="125.4505250">
    <ele>178.1</ele>
    <time>2025-11-20T08:17:25Z</time>
   </trkpt>
   <trkpt lat="7.0376350" lon="125.4505250">
    <ele>178.1</ele>
    <time>2025-11-20T08:17:26Z</time>
   </trkpt>
   <trkpt lat="7.0376370" lon="125.4505260">
    <ele>178.1</ele>
    <time>2025-11-20T08:17:27Z</time>
   </trkpt>
   <trkpt lat="7.0376390" lon="125.4505260">
    <ele>178.1</ele>
    <time>2025-11-20T08:17:28Z</time>
   </trkpt>
   <trkpt lat="7.0376400" lon="125.4505270">
    <ele>178.0</ele>
    <time>2025-11-20T08:17:29Z</time>
   </trkpt>
   <trkpt lat="7.0376420" lon="125.4505280">
    <ele>178.0</ele>
    <time>2025-11-20T08:17:30Z</time>
   </trkpt>
   <trkpt lat="7.0376440" lon="125.4505280">
    <ele>178.0</ele>
    <time>2025-11-20T08:17:31Z</time>
   </trkpt>
   <trkpt lat="7.0376450" lon="125.4505290">
    <ele>178.0</ele>
    <time>2025-11-20T08:17:32Z</time>
   </trkpt>
   <trkpt lat="7.0376470" lon="125.4505290">
    <ele>178.0</ele>
    <time>2025-11-20T08:17:33Z</time>
   </trkpt>
   <trkpt lat="7.0376490" lon="125.4505300">
    <ele>178.0</ele>
    <time>2025-11-20T08:17:34Z</time>
   </trkpt>
   <trkpt lat="7.0376500" lon="125.4505310">
    <ele>178.0</ele>
    <time>2025-11-20T08:17:35Z</time>
   </trkpt>
   <trkpt lat="7.0376520" lon="125.4505310">
    <ele>178.0</ele>
    <time>2025-11-20T08:17:36Z</time>
   </trkpt>
   <trkpt lat="7.0376540" lon="125.4505320">
    <ele>178.0</ele>
    <time>2025-11-20T08:17:37Z</time>
   </trkpt>
   <trkpt lat="7.0376560" lon="125.4505320">
    <ele>178.0</ele>
    <time>2025-11-20T08:17:38Z</time>
   </trkpt>
   <trkpt lat="7.0376570" lon="125.4505330">
    <ele>178.0</ele>
    <time>2025-11-20T08:17:39Z</time>
   </trkpt>
   <trkpt lat="7.0376590" lon="125.4505340">
    <ele>178.0</ele>
    <time>2025-11-20T08:17:40Z</time>
   </trkpt>
   <trkpt lat="7.0376610" lon="125.4505340">
    <ele>178.0</ele>
    <time>2025-11-20T08:17:41Z</time>
   </trkpt>
   <trkpt lat="7.0376620" lon="125.4505350">
    <ele>178.0</ele>
    <time>2025-11-20T08:17:42Z</time>
   </trkpt>
   <trkpt lat="7.0376640" lon="125.4505360">
    <ele>178.0</ele>
    <time>2025-11-20T08:17:43Z</time>
   </trkpt>
   <trkpt lat="7.0376660" lon="125.4505360">
    <ele>177.9</ele>
    <time>2025-11-20T08:17:44Z</time>
   </trkpt>
   <trkpt lat="7.0376680" lon="125.4505370">
    <ele>177.9</ele>
    <time>2025-11-20T08:17:45Z</time>
   </trkpt>
   <trkpt lat="7.0376690" lon="125.4505370">
    <ele>177.9</ele>
    <time>2025-11-20T08:17:46Z</time>
   </trkpt>
   <trkpt lat="7.0376710" lon="125.4505380">
    <ele>177.9</ele>
    <time>2025-11-20T08:17:47Z</time>
   </trkpt>
   <trkpt lat="7.0376490" lon="125.4504860">
    <ele>177.8</ele>
    <time>2025-11-20T08:17:48Z</time>
   </trkpt>
   <trkpt lat="7.0376300" lon="125.4505110">
    <ele>177.8</ele>
    <time>2025-11-20T08:17:49Z</time>
   </trkpt>
   <trkpt lat="7.0376030" lon="125.4505230">
    <ele>177.7</ele>
    <time>2025-11-20T08:17:50Z</time>
   </trkpt>
   <trkpt lat="7.0375930" lon="125.4505290">
    <ele>177.7</ele>
    <time>2025-11-20T08:17:51Z</time>
   </trkpt>
   <trkpt lat="7.0375830" lon="125.4505310">
    <ele>177.7</ele>
    <time>2025-11-20T08:17:52Z</time>
   </trkpt>
   <trkpt lat="7.0375740" lon="125.4505300">
    <ele>177.7</ele>
    <time>2025-11-20T08:17:53Z</time>
   </trkpt>
   <trkpt lat="7.0375580" lon="125.4505340">
    <ele>177.7</ele>
    <time>2025-11-20T08:17:54Z</time>
   </trkpt>
   <trkpt lat="7.0375470" lon="125.4505400">
    <ele>177.7</ele>
    <time>2025-11-20T08:17:55Z</time>
   </trkpt>
   <trkpt lat="7.0375530" lon="125.4505400">
    <ele>177.7</ele>
    <time>2025-11-20T08:17:56Z</time>
   </trkpt>
   <trkpt lat="7.0375610" lon="125.4505370">
    <ele>177.7</ele>
    <time>2025-11-20T08:17:57Z</time>
   </trkpt>
   <trkpt lat="7.0375620" lon="125.4505380">
    <ele>177.7</ele>
    <time>2025-11-20T08:17:58Z</time>
   </trkpt>
   <trkpt lat="7.0375710" lon="125.4505370">
    <ele>177.7</ele>
    <time>2025-11-20T08:17:59Z</time>
   </trkpt>
   <trkpt lat="7.0375730" lon="125.4505490">
    <ele>177.7</ele>
    <time>2025-11-20T08:18:00Z</time>
   </trkpt>
   <trkpt lat="7.0375710" lon="125.4505640">
    <ele>177.8</ele>
    <time>2025-11-20T08:18:01Z</time>
   </trkpt>
   <trkpt lat="7.0375680" lon="125.4505800">
    <ele>177.8</ele>
    <time>2025-11-20T08:18:02Z</time>
   </trkpt>
   <trkpt lat="7.0375710" lon="125.4505880">
    <ele>177.8</ele>
    <time>2025-11-20T08:18:03Z</time>
   </trkpt>
   <trkpt lat="7.0375730" lon="125.4505970">
    <ele>177.8</ele>
    <time>2025-11-20T08:18:04Z</time>
   </trkpt>
   <trkpt lat="7.0375760" lon="125.4506050">
    <ele>177.9</ele>
    <time>2025-11-20T08:18:05Z</time>
   </trkpt>
   <trkpt lat="7.0375810" lon="125.4506210">
    <ele>177.9</ele>
    <time>2025-11-20T08:18:06Z</time>
   </trkpt>
   <trkpt lat="7.0375840" lon="125.4506300">
    <ele>177.9</ele>
    <time>2025-11-20T08:18:07Z</time>
   </trkpt>
   <trkpt lat="7.0375790" lon="125.4506400">
    <ele>177.9</ele>
    <time>2025-11-20T08:18:08Z</time>
   </trkpt>
   <trkpt lat="7.0375760" lon="125.4506620">
    <ele>178.0</ele>
    <time>2025-11-20T08:18:09Z</time>
   </trkpt>
   <trkpt lat="7.0375730" lon="125.4506480">
    <ele>178.0</ele>
    <time>2025-11-20T08:18:10Z</time>
   </trkpt>
   <trkpt lat="7.0375770" lon="125.4506430">
    <ele>178.0</ele>
    <time>2025-11-20T08:18:11Z</time>
   </trkpt>
   <trkpt lat="7.0375710" lon="125.4506460">
    <ele>178.0</ele>
    <time>2025-11-20T08:18:12Z</time>
   </trkpt>
   <trkpt lat="7.0375680" lon="125.4506440">
    <ele>178.0</ele>
    <time>2025-11-20T08:18:13Z</time>
   </trkpt>
   <trkpt lat="7.0375640" lon="125.4506450">
    <ele>178.1</ele>
    <time>2025-11-20T08:18:14Z</time>
   </trkpt>
   <trkpt lat="7.0375500" lon="125.4506550">
    <ele>178.1</ele>
    <time>2025-11-20T08:18:15Z</time>
   </trkpt>
   <trkpt lat="7.0375320" lon="125.4506660">
    <ele>178.1</ele>
    <time>2025-11-20T08:18:16Z</time>
   </trkpt>
   <trkpt lat="7.0375250" lon="125.4506790">
    <ele>178.2</ele>
    <time>2025-11-20T08:18:17Z</time>
   </trkpt>
   <trkpt lat="7.0375040" lon="125.4506990">
    <ele>178.2</ele>
    <time>2025-11-20T08:18:18Z</time>
   </trkpt>
   <trkpt lat="7.0374960" lon="125.4507010">
    <ele>178.3</ele>
    <time>2025-11-20T08:18:19Z</time>
   </trkpt>
   <trkpt lat="7.0374770" lon="125.4507040">
    <ele>178.3</ele>
    <time>2025-11-20T08:18:20Z</time>
   </trkpt>
   <trkpt lat="7.0374610" lon="125.4507080">
    <ele>178.4</ele>
    <time>2025-11-20T08:18:21Z</time>
   </trkpt>
   <trkpt lat="7.0374460" lon="125.4507050">
    <ele>178.4</ele>
    <time>2025-11-20T08:18:22Z</time>
   </trkpt>
   <trkpt lat="7.0374400" lon="125.4507230">
    <ele>178.5</ele>
    <time>2025-11-20T08:18:23Z</time>
   </trkpt>
   <trkpt lat="7.0374310" lon="125.4507240">
    <ele>178.5</ele>
    <time>2025-11-20T08:18:24Z</time>
   </trkpt>
   <trkpt lat="7.0374170" lon="125.4507240">
    <ele>178.6</ele>
    <time>2025-11-20T08:18:25Z</time>
   </trkpt>
   <trkpt lat="7.0374030" lon="125.4507330">
    <ele>178.7</ele>
    <time>2025-11-20T08:18:26Z</time>
   </trkpt>
   <trkpt lat="7.0373890" lon="125.4507370">
    <ele>178.8</ele>
    <time>2025-11-20T08:18:27Z</time>
   </trkpt>
   <trkpt lat="7.0373750" lon="125.4507320">
    <ele>178.9</ele>
    <time>2025-11-20T08:18:28Z</time>
   </trkpt>
   <trkpt lat="7.0373610" lon="125.4507330">
    <ele>178.9</ele>
    <time>2025-11-20T08:18:29Z</time>
   </trkpt>
   <trkpt lat="7.0373480" lon="125.4507260">
    <ele>179.0</ele>
    <time>2025-11-20T08:18:30Z</time>
   </trkpt>
   <trkpt lat="7.0373350" lon="125.4507330">
    <ele>179.2</ele>
    <time>2025-11-20T08:18:31Z</time>
   </trkpt>
   <trkpt lat="7.0373290" lon="125.4507200">
    <ele>179.3</ele>
    <time>2025-11-20T08:18:32Z</time>
   </trkpt>
   <trkpt lat="7.0373260" lon="125.4507110">
    <ele>179.3</ele>
    <time>2025-11-20T08:18:33Z</time>
   </trkpt>
   <trkpt lat="7.0373240" lon="125.4507070">
    <ele>179.4</ele>
    <time>2025-11-20T08:18:34Z</time>
   </trkpt>
   <trkpt lat="7.0373160" lon="125.4507050">
    <ele>179.4</ele>
    <time>2025-11-20T08:18:35Z</time>
   </trkpt>
   <trkpt lat="7.0373130" lon="125.4507040">
    <ele>179.5</ele>
    <time>2025-11-20T08:18:36Z</time>
   </trkpt>
   <trkpt lat="7.0373030" lon="125.4507110">
    <ele>179.6</ele>
    <time>2025-11-20T08:18:37Z</time>
   </trkpt>
   <trkpt lat="7.0373050" lon="125.4507170">
    <ele>179.6</ele>
    <time>2025-11-20T08:18:38Z</time>
   </trkpt>
   <trkpt lat="7.0372960" lon="125.4507220">
    <ele>179.7</ele>
    <time>2025-11-20T08:18:39Z</time>
   </trkpt>
   <trkpt lat="7.0372880" lon="125.4507230">
    <ele>179.8</ele>
    <time>2025-11-20T08:18:40Z</time>
   </trkpt>
   <trkpt lat="7.0372870" lon="125.4507220">
    <ele>179.8</ele>
    <time>2025-11-20T08:18:41Z</time>
   </trkpt>
   <trkpt lat="7.0372770" lon="125.4507210">
    <ele>179.9</ele>
    <time>2025-11-20T08:18:42Z</time>
   </trkpt>
   <trkpt lat="7.0372680" lon="125.4507220">
    <ele>180.0</ele>
    <time>2025-11-20T08:18:43Z</time>
   </trkpt>
   <trkpt lat="7.0372670" lon="125.4507380">
    <ele>180.2</ele>
    <time>2025-11-20T08:18:44Z</time>
   </trkpt>
   <trkpt lat="7.0372700" lon="125.4507450">
    <ele>180.2</ele>
    <time>2025-11-20T08:18:45Z</time>
   </trkpt>
   <trkpt lat="7.0372720" lon="125.4507520">
    <ele>180.3</ele>
    <time>2025-11-20T08:18:46Z</time>
   </trkpt>
   <trkpt lat="7.0372750" lon="125.4507590">
    <ele>180.4</ele>
    <time>2025-11-20T08:18:47Z</time>
   </trkpt>
   <trkpt lat="7.0372680" lon="125.4507620">
    <ele>180.5</ele>
    <time>2025-11-20T08:18:48Z</time>
   </trkpt>
   <trkpt lat="7.0372640" lon="125.4507720">
    <ele>180.5</ele>
    <time>2025-11-20T08:18:49Z</time>
   </trkpt>
   <trkpt lat="7.0372600" lon="125.4507700">
    <ele>180.6</ele>
    <time>2025-11-20T08:18:50Z</time>
   </trkpt>
   <trkpt lat="7.0372530" lon="125.4507790">
    <ele>180.7</ele>
    <time>2025-11-20T08:18:51Z</time>
   </trkpt>
   <trkpt lat="7.0372430" lon="125.4507890">
    <ele>180.8</ele>
    <time>2025-11-20T08:18:52Z</time>
   </trkpt>
   <trkpt lat="7.0372320" lon="125.4507950">
    <ele>180.9</ele>
    <time>2025-11-20T08:18:53Z</time>
   </trkpt>
   <trkpt lat="7.0372300" lon="125.4507950">
    <ele>181.0</ele>
    <time>2025-11-20T08:18:54Z</time>
   </trkpt>
   <trkpt lat="7.0372250" lon="125.4508130">
    <ele>181.1</ele>
    <time>2025-11-20T08:18:55Z</time>
   </trkpt>
   <trkpt lat="7.0372270" lon="125.4508230">
    <ele>181.2</ele>
    <time>2025-11-20T08:18:56Z</time>
   </trkpt>
   <trkpt lat="7.0372280" lon="125.4508320">
    <ele>181.3</ele>
    <time>2025-11-20T08:18:57Z</time>
   </trkpt>
   <trkpt lat="7.0372270" lon="125.4508430">
    <ele>181.4</ele>
    <time>2025-11-20T08:18:58Z</time>
   </trkpt>
   <trkpt lat="7.0372210" lon="125.4508510">
    <ele>181.5</ele>
    <time>2025-11-20T08:18:59Z</time>
   </trkpt>
   <trkpt lat="7.0372160" lon="125.4508630">
    <ele>181.6</ele>
    <time>2025-11-20T08:19:00Z</time>
   </trkpt>
   <trkpt lat="7.0372110" lon="125.4508840">
    <ele>181.8</ele>
    <time>2025-11-20T08:19:01Z</time>
   </trkpt>
   <trkpt lat="7.0372200" lon="125.4508910">
    <ele>181.9</ele>
    <time>2025-11-20T08:19:02Z</time>
   </trkpt>
   <trkpt lat="7.0372190" lon="125.4509000">
    <ele>182.0</ele>
    <time>2025-11-20T08:19:03Z</time>
   </trkpt>
   <trkpt lat="7.0372220" lon="125.4509020">
    <ele>182.0</ele>
    <time>2025-11-20T08:19:04Z</time>
   </trkpt>
   <trkpt lat="7.0372180" lon="125.4509030">
    <ele>182.1</ele>
    <time>2025-11-20T08:19:05Z</time>
   </trkpt>
   <trkpt lat="7.0372120" lon="125.4509030">
    <ele>182.1</ele>
    <time>2025-11-20T08:19:06Z</time>
   </trkpt>
   <trkpt lat="7.0372040" lon="125.4509000">
    <ele>182.2</ele>
    <time>2025-11-20T08:19:07Z</time>
   </trkpt>
   <trkpt lat="7.0372020" lon="125.4509130">
    <ele>182.3</ele>
    <time>2025-11-20T08:19:08Z</time>
   </trkpt>
   <trkpt lat="7.0371970" lon="125.4509190">
    <ele>182.4</ele>
    <time>2025-11-20T08:19:09Z</time>
   </trkpt>
   <trkpt lat="7.0371850" lon="125.4509210">
    <ele>182.6</ele>
    <time>2025-11-20T08:19:10Z</time>
   </trkpt>
   <trkpt lat="7.0371760" lon="125.4509170">
    <ele>182.7</ele>
    <time>2025-11-20T08:19:11Z</time>
   </trkpt>
   <trkpt lat="7.0371670" lon="125.4509140">
    <ele>182.8</ele>
    <time>2025-11-20T08:19:12Z</time>
   </trkpt>
   <trkpt lat="7.0371520" lon="125.4509190">
    <ele>182.9</ele>
    <time>2025-11-20T08:19:13Z</time>
   </trkpt>
   <trkpt lat="7.0371450" lon="125.4509220">
    <ele>183.0</ele>
    <time>2025-11-20T08:19:14Z</time>
   </trkpt>
   <trkpt lat="7.0371390" lon="125.4509240">
    <ele>183.1</ele>
    <time>2025-11-20T08:19:15Z</time>
   </trkpt>
   <trkpt lat="7.0371320" lon="125.4509270">
    <ele>183.1</ele>
    <time>2025-11-20T08:19:16Z</time>
   </trkpt>
   <trkpt lat="7.0371260" lon="125.4509400">
    <ele>183.3</ele>
    <time>2025-11-20T08:19:17Z</time>
   </trkpt>
   <trkpt lat="7.0371260" lon="125.4509460">
    <ele>183.4</ele>
    <time>2025-11-20T08:19:18Z</time>
   </trkpt>
   <trkpt lat="7.0371250" lon="125.4509530">
    <ele>183.4</ele>
    <time>2025-11-20T08:19:19Z</time>
   </trkpt>
   <trkpt lat="7.0371250" lon="125.4509590">
    <ele>183.5</ele>
    <time>2025-11-20T08:19:20Z</time>
   </trkpt>
   <trkpt lat="7.0371240" lon="125.4509650">
    <ele>183.6</ele>
    <time>2025-11-20T08:19:21Z</time>
   </trkpt>
   <trkpt lat="7.0371240" lon="125.4509760">
    <ele>183.7</ele>
    <time>2025-11-20T08:19:22Z</time>
   </trkpt>
   <trkpt lat="7.0371220" lon="125.4509820">
    <ele>183.8</ele>
    <time>2025-11-20T08:19:23Z</time>
   </trkpt>
   <trkpt lat="7.0371200" lon="125.4509890">
    <ele>183.9</ele>
    <time>2025-11-20T08:19:24Z</time>
   </trkpt>
   <trkpt lat="7.0371180" lon="125.4509950">
    <ele>183.9</ele>
    <time>2025-11-20T08:19:25Z</time>
   </trkpt>
   <trkpt lat="7.0371160" lon="125.4510020">
    <ele>184.0</ele>
    <time>2025-11-20T08:19:26Z</time>
   </trkpt>
   <trkpt lat="7.0371080" lon="125.4510020">
    <ele>184.1</ele>
    <time>2025-11-20T08:19:27Z</time>
   </trkpt>
   <trkpt lat="7.0370890" lon="125.4509770">
    <ele>184.5</ele>
    <time>2025-11-20T08:19:28Z</time>
   </trkpt>
   <trkpt lat="7.0370830" lon="125.4509800">
    <ele>184.6</ele>
    <time>2025-11-20T08:19:29Z</time>
   </trkpt>
   <trkpt lat="7.0370790" lon="125.4509780">
    <ele>184.6</ele>
    <time>2025-11-20T08:19:30Z</time>
   </trkpt>
   <trkpt lat="7.0370600" lon="125.4509800">
    <ele>184.9</ele>
    <time>2025-11-20T08:19:31Z</time>
   </trkpt>
   <trkpt lat="7.0370490" lon="125.4509810">
    <ele>185.0</ele>
    <time>2025-11-20T08:19:32Z</time>
   </trkpt>
   <trkpt lat="7.0370360" lon="125.4509850">
    <ele>185.2</ele>
    <time>2025-11-20T08:19:33Z</time>
   </trkpt>
   <trkpt lat="7.0370380" lon="125.4509860">
    <ele>185.2</ele>
    <time>2025-11-20T08:19:34Z</time>
   </trkpt>
   <trkpt lat="7.0370240" lon="125.4509870">
    <ele>185.4</ele>
    <time>2025-11-20T08:19:35Z</time>
   </trkpt>
   <trkpt lat="7.0370270" lon="125.4509870">
    <ele>185.5</ele>
    <time>2025-11-20T08:19:36Z</time>
   </trkpt>
   <trkpt lat="7.0370220" lon="125.4509940">
    <ele>185.6</ele>
    <time>2025-11-20T08:19:37Z</time>
   </trkpt>
   <trkpt lat="7.0370190" lon="125.4509970">
    <ele>185.7</ele>
    <time>2025-11-20T08:19:38Z</time>
   </trkpt>
   <trkpt lat="7.0370160" lon="125.4510030">
    <ele>185.8</ele>
    <time>2025-11-20T08:19:39Z</time>
   </trkpt>
   <trkpt lat="7.0370370" lon="125.4510120">
    <ele>186.1</ele>
    <time>2025-11-20T08:19:40Z</time>
   </trkpt>
   <trkpt lat="7.0370360" lon="125.4510210">
    <ele>186.2</ele>
    <time>2025-11-20T08:19:41Z</time>
   </trkpt>
   <trkpt lat="7.0370320" lon="125.4510210">
    <ele>186.3</ele>
    <time>2025-11-20T08:19:42Z</time>
   </trkpt>
   <trkpt lat="7.0370290" lon="125.4510280">
    <ele>186.4</ele>
    <time>2025-11-20T08:19:43Z</time>
   </trkpt>
   <trkpt lat="7.0370320" lon="125.4510400">
    <ele>186.6</ele>
    <time>2025-11-20T08:19:44Z</time>
   </trkpt>
   <trkpt lat="7.0370130" lon="125.4510640">
    <ele>187.0</ele>
    <time>2025-11-20T08:19:45Z</time>
   </trkpt>
   <trkpt lat="7.0370200" lon="125.4510490">
    <ele>187.3</ele>
    <time>2025-11-20T08:19:46Z</time>
   </trkpt>
   <trkpt lat="7.0370180" lon="125.4510680">
    <ele>187.6</ele>
    <time>2025-11-20T08:19:47Z</time>
   </trkpt>
   <trkpt lat="7.0370110" lon="125.4510730">
    <ele>187.7</ele>
    <time>2025-11-20T08:19:48Z</time>
   </trkpt>
   <trkpt lat="7.0370040" lon="125.4510630">
    <ele>187.9</ele>
    <time>2025-11-20T08:19:49Z</time>
   </trkpt>
   <trkpt lat="7.0369980" lon="125.4510620">
    <ele>188.0</ele>
    <time>2025-11-20T08:19:50Z</time>
   </trkpt>
   <trkpt lat="7.0369950" lon="125.4510570">
    <ele>188.1</ele>
    <time>2025-11-20T08:19:51Z</time>
   </trkpt>
   <trkpt lat="7.0369920" lon="125.4510640">
    <ele>188.2</ele>
    <time>2025-11-20T08:19:52Z</time>
   </trkpt>
   <trkpt lat="7.0369940" lon="125.4510700">
    <ele>188.3</ele>
    <time>2025-11-20T08:19:53Z</time>
   </trkpt>
   <trkpt lat="7.0369880" lon="125.4510820">
    <ele>188.6</ele>
    <time>2025-11-20T08:19:54Z</time>
   </trkpt>
   <trkpt lat="7.0369760" lon="125.4510770">
    <ele>188.8</ele>
    <time>2025-11-20T08:19:55Z</time>
   </trkpt>
   <trkpt lat="7.0369750" lon="125.4510890">
    <ele>189.0</ele>
    <time>2025-11-20T08:19:56Z</time>
   </trkpt>
   <trkpt lat="7.0369740" lon="125.4510970">
    <ele>189.1</ele>
    <time>2025-11-20T08:19:57Z</time>
   </trkpt>
   <trkpt lat="7.0369750" lon="125.4510980">
    <ele>189.2</ele>
    <time>2025-11-20T08:19:58Z</time>
   </trkpt>
   <trkpt lat="7.0369710" lon="125.4511000">
    <ele>189.2</ele>
    <time>2025-11-20T08:19:59Z</time>
   </trkpt>
   <trkpt lat="7.0369640" lon="125.4511020">
    <ele>189.4</ele>
    <time>2025-11-20T08:20:00Z</time>
   </trkpt>
   <trkpt lat="7.0369620" lon="125.4511020">
    <ele>189.4</ele>
    <time>2025-11-20T08:20:01Z</time>
   </trkpt>
   <trkpt lat="7.0369550" lon="125.4511060">
    <ele>189.5</ele>
    <time>2025-11-20T08:20:02Z</time>
   </trkpt>
   <trkpt lat="7.0369600" lon="125.4511140">
    <ele>189.7</ele>
    <time>2025-11-20T08:20:03Z</time>
   </trkpt>
   <trkpt lat="7.0369520" lon="125.4511230">
    <ele>189.9</ele>
    <time>2025-11-20T08:20:04Z</time>
   </trkpt>
   <trkpt lat="7.0369530" lon="125.4511310">
    <ele>190.1</ele>
    <time>2025-11-20T08:20:05Z</time>
   </trkpt>
   <trkpt lat="7.0369390" lon="125.4511400">
    <ele>190.3</ele>
    <time>2025-11-20T08:20:06Z</time>
   </trkpt>
   <trkpt lat="7.0369330" lon="125.4511440">
    <ele>190.5</ele>
    <time>2025-11-20T08:20:07Z</time>
   </trkpt>
   <trkpt lat="7.0369280" lon="125.4511480">
    <ele>190.6</ele>
    <time>2025-11-20T08:20:08Z</time>
   </trkpt>
   <trkpt lat="7.0369220" lon="125.4511520">
    <ele>190.7</ele>
    <time>2025-11-20T08:20:09Z</time>
   </trkpt>
   <trkpt lat="7.0369460" lon="125.4511420">
    <ele>191.2</ele>
    <time>2025-11-20T08:20:10Z</time>
   </trkpt>
   <trkpt lat="7.0369440" lon="125.4511380">
    <ele>191.3</ele>
    <time>2025-11-20T08:20:11Z</time>
   </trkpt>
   <trkpt lat="7.0369560" lon="125.4511510">
    <ele>191.6</ele>
    <time>2025-11-20T08:20:12Z</time>
   </trkpt>
   <trkpt lat="7.0369630" lon="125.4511540">
    <ele>191.8</ele>
    <time>2025-11-20T08:20:13Z</time>
   </trkpt>
   <trkpt lat="7.0369690" lon="125.4511640">
    <ele>192.0</ele>
    <time>2025-11-20T08:20:14Z</time>
   </trkpt>
   <trkpt lat="7.0369710" lon="125.4511730">
    <ele>192.2</ele>
    <time>2025-11-20T08:20:15Z</time>
   </trkpt>
   <trkpt lat="7.0369770" lon="125.4511770">
    <ele>192.3</ele>
    <time>2025-11-20T08:20:16Z</time>
   </trkpt>
   <trkpt lat="7.0369700" lon="125.4511830">
    <ele>192.5</ele>
    <time>2025-11-20T08:20:17Z</time>
   </trkpt>
   <trkpt lat="7.0369620" lon="125.4511880">
    <ele>192.6</ele>
    <time>2025-11-20T08:20:18Z</time>
   </trkpt>
   <trkpt lat="7.0369630" lon="125.4511890">
    <ele>192.7</ele>
    <time>2025-11-20T08:20:19Z</time>
   </trkpt>
   <trkpt lat="7.0369550" lon="125.4511810">
    <ele>192.9</ele>
    <time>2025-11-20T08:20:20Z</time>
   </trkpt>
   <trkpt lat="7.0369510" lon="125.4511790">
    <ele>192.9</ele>
    <time>2025-11-20T08:20:21Z</time>
   </trkpt>
   <trkpt lat="7.0369480" lon="125.4511850">
    <ele>193.1</ele>
    <time>2025-11-20T08:20:22Z</time>
   </trkpt>
   <trkpt lat="7.0369480" lon="125.4511850">
    <ele>193.1</ele>
    <time>2025-11-20T08:20:23Z</time>
   </trkpt>
   <trkpt lat="7.0369480" lon="125.4511850">
    <ele>193.1</ele>
    <time>2025-11-20T08:20:24Z</time>
   </trkpt>
   <trkpt lat="7.0369560" lon="125.4511830">
    <ele>193.2</ele>
    <time>2025-11-20T08:20:25Z</time>
   </trkpt>
   <trkpt lat="7.0369430" lon="125.4511910">
    <ele>193.5</ele>
    <time>2025-11-20T08:20:26Z</time>
   </trkpt>
   <trkpt lat="7.0369380" lon="125.4512020">
    <ele>193.7</ele>
    <time>2025-11-20T08:20:27Z</time>
   </trkpt>
   <trkpt lat="7.0369340" lon="125.4512040">
    <ele>193.8</ele>
    <time>2025-11-20T08:20:28Z</time>
   </trkpt>
   <trkpt lat="7.0369260" lon="125.4512080">
    <ele>194.0</ele>
    <time>2025-11-20T08:20:29Z</time>
   </trkpt>
   <trkpt lat="7.0369240" lon="125.4512180">
    <ele>194.2</ele>
    <time>2025-11-20T08:20:30Z</time>
   </trkpt>
   <trkpt lat="7.0369240" lon="125.4512260">
    <ele>194.3</ele>
    <time>2025-11-20T08:20:31Z</time>
   </trkpt>
   <trkpt lat="7.0369240" lon="125.4512330">
    <ele>194.4</ele>
    <time>2025-11-20T08:20:32Z</time>
   </trkpt>
   <trkpt lat="7.0369240" lon="125.4512410">
    <ele>194.6</ele>
    <time>2025-11-20T08:20:33Z</time>
   </trkpt>
   <trkpt lat="7.0369240" lon="125.4512490">
    <ele>194.7</ele>
    <time>2025-11-20T08:20:34Z</time>
   </trkpt>
   <trkpt lat="7.0369090" lon="125.4512580">
    <ele>195.1</ele>
    <time>2025-11-20T08:20:35Z</time>
   </trkpt>
   <trkpt lat="7.0369050" lon="125.4512500">
    <ele>195.2</ele>
    <time>2025-11-20T08:20:36Z</time>
   </trkpt>
   <trkpt lat="7.0369000" lon="125.4512550">
    <ele>195.4</ele>
    <time>2025-11-20T08:20:37Z</time>
   </trkpt>
   <trkpt lat="7.0368970" lon="125.4512440">
    <ele>195.6</ele>
    <time>2025-11-20T08:20:38Z</time>
   </trkpt>
   <trkpt lat="7.0368910" lon="125.4512490">
    <ele>195.7</ele>
    <time>2025-11-20T08:20:39Z</time>
   </trkpt>
   <trkpt lat="7.0368780" lon="125.4512350">
    <ele>196.1</ele>
    <time>2025-11-20T08:20:40Z</time>
   </trkpt>
   <trkpt lat="7.0368900" lon="125.4512400">
    <ele>196.3</ele>
    <time>2025-11-20T08:20:41Z</time>
   </trkpt>
   <trkpt lat="7.0368810" lon="125.4512270">
    <ele>196.6</ele>
    <time>2025-11-20T08:20:42Z</time>
   </trkpt>
   <trkpt lat="7.0368910" lon="125.4512140">
    <ele>196.9</ele>
    <time>2025-11-20T08:20:43Z</time>
   </trkpt>
   <trkpt lat="7.0368840" lon="125.4512380">
    <ele>197.4</ele>
    <time>2025-11-20T08:20:44Z</time>
   </trkpt>
   <trkpt lat="7.0368850" lon="125.4512490">
    <ele>197.6</ele>
    <time>2025-11-20T08:20:45Z</time>
   </trkpt>
   <trkpt lat="7.0368660" lon="125.4512250">
    <ele>198.1</ele>
    <time>2025-11-20T08:20:46Z</time>
   </trkpt>
   <trkpt lat="7.0368590" lon="125.4512200">
    <ele>198.3</ele>
    <time>2025-11-20T08:20:47Z</time>
   </trkpt>
   <trkpt lat="7.0368660" lon="125.4512140">
    <ele>198.5</ele>
    <time>2025-11-20T08:20:48Z</time>
   </trkpt>
   <trkpt lat="7.0368420" lon="125.4511980">
    <ele>199.0</ele>
    <time>2025-11-20T08:20:49Z</time>
   </trkpt>
   <trkpt lat="7.0368560" lon="125.4511670">
    <ele>199.6</ele>
    <time>2025-11-20T08:20:50Z</time>
   </trkpt>
   <trkpt lat="7.0368720" lon="125.4511490">
    <ele>200.1</ele>
    <time>2025-11-20T08:20:51Z</time>
   </trkpt>
   <trkpt lat="7.0368720" lon="125.4511450">
    <ele>200.1</ele>
    <time>2025-11-20T08:20:52Z</time>
   </trkpt>
   <trkpt lat="7.0368720" lon="125.4511450">
    <ele>200.1</ele>
    <time>2025-11-20T08:20:53Z</time>
   </trkpt>
   <trkpt lat="7.0368730" lon="125.4511470">
    <ele>200.2</ele>
    <time>2025-11-20T08:20:54Z</time>
   </trkpt>
   <trkpt lat="7.0368860" lon="125.4511430">
    <ele>200.4</ele>
    <time>2025-11-20T08:20:55Z</time>
   </trkpt>
   <trkpt lat="7.0368940" lon="125.4511420">
    <ele>200.6</ele>
    <time>2025-11-20T08:20:56Z</time>
   </trkpt>
   <trkpt lat="7.0368830" lon="125.4511370">
    <ele>200.8</ele>
    <time>2025-11-20T08:20:57Z</time>
   </trkpt>
   <trkpt lat="7.0368910" lon="125.4511270">
    <ele>201.0</ele>
    <time>2025-11-20T08:20:58Z</time>
   </trkpt>
   <trkpt lat="7.0368850" lon="125.4511260">
    <ele>201.1</ele>
    <time>2025-11-20T08:20:59Z</time>
   </trkpt>
   <trkpt lat="7.0368860" lon="125.4511210">
    <ele>201.2</ele>
    <time>2025-11-20T08:21:00Z</time>
   </trkpt>
   <trkpt lat="7.0368820" lon="125.4511310">
    <ele>201.4</ele>
    <time>2025-11-20T08:21:01Z</time>
   </trkpt>
   <trkpt lat="7.0368780" lon="125.4511250">
    <ele>201.6</ele>
    <time>2025-11-20T08:21:02Z</time>
   </trkpt>
   <trkpt lat="7.0368970" lon="125.4511430">
    <ele>202.1</ele>
    <time>2025-11-20T08:21:03Z</time>
   </trkpt>
   <trkpt lat="7.0368760" lon="125.4511410">
    <ele>202.4</ele>
    <time>2025-11-20T08:21:04Z</time>
   </trkpt>
   <trkpt lat="7.0368570" lon="125.4511330">
    <ele>202.8</ele>
    <time>2025-11-20T08:21:05Z</time>
   </trkpt>
   <trkpt lat="7.0368400" lon="125.4511230">
    <ele>203.2</ele>
    <time>2025-11-20T08:21:06Z</time>
   </trkpt>
   <trkpt lat="7.0368380" lon="125.4511240">
    <ele>203.2</ele>
    <time>2025-11-20T08:21:07Z</time>
   </trkpt>
   <trkpt lat="7.0368370" lon="125.4511240">
    <ele>203.3</ele>
    <time>2025-11-20T08:21:08Z</time>
   </trkpt>
   <trkpt lat="7.0368350" lon="125.4511240">
    <ele>203.3</ele>
    <time>2025-11-20T08:21:09Z</time>
   </trkpt>
   <trkpt lat="7.0368340" lon="125.4511250">
    <ele>203.3</ele>
    <time>2025-11-20T08:21:10Z</time>
   </trkpt>
   <trkpt lat="7.0368320" lon="125.4511250">
    <ele>203.3</ele>
    <time>2025-11-20T08:21:11Z</time>
   </trkpt>
   <trkpt lat="7.0368310" lon="125.4511250">
    <ele>203.4</ele>
    <time>2025-11-20T08:21:12Z</time>
   </trkpt>
   <trkpt lat="7.0368290" lon="125.4511260">
    <ele>203.4</ele>
    <time>2025-11-20T08:21:13Z</time>
   </trkpt>
   <trkpt lat="7.0368280" lon="125.4511260">
    <ele>203.4</ele>
    <time>2025-11-20T08:21:14Z</time>
   </trkpt>
   <trkpt lat="7.0368260" lon="125.4511260">
    <ele>203.5</ele>
    <time>2025-11-20T08:21:15Z</time>
   </trkpt>
   <trkpt lat="7.0368250" lon="125.4511270">
    <ele>203.5</ele>
    <time>2025-11-20T08:21:16Z</time>
   </trkpt>
   <trkpt lat="7.0368230" lon="125.4511270">
    <ele>203.5</ele>
    <time>2025-11-20T08:21:17Z</time>
   </trkpt>
   <trkpt lat="7.0368220" lon="125.4511270">
    <ele>203.5</ele>
    <time>2025-11-20T08:21:18Z</time>
   </trkpt>
   <trkpt lat="7.0368200" lon="125.4511280">
    <ele>203.6</ele>
    <time>2025-11-20T08:21:19Z</time>
   </trkpt>
   <trkpt lat="7.0368190" lon="125.4511280">
    <ele>203.6</ele>
    <time>2025-11-20T08:21:20Z</time>
   </trkpt>
   <trkpt lat="7.0368170" lon="125.4511280">
    <ele>203.6</ele>
    <time>2025-11-20T08:21:21Z</time>
   </trkpt>
   <trkpt lat="7.0368160" lon="125.4511290">
    <ele>203.7</ele>
    <time>2025-11-20T08:21:22Z</time>
   </trkpt>
   <trkpt lat="7.0368140" lon="125.4511290">
    <ele>203.7</ele>
    <time>2025-11-20T08:21:23Z</time>
   </trkpt>
   <trkpt lat="7.0368130" lon="125.4511290">
    <ele>203.7</ele>
    <time>2025-11-20T08:21:24Z</time>
   </trkpt>
   <trkpt lat="7.0368110" lon="125.4511300">
    <ele>203.7</ele>
    <time>2025-11-20T08:21:25Z</time>
   </trkpt>
   <trkpt lat="7.0368100" lon="125.4511300">
    <ele>203.8</ele>
    <time>2025-11-20T08:21:26Z</time>
   </trkpt>
   <trkpt lat="7.0368090" lon="125.4511250">
    <ele>203.9</ele>
    <time>2025-11-20T08:21:27Z</time>
   </trkpt>
   <trkpt lat="7.0367970" lon="125.4511360">
    <ele>204.1</ele>
    <time>2025-11-20T08:21:28Z</time>
   </trkpt>
   <trkpt lat="7.0367900" lon="125.4511340">
    <ele>204.3</ele>
    <time>2025-11-20T08:21:29Z</time>
   </trkpt>
   <trkpt lat="7.0367930" lon="125.4511260">
    <ele>204.4</ele>
    <time>2025-11-20T08:21:30Z</time>
   </trkpt>
   <trkpt lat="7.0367790" lon="125.4511210">
    <ele>204.7</ele>
    <time>2025-11-20T08:21:31Z</time>
   </trkpt>
   <trkpt lat="7.0367880" lon="125.4511130">
    <ele>204.9</ele>
    <time>2025-11-20T08:21:32Z</time>
   </trkpt>
   <trkpt lat="7.0367830" lon="125.4511000">
    <ele>205.2</ele>
    <time>2025-11-20T08:21:33Z</time>
   </trkpt>
   <trkpt lat="7.0367890" lon="125.4510900">
    <ele>205.4</ele>
    <time>2025-11-20T08:21:34Z</time>
   </trkpt>
   <trkpt lat="7.0367940" lon="125.4510990">
    <ele>205.5</ele>
    <time>2025-11-20T08:21:35Z</time>
   </trkpt>
   <trkpt lat="7.0367890" lon="125.4510970">
    <ele>205.6</ele>
    <time>2025-11-20T08:21:36Z</time>
   </trkpt>
   <trkpt lat="7.0367780" lon="125.4510970">
    <ele>205.8</ele>
    <time>2025-11-20T08:21:37Z</time>
   </trkpt>
   <trkpt lat="7.0367720" lon="125.4510810">
    <ele>206.1</ele>
    <time>2025-11-20T08:21:38Z</time>
   </trkpt>
   <trkpt lat="7.0367760" lon="125.4510710">
    <ele>206.3</ele>
    <time>2025-11-20T08:21:39Z</time>
   </trkpt>
   <trkpt lat="7.0367720" lon="125.4510650">
    <ele>206.4</ele>
    <time>2025-11-20T08:21:40Z</time>
   </trkpt>
   <trkpt lat="7.0367680" lon="125.4510650">
    <ele>206.4</ele>
    <time>2025-11-20T08:21:41Z</time>
   </trkpt>
   <trkpt lat="7.0367630" lon="125.4510510">
    <ele>206.7</ele>
    <time>2025-11-20T08:21:42Z</time>
   </trkpt>
   <trkpt lat="7.0367560" lon="125.4510430">
    <ele>206.9</ele>
    <time>2025-11-20T08:21:43Z</time>
   </trkpt>
   <trkpt lat="7.0367470" lon="125.4510390">
    <ele>207.0</ele>
    <time>2025-11-20T08:21:44Z</time>
   </trkpt>
   <trkpt lat="7.0367200" lon="125.4510360">
    <ele>207.4</ele>
    <time>2025-11-20T08:21:45Z</time>
   </trkpt>
   <trkpt lat="7.0367200" lon="125.4510310">
    <ele>207.5</ele>
    <time>2025-11-20T08:21:46Z</time>
   </trkpt>
   <trkpt lat="7.0367280" lon="125.4510210">
    <ele>207.7</ele>
    <time>2025-11-20T08:21:47Z</time>
   </trkpt>
   <trkpt lat="7.0367270" lon="125.4510070">
    <ele>207.9</ele>
    <time>2025-11-20T08:21:48Z</time>
   </trkpt>
   <trkpt lat="7.0367280" lon="125.4509890">
    <ele>208.1</ele>
    <time>2025-11-20T08:21:49Z</time>
   </trkpt>
   <trkpt lat="7.0367340" lon="125.4509850">
    <ele>208.2</ele>
    <time>2025-11-20T08:21:50Z</time>
   </trkpt>
   <trkpt lat="7.0367400" lon="125.4509800">
    <ele>208.3</ele>
    <time>2025-11-20T08:21:51Z</time>
   </trkpt>
   <trkpt lat="7.0367460" lon="125.4509750">
    <ele>208.4</ele>
    <time>2025-11-20T08:21:52Z</time>
   </trkpt>
   <trkpt lat="7.0367310" lon="125.4509630">
    <ele>208.7</ele>
    <time>2025-11-20T08:21:53Z</time>
   </trkpt>
   <trkpt lat="7.0367370" lon="125.4509500">
    <ele>208.9</ele>
    <time>2025-11-20T08:21:54Z</time>
   </trkpt>
   <trkpt lat="7.0367450" lon="125.4509410">
    <ele>209.1</ele>
    <time>2025-11-20T08:21:55Z</time>
   </trkpt>
   <trkpt lat="7.0367390" lon="125.4509360">
    <ele>209.1</ele>
    <time>2025-11-20T08:21:56Z</time>
   </trkpt>
   <trkpt lat="7.0367190" lon="125.4509250">
    <ele>209.4</ele>
    <time>2025-11-20T08:21:57Z</time>
   </trkpt>
   <trkpt lat="7.0367250" lon="125.4509300">
    <ele>209.5</ele>
    <time>2025-11-20T08:21:58Z</time>
   </trkpt>
   <trkpt lat="7.0367140" lon="125.4509340">
    <ele>209.7</ele>
    <time>2025-11-20T08:21:59Z</time>
   </trkpt>
   <trkpt lat="7.0367170" lon="125.4509310">
    <ele>209.7</ele>
    <time>2025-11-20T08:22:00Z</time>
   </trkpt>
   <trkpt lat="7.0367110" lon="125.4509400">
    <ele>209.8</ele>
    <time>2025-11-20T08:22:01Z</time>
   </trkpt>
   <trkpt lat="7.0367150" lon="125.4509500">
    <ele>210.0</ele>
    <time>2025-11-20T08:22:02Z</time>
   </trkpt>
   <trkpt lat="7.0367130" lon="125.4509470">
    <ele>210.0</ele>
    <time>2025-11-20T08:22:03Z</time>
   </trkpt>
   <trkpt lat="7.0367190" lon="125.4509450">
    <ele>210.1</ele>
    <time>2025-11-20T08:22:04Z</time>
   </trkpt>
   <trkpt lat="7.0367070" lon="125.4509410">
    <ele>210.3</ele>
    <time>2025-11-20T08:22:05Z</time>
   </trkpt>
   <trkpt lat="7.0367010" lon="125.4509480">
    <ele>210.4</ele>
    <time>2025-11-20T08:22:06Z</time>
   </trkpt>
   <trkpt lat="7.0366790" lon="125.4509260">
    <ele>210.7</ele>
    <time>2025-11-20T08:22:07Z</time>
   </trkpt>
   <trkpt lat="7.0366900" lon="125.4509040">
    <ele>210.9</ele>
    <time>2025-11-20T08:22:08Z</time>
   </trkpt>
   <trkpt lat="7.0366920" lon="125.4508910">
    <ele>211.1</ele>
    <time>2025-11-20T08:22:09Z</time>
   </trkpt>
   <trkpt lat="7.0366940" lon="125.4508770">
    <ele>211.2</ele>
    <time>2025-11-20T08:22:10Z</time>
   </trkpt>
   <trkpt lat="7.0367290" lon="125.4508610">
    <ele>211.6</ele>
    <time>2025-11-20T08:22:11Z</time>
   </trkpt>
   <trkpt lat="7.0367420" lon="125.4508540">
    <ele>211.7</ele>
    <time>2025-11-20T08:22:12Z</time>
   </trkpt>
   <trkpt lat="7.0367680" lon="125.4508430">
    <ele>212.0</ele>
    <time>2025-11-20T08:22:13Z</time>
   </trkpt>
   <trkpt lat="7.0367550" lon="125.4508610">
    <ele>212.2</ele>
    <time>2025-11-20T08:22:14Z</time>
   </trkpt>
   <trkpt lat="7.0367430" lon="125.4508790">
    <ele>212.4</ele>
    <time>2025-11-20T08:22:15Z</time>
   </trkpt>
   <trkpt lat="7.0367300" lon="125.4508960">
    <ele>212.6</ele>
    <time>2025-11-20T08:22:16Z</time>
   </trkpt>
   <trkpt lat="7.0367180" lon="125.4509130">
    <ele>212.8</ele>
    <time>2025-11-20T08:22:17Z</time>
   </trkpt>
   <trkpt lat="7.0367120" lon="125.4509170">
    <ele>212.9</ele>
    <time>2025-11-20T08:22:18Z</time>
   </trkpt>
   <trkpt lat="7.0367140" lon="125.4509170">
    <ele>212.9</ele>
    <time>2025-11-20T08:22:19Z</time>
   </trkpt>
   <trkpt lat="7.0367130" lon="125.4509180">
    <ele>212.9</ele>
    <time>2025-11-20T08:22:20Z</time>
   </trkpt>
   <trkpt lat="7.0367130" lon="125.4509180">
    <ele>212.9</ele>
    <time>2025-11-20T08:22:21Z</time>
   </trkpt>
   <trkpt lat="7.0367130" lon="125.4509180">
    <ele>212.9</ele>
    <time>2025-11-20T08:22:22Z</time>
   </trkpt>
   <trkpt lat="7.0367190" lon="125.4509220">
    <ele>212.9</ele>
    <time>2025-11-20T08:22:23Z</time>
   </trkpt>
   <trkpt lat="7.0367140" lon="125.4509220">
    <ele>213.0</ele>
    <time>2025-11-20T08:22:24Z</time>
   </trkpt>
   <trkpt lat="7.0367120" lon="125.4509220">
    <ele>213.0</ele>
    <time>2025-11-20T08:22:25Z</time>
   </trkpt>
   <trkpt lat="7.0367190" lon="125.4509220">
    <ele>213.1</ele>
    <time>2025-11-20T08:22:26Z</time>
   </trkpt>
   <trkpt lat="7.0367180" lon="125.4509170">
    <ele>213.1</ele>
    <time>2025-11-20T08:22:27Z</time>
   </trkpt>
   <trkpt lat="7.0367170" lon="125.4509160">
    <ele>213.1</ele>
    <time>2025-11-20T08:22:28Z</time>
   </trkpt>
   <trkpt lat="7.0367270" lon="125.4509200">
    <ele>213.2</ele>
    <time>2025-11-20T08:22:29Z</time>
   </trkpt>
   <trkpt lat="7.0367150" lon="125.4509200">
    <ele>213.3</ele>
    <time>2025-11-20T08:22:30Z</time>
   </trkpt>
   <trkpt lat="7.0367120" lon="125.4509160">
    <ele>213.4</ele>
    <time>2025-11-20T08:22:31Z</time>
   </trkpt>
   <trkpt lat="7.0367040" lon="125.4509140">
    <ele>213.4</ele>
    <time>2025-11-20T08:22:32Z</time>
   </trkpt>
   <trkpt lat="7.0367080" lon="125.4508990">
    <ele>213.6</ele>
    <time>2025-11-20T08:22:33Z</time>
   </trkpt>
   <trkpt lat="7.0367050" lon="125.4508930">
    <ele>213.6</ele>
    <time>2025-11-20T08:22:34Z</time>
   </trkpt>
   <trkpt lat="7.0366970" lon="125.4508900">
    <ele>213.7</ele>
    <time>2025-11-20T08:22:35Z</time>
   </trkpt>
   <trkpt lat="7.0366790" lon="125.4508420">
    <ele>214.1</ele>
    <time>2025-11-20T08:22:36Z</time>
   </trkpt>
   <trkpt lat="7.0367080" lon="125.4508480">
    <ele>214.4</ele>
    <time>2025-11-20T08:22:37Z</time>
   </trkpt>
   <trkpt lat="7.0366890" lon="125.4508660">
    <ele>214.6</ele>
    <time>2025-11-20T08:22:38Z</time>
   </trkpt>
   <trkpt lat="7.0366820" lon="125.4508700">
    <ele>214.7</ele>
    <time>2025-11-20T08:22:39Z</time>
   </trkpt>
   <trkpt lat="7.0366830" lon="125.4508750">
    <ele>214.7</ele>
    <time>2025-11-20T08:22:40Z</time>
   </trkpt>
   <trkpt lat="7.0366700" lon="125.4508560">
    <ele>214.9</ele>
    <time>2025-11-20T08:22:41Z</time>
   </trkpt>
   <trkpt lat="7.0366630" lon="125.4508460">
    <ele>215.0</ele>
    <time>2025-11-20T08:22:42Z</time>
   </trkpt>
   <trkpt lat="7.0366590" lon="125.4508310">
    <ele>215.1</ele>
    <time>2025-11-20T08:22:43Z</time>
   </trkpt>
   <trkpt lat="7.0366610" lon="125.4508260">
    <ele>215.2</ele>
    <time>2025-11-20T08:22:44Z</time>
   </trkpt>
   <trkpt lat="7.0366640" lon="125.4508210">
    <ele>215.2</ele>
    <time>2025-11-20T08:22:45Z</time>
   </trkpt>
   <trkpt lat="7.0366660" lon="125.4508150">
    <ele>215.3</ele>
    <time>2025-11-20T08:22:46Z</time>
   </trkpt>
   <trkpt lat="7.0366690" lon="125.4508100">
    <ele>215.3</ele>
    <time>2025-11-20T08:22:47Z</time>
   </trkpt>
   <trkpt lat="7.0366710" lon="125.4508050">
    <ele>215.4</ele>
    <time>2025-11-20T08:22:48Z</time>
   </trkpt>
   <trkpt lat="7.0366740" lon="125.4508000">
    <ele>215.4</ele>
    <time>2025-11-20T08:22:49Z</time>
   </trkpt>
   <trkpt lat="7.0366680" lon="125.4507880">
    <ele>215.6</ele>
    <time>2025-11-20T08:22:50Z</time>
   </trkpt>
   <trkpt lat="7.0366580" lon="125.4507860">
    <ele>215.7</ele>
    <time>2025-11-20T08:22:51Z</time>
   </trkpt>
   <trkpt lat="7.0366530" lon="125.4507790">
    <ele>215.7</ele>
    <time>2025-11-20T08:22:52Z</time>
   </trkpt>
   <trkpt lat="7.0366390" lon="125.4507890">
    <ele>215.9</ele>
    <time>2025-11-20T08:22:53Z</time>
   </trkpt>
   <trkpt lat="7.0366390" lon="125.4507980">
    <ele>216.0</ele>
    <time>2025-11-20T08:22:54Z</time>
   </trkpt>
   <trkpt lat="7.0366410" lon="125.4507980">
    <ele>216.0</ele>
    <time>2025-11-20T08:22:55Z</time>
   </trkpt>
   <trkpt lat="7.0366390" lon="125.4507900">
    <ele>216.1</ele>
    <time>2025-11-20T08:22:56Z</time>
   </trkpt>
   <trkpt lat="7.0366400" lon="125.4507890">
    <ele>216.1</ele>
    <time>2025-11-20T08:22:57Z</time>
   </trkpt>
   <trkpt lat="7.0366400" lon="125.4507900">
    <ele>216.2</ele>
    <time>2025-11-20T08:22:58Z</time>
   </trkpt>
   <trkpt lat="7.0366480" lon="125.4507920">
    <ele>216.2</ele>
    <time>2025-11-20T08:22:59Z</time>
   </trkpt>
   <trkpt lat="7.0366520" lon="125.4507910">
    <ele>216.3</ele>
    <time>2025-11-20T08:23:00Z</time>
   </trkpt>
   <trkpt lat="7.0366450" lon="125.4507910">
    <ele>216.4</ele>
    <time>2025-11-20T08:23:01Z</time>
   </trkpt>
   <trkpt lat="7.0366390" lon="125.4507700">
    <ele>216.6</ele>
    <time>2025-11-20T08:23:02Z</time>
   </trkpt>
   <trkpt lat="7.0366630" lon="125.4508030">
    <ele>217.1</ele>
    <time>2025-11-20T08:23:03Z</time>
   </trkpt>
   <trkpt lat="7.0366770" lon="125.4507990">
    <ele>217.2</ele>
    <time>2025-11-20T08:23:04Z</time>
   </trkpt>
   <trkpt lat="7.0366800" lon="125.4507920">
    <ele>217.3</ele>
    <time>2025-11-20T08:23:05Z</time>
   </trkpt>
   <trkpt lat="7.0366880" lon="125.4507920">
    <ele>217.4</ele>
    <time>2025-11-20T08:23:06Z</time>
   </trkpt>
   <trkpt lat="7.0366870" lon="125.4507890">
    <ele>217.5</ele>
    <time>2025-11-20T08:23:07Z</time>
   </trkpt>
   <trkpt lat="7.0366860" lon="125.4507920">
    <ele>217.5</ele>
    <time>2025-11-20T08:23:08Z</time>
   </trkpt>
   <trkpt lat="7.0366840" lon="125.4507900">
    <ele>217.6</ele>
    <time>2025-11-20T08:23:09Z</time>
   </trkpt>
   <trkpt lat="7.0366790" lon="125.4507880">
    <ele>217.6</ele>
    <time>2025-11-20T08:23:10Z</time>
   </trkpt>
   <trkpt lat="7.0366600" lon="125.4507930">
    <ele>217.9</ele>
    <time>2025-11-20T08:23:11Z</time>
   </trkpt>
   <trkpt lat="7.0366470" lon="125.4507890">
    <ele>218.1</ele>
    <time>2025-11-20T08:23:12Z</time>
   </trkpt>
   <trkpt lat="7.0366410" lon="125.4508000">
    <ele>218.2</ele>
    <time>2025-11-20T08:23:13Z</time>
   </trkpt>
   <trkpt lat="7.0366410" lon="125.4508000">
    <ele>218.2</ele>
    <time>2025-11-20T08:23:14Z</time>
   </trkpt>
   <trkpt lat="7.0366410" lon="125.4508000">
    <ele>218.2</ele>
    <time>2025-11-20T08:23:15Z</time>
   </trkpt>
   <trkpt lat="7.0366410" lon="125.4508000">
    <ele>218.2</ele>
    <time>2025-11-20T08:23:16Z</time>
   </trkpt>
   <trkpt lat="7.0366420" lon="125.4508150">
    <ele>218.4</ele>
    <time>2025-11-20T08:23:17Z</time>
   </trkpt>
   <trkpt lat="7.0366490" lon="125.4508130">
    <ele>218.5</ele>
    <time>2025-11-20T08:23:18Z</time>
   </trkpt>
   <trkpt lat="7.0366480" lon="125.4508210">
    <ele>218.7</ele>
    <time>2025-11-20T08:23:19Z</time>
   </trkpt>
   <trkpt lat="7.0366470" lon="125.4508170">
    <ele>218.7</ele>
    <time>2025-11-20T08:23:20Z</time>
   </trkpt>
   <trkpt lat="7.0366430" lon="125.4508080">
    <ele>218.9</ele>
    <time>2025-11-20T08:23:21Z</time>
   </trkpt>
   <trkpt lat="7.0366420" lon="125.4508080">
    <ele>218.9</ele>
    <time>2025-11-20T08:23:22Z</time>
   </trkpt>
   <trkpt lat="7.0366550" lon="125.4508290">
    <ele>219.3</ele>
    <time>2025-11-20T08:23:23Z</time>
   </trkpt>
   <trkpt lat="7.0366430" lon="125.4508230">
    <ele>219.5</ele>
    <time>2025-11-20T08:23:24Z</time>
   </trkpt>
   <trkpt lat="7.0366460" lon="125.4508260">
    <ele>219.6</ele>
    <time>2025-11-20T08:23:25Z</time>
   </trkpt>
   <trkpt lat="7.0366490" lon="125.4508290">
    <ele>219.6</ele>
    <time>2025-11-20T08:23:26Z</time>
   </trkpt>
   <trkpt lat="7.0366510" lon="125.4508300">
    <ele>219.7</ele>
    <time>2025-11-20T08:23:27Z</time>
   </trkpt>
   <trkpt lat="7.0366510" lon="125.4508280">
    <ele>219.7</ele>
    <time>2025-11-20T08:23:28Z</time>
   </trkpt>
   <trkpt lat="7.0366460" lon="125.4508290">
    <ele>219.8</ele>
    <time>2025-11-20T08:23:29Z</time>
   </trkpt>
   <trkpt lat="7.0366480" lon="125.4508290">
    <ele>219.8</ele>
    <time>2025-11-20T08:23:30Z</time>
   </trkpt>
   <trkpt lat="7.0366450" lon="125.4508190">
    <ele>220.0</ele>
    <time>2025-11-20T08:23:31Z</time>
   </trkpt>
   <trkpt lat="7.0366400" lon="125.4508130">
    <ele>220.1</ele>
    <time>2025-11-20T08:23:32Z</time>
   </trkpt>
   <trkpt lat="7.0366370" lon="125.4508080">
    <ele>220.2</ele>
    <time>2025-11-20T08:23:33Z</time>
   </trkpt>
   <trkpt lat="7.0366410" lon="125.4508140">
    <ele>220.3</ele>
    <time>2025-11-20T08:23:34Z</time>
   </trkpt>
   <trkpt lat="7.0366430" lon="125.4508180">
    <ele>220.4</ele>
    <time>2025-11-20T08:23:35Z</time>
   </trkpt>
   <trkpt lat="7.0366430" lon="125.4508180">
    <ele>220.4</ele>
    <time>2025-11-20T08:23:36Z</time>
   </trkpt>
   <trkpt lat="7.0366430" lon="125.4508180">
    <ele>220.4</ele>
    <time>2025-11-20T08:23:37Z</time>
   </trkpt>
   <trkpt lat="7.0366440" lon="125.4508250">
    <ele>220.6</ele>
    <time>2025-11-20T08:23:38Z</time>
   </trkpt>
   <trkpt lat="7.0366420" lon="125.4508210">
    <ele>220.6</ele>
    <time>2025-11-20T08:23:39Z</time>
   </trkpt>
   <trkpt lat="7.0366420" lon="125.4508210">
    <ele>220.6</ele>
    <time>2025-11-20T08:23:40Z</time>
   </trkpt>
   <trkpt lat="7.0366420" lon="125.4508210">
    <ele>220.6</ele>
    <time>2025-11-20T08:23:41Z</time>
   </trkpt>
   <trkpt lat="7.0366420" lon="125.4508210">
    <ele>220.6</ele>
    <time>2025-11-20T08:23:42Z</time>
   </trkpt>
   <trkpt lat="7.0366390" lon="125.4508200">
    <ele>220.7</ele>
    <time>2025-11-20T08:23:43Z</time>
   </trkpt>
   <trkpt lat="7.0366390" lon="125.4508200">
    <ele>220.7</ele>
    <time>2025-11-20T08:23:44Z</time>
   </trkpt>
   <trkpt lat="7.0366390" lon="125.4508200">
    <ele>220.7</ele>
    <time>2025-11-20T08:23:45Z</time>
   </trkpt>
   <trkpt lat="7.0366390" lon="125.4508200">
    <ele>220.7</ele>
    <time>2025-11-20T08:23:46Z</time>
   </trkpt>
   <trkpt lat="7.0366330" lon="125.4508110">
    <ele>220.9</ele>
    <time>2025-11-20T08:23:47Z</time>
   </trkpt>
   <trkpt lat="7.0366270" lon="125.4508080">
    <ele>221.0</ele>
    <time>2025-11-20T08:23:48Z</time>
   </trkpt>
   <trkpt lat="7.0366190" lon="125.4508090">
    <ele>221.2</ele>
    <time>2025-11-20T08:23:49Z</time>
   </trkpt>
   <trkpt lat="7.0366130" lon="125.4508070">
    <ele>221.3</ele>
    <time>2025-11-20T08:23:50Z</time>
   </trkpt>
   <trkpt lat="7.0366050" lon="125.4507980">
    <ele>221.5</ele>
    <time>2025-11-20T08:23:51Z</time>
   </trkpt>
   <trkpt lat="7.0366030" lon="125.4507950">
    <ele>221.6</ele>
    <time>2025-11-20T08:23:52Z</time>
   </trkpt>
   <trkpt lat="7.0366050" lon="125.4507860">
    <ele>221.8</ele>
    <time>2025-11-20T08:23:53Z</time>
   </trkpt>
   <trkpt lat="7.0365970" lon="125.4507750">
    <ele>222.0</ele>
    <time>2025-11-20T08:23:54Z</time>
   </trkpt>
   <trkpt lat="7.0366020" lon="125.4507790">
    <ele>222.1</ele>
    <time>2025-11-20T08:23:55Z</time>
   </trkpt>
   <trkpt lat="7.0366150" lon="125.4507730">
    <ele>222.4</ele>
    <time>2025-11-20T08:23:56Z</time>
   </trkpt>
   <trkpt lat="7.0366230" lon="125.4507630">
    <ele>222.7</ele>
    <time>2025-11-20T08:23:57Z</time>
   </trkpt>
   <trkpt lat="7.0366260" lon="125.4507700">
    <ele>222.8</ele>
    <time>2025-11-20T08:23:58Z</time>
   </trkpt>
   <trkpt lat="7.0366260" lon="125.4507700">
    <ele>222.8</ele>
    <time>2025-11-20T08:23:59Z</time>
   </trkpt>
   <trkpt lat="7.0366260" lon="125.4507700">
    <ele>222.8</ele>
    <time>2025-11-20T08:24:00Z</time>
   </trkpt>
   <trkpt lat="7.0366260" lon="125.4507700">
    <ele>222.8</ele>
    <time>2025-11-20T08:24:01Z</time>
   </trkpt>
   <trkpt lat="7.0366260" lon="125.4507700">
    <ele>222.8</ele>
    <time>2025-11-20T08:24:02Z</time>
   </trkpt>
   <trkpt lat="7.0366260" lon="125.4507700">
    <ele>222.8</ele>
    <time>2025-11-20T08:24:03Z</time>
   </trkpt>
   <trkpt lat="7.0366260" lon="125.4507700">
    <ele>222.8</ele>
    <time>2025-11-20T08:24:04Z</time>
   </trkpt>
   <trkpt lat="7.0366260" lon="125.4507700">
    <ele>222.8</ele>
    <time>2025-11-20T08:24:05Z</time>
   </trkpt>
   <trkpt lat="7.0366110" lon="125.4507850">
    <ele>223.3</ele>
    <time>2025-11-20T08:24:06Z</time>
   </trkpt>
   <trkpt lat="7.0366160" lon="125.4507810">
    <ele>223.4</ele>
    <time>2025-11-20T08:24:07Z</time>
   </trkpt>
   <trkpt lat="7.0366190" lon="125.4507770">
    <ele>223.5</ele>
    <time>2025-11-20T08:24:08Z</time>
   </trkpt>
   <trkpt lat="7.0366230" lon="125.4507790">
    <ele>223.6</ele>
    <time>2025-11-20T08:24:09Z</time>
   </trkpt>
   <trkpt lat="7.0366330" lon="125.4507800">
    <ele>223.8</ele>
    <time>2025-11-20T08:24:10Z</time>
   </trkpt>
   <trkpt lat="7.0366330" lon="125.4507800">
    <ele>223.8</ele>
    <time>2025-11-20T08:24:11Z</time>
   </trkpt>
   <trkpt lat="7.0366330" lon="125.4507800">
    <ele>223.8</ele>
    <time>2025-11-20T08:24:12Z</time>
   </trkpt>
   <trkpt lat="7.0366330" lon="125.4507800">
    <ele>223.8</ele>
    <time>2025-11-20T08:24:13Z</time>
   </trkpt>
   <trkpt lat="7.0366330" lon="125.4507800">
    <ele>223.8</ele>
    <time>2025-11-20T08:24:14Z</time>
   </trkpt>
   <trkpt lat="7.0366330" lon="125.4507800">
    <ele>223.8</ele>
    <time>2025-11-20T08:24:15Z</time>
   </trkpt>
   <trkpt lat="7.0366330" lon="125.4507800">
    <ele>223.8</ele>
    <time>2025-11-20T08:24:16Z</time>
   </trkpt>
   <trkpt lat="7.0366330" lon="125.4507800">
    <ele>223.8</ele>
    <time>2025-11-20T08:24:17Z</time>
   </trkpt>
   <trkpt lat="7.0366330" lon="125.4507800">
    <ele>223.8</ele>
    <time>2025-11-20T08:24:18Z</time>
   </trkpt>
   <trkpt lat="7.0366330" lon="125.4507800">
    <ele>223.8</ele>
    <time>2025-11-20T08:24:19Z</time>
   </trkpt>
   <trkpt lat="7.0366330" lon="125.4507800">
    <ele>223.8</ele>
    <time>2025-11-20T08:24:20Z</time>
   </trkpt>
   <trkpt lat="7.0366360" lon="125.4507930">
    <ele>224.1</ele>
    <time>2025-11-20T08:24:21Z</time>
   </trkpt>
   <trkpt lat="7.0366360" lon="125.4507960">
    <ele>224.1</ele>
    <time>2025-11-20T08:24:22Z</time>
   </trkpt>
   <trkpt lat="7.0366360" lon="125.4507960">
    <ele>224.1</ele>
    <time>2025-11-20T08:24:23Z</time>
   </trkpt>
   <trkpt lat="7.0366360" lon="125.4507960">
    <ele>224.1</ele>
    <time>2025-11-20T08:24:24Z</time>
   </trkpt>
   <trkpt lat="7.0366360" lon="125.4507960">
    <ele>224.1</ele>
    <time>2025-11-20T08:24:25Z</time>
   </trkpt>
   <trkpt lat="7.0366380" lon="125.4508100">
    <ele>224.4</ele>
    <time>2025-11-20T08:24:26Z</time>
   </trkpt>
   <trkpt lat="7.0366380" lon="125.4508100">
    <ele>224.4</ele>
    <time>2025-11-20T08:24:27Z</time>
   </trkpt>
   <trkpt lat="7.0366380" lon="125.4508100">
    <ele>224.4</ele>
    <time>2025-11-20T08:24:28Z</time>
   </trkpt>
   <trkpt lat="7.0366380" lon="125.4508100">
    <ele>224.4</ele>
    <time>2025-11-20T08:24:29Z</time>
   </trkpt>
   <trkpt lat="7.0366420" lon="125.4508120">
    <ele>224.5</ele>
    <time>2025-11-20T08:24:30Z</time>
   </trkpt>
   <trkpt lat="7.0366420" lon="125.4508120">
    <ele>224.5</ele>
    <time>2025-11-20T08:24:31Z</time>
   </trkpt>
   <trkpt lat="7.0366420" lon="125.4508120">
    <ele>224.5</ele>
    <time>2025-11-20T08:24:32Z</time>
   </trkpt>
   <trkpt lat="7.0366160" lon="125.4507980">
    <ele>225.2</ele>
    <time>2025-11-20T08:24:33Z</time>
   </trkpt>
   <trkpt lat="7.0366130" lon="125.4507950">
    <ele>225.3</ele>
    <time>2025-11-20T08:24:34Z</time>
   </trkpt>
   <trkpt lat="7.0366120" lon="125.4507960">
    <ele>225.3</ele>
    <time>2025-11-20T08:24:35Z</time>
   </trkpt>
   <trkpt lat="7.0366120" lon="125.4507960">
    <ele>225.3</ele>
    <time>2025-11-20T08:24:36Z</time>
   </trkpt>
   <trkpt lat="7.0366130" lon="125.4508000">
    <ele>225.4</ele>
    <time>2025-11-20T08:24:37Z</time>
   </trkpt>
   <trkpt lat="7.0366230" lon="125.4507990">
    <ele>225.6</ele>
    <time>2025-11-20T08:24:38Z</time>
   </trkpt>
   <trkpt lat="7.0366180" lon="125.4507990">
    <ele>225.7</ele>
    <time>2025-11-20T08:24:39Z</time>
   </trkpt>
   <trkpt lat="7.0366230" lon="125.4507980">
    <ele>225.8</ele>
    <time>2025-11-20T08:24:40Z</time>
   </trkpt>
   <trkpt lat="7.0366220" lon="125.4507980">
    <ele>225.8</ele>
    <time>2025-11-20T08:24:41Z</time>
   </trkpt>
   <trkpt lat="7.0366220" lon="125.4507980">
    <ele>225.8</ele>
    <time>2025-11-20T08:24:42Z</time>
   </trkpt>
   <trkpt lat="7.0366220" lon="125.4507980">
    <ele>225.8</ele>
    <time>2025-11-20T08:24:43Z</time>
   </trkpt>
   <trkpt lat="7.0366220" lon="125.4507980">
    <ele>225.8</ele>
    <time>2025-11-20T08:24:44Z</time>
   </trkpt>
   <trkpt lat="7.0366220" lon="125.4507980">
    <ele>225.8</ele>
    <time>2025-11-20T08:24:45Z</time>
   </trkpt>
   <trkpt lat="7.0366230" lon="125.4508040">
    <ele>226.0</ele>
    <time>2025-11-20T08:24:46Z</time>
   </trkpt>
   <trkpt lat="7.0366230" lon="125.4508040">
    <ele>226.0</ele>
    <time>2025-11-20T08:24:47Z</time>
   </trkpt>
   <trkpt lat="7.0366230" lon="125.4508040">
    <ele>226.0</ele>
    <time>2025-11-20T08:24:48Z</time>
   </trkpt>
   <trkpt lat="7.0366200" lon="125.4508020">
    <ele>226.1</ele>
    <time>2025-11-20T08:24:49Z</time>
   </trkpt>
   <trkpt lat="7.0366100" lon="125.4507960">
    <ele>226.3</ele>
    <time>2025-11-20T08:24:50Z</time>
   </trkpt>
   <trkpt lat="7.0366000" lon="125.4507960">
    <ele>226.5</ele>
    <time>2025-11-20T08:24:51Z</time>
   </trkpt>
   <trkpt lat="7.0365900" lon="125.4507950">
    <ele>226.8</ele>
    <time>2025-11-20T08:24:52Z</time>
   </trkpt>
   <trkpt lat="7.0365850" lon="125.4508030">
    <ele>227.0</ele>
    <time>2025-11-20T08:24:53Z</time>
   </trkpt>
   <trkpt lat="7.0365780" lon="125.4508180">
    <ele>227.3</ele>
    <time>2025-11-20T08:24:54Z</time>
   </trkpt>
   <trkpt lat="7.0365670" lon="125.4508180">
    <ele>227.6</ele>
    <time>2025-11-20T08:24:55Z</time>
   </trkpt>
   <trkpt lat="7.0365600" lon="125.4508220">
    <ele>227.8</ele>
    <time>2025-11-20T08:24:56Z</time>
   </trkpt>
   <trkpt lat="7.0365520" lon="125.4508310">
    <ele>228.0</ele>
    <time>2025-11-20T08:24:57Z</time>
   </trkpt>
   <trkpt lat="7.0365530" lon="125.4508470">
    <ele>228.4</ele>
    <time>2025-11-20T08:24:58Z</time>
   </trkpt>
   <trkpt lat="7.0365510" lon="125.4508500">
    <ele>228.5</ele>
    <time>2025-11-20T08:24:59Z</time>
   </trkpt>
   <trkpt lat="7.0365530" lon="125.4508630">
    <ele>228.8</ele>
    <time>2025-11-20T08:25:00Z</time>
   </trkpt>
   <trkpt lat="7.0365570" lon="125.4508730">
    <ele>229.1</ele>
    <time>2025-11-20T08:25:01Z</time>
   </trkpt>
   <trkpt lat="7.0365620" lon="125.4508810">
    <ele>229.3</ele>
    <time>2025-11-20T08:25:02Z</time>
   </trkpt>
   <trkpt lat="7.0365570" lon="125.4508840">
    <ele>229.4</ele>
    <time>2025-11-20T08:25:03Z</time>
   </trkpt>
   <trkpt lat="7.0365550" lon="125.4508810">
    <ele>229.5</ele>
    <time>2025-11-20T08:25:04Z</time>
   </trkpt>
   <trkpt lat="7.0365540" lon="125.4508890">
    <ele>229.7</ele>
    <time>2025-11-20T08:25:05Z</time>
   </trkpt>
   <trkpt lat="7.0365530" lon="125.4508980">
    <ele>229.9</ele>
    <time>2025-11-20T08:25:06Z</time>
   </trkpt>
   <trkpt lat="7.0365550" lon="125.4509020">
    <ele>230.0</ele>
    <time>2025-11-20T08:25:07Z</time>
   </trkpt>
   <trkpt lat="7.0365550" lon="125.4509050">
    <ele>230.1</ele>
    <time>2025-11-20T08:25:08Z</time>
   </trkpt>
   <trkpt lat="7.0365560" lon="125.4509140">
    <ele>230.3</ele>
    <time>2025-11-20T08:25:09Z</time>
   </trkpt>
   <trkpt lat="7.0365530" lon="125.4509240">
    <ele>230.6</ele>
    <time>2025-11-20T08:25:10Z</time>
   </trkpt>
   <trkpt lat="7.0365540" lon="125.4509250">
    <ele>230.6</ele>
    <time>2025-11-20T08:25:11Z</time>
   </trkpt>
   <trkpt lat="7.0365480" lon="125.4509210">
    <ele>230.8</ele>
    <time>2025-11-20T08:25:12Z</time>
   </trkpt>
   <trkpt lat="7.0365440" lon="125.4509310">
    <ele>231.1</ele>
    <time>2025-11-20T08:25:13Z</time>
   </trkpt>
   <trkpt lat="7.0365360" lon="125.4509300">
    <ele>231.3</ele>
    <time>2025-11-20T08:25:14Z</time>
   </trkpt>
   <trkpt lat="7.0365370" lon="125.4509320">
    <ele>231.3</ele>
    <time>2025-11-20T08:25:15Z</time>
   </trkpt>
   <trkpt lat="7.0365370" lon="125.4509340">
    <ele>231.4</ele>
    <time>2025-11-20T08:25:16Z</time>
   </trkpt>
   <trkpt lat="7.0365350" lon="125.4509440">
    <ele>231.6</ele>
    <time>2025-11-20T08:25:17Z</time>
   </trkpt>
   <trkpt lat="7.0365310" lon="125.4509530">
    <ele>231.9</ele>
    <time>2025-11-20T08:25:18Z</time>
   </trkpt>
   <trkpt lat="7.0365300" lon="125.4509570">
    <ele>232.0</ele>
    <time>2025-11-20T08:25:19Z</time>
   </trkpt>
   <trkpt lat="7.0365280" lon="125.4509560">
    <ele>232.0</ele>
    <time>2025-11-20T08:25:20Z</time>
   </trkpt>
   <trkpt lat="7.0365250" lon="125.4509570">
    <ele>232.1</ele>
    <time>2025-11-20T08:25:21Z</time>
   </trkpt>
   <trkpt lat="7.0365210" lon="125.4509580">
    <ele>232.2</ele>
    <time>2025-11-20T08:25:22Z</time>
   </trkpt>
   <trkpt lat="7.0365170" lon="125.4509590">
    <ele>232.3</ele>
    <time>2025-11-20T08:25:23Z</time>
   </trkpt>
   <trkpt lat="7.0365140" lon="125.4509600">
    <ele>232.4</ele>
    <time>2025-11-20T08:25:24Z</time>
   </trkpt>
   <trkpt lat="7.0365100" lon="125.4509620">
    <ele>232.5</ele>
    <time>2025-11-20T08:25:25Z</time>
   </trkpt>
   <trkpt lat="7.0365070" lon="125.4509630">
    <ele>232.6</ele>
    <time>2025-11-20T08:25:26Z</time>
   </trkpt>
   <trkpt lat="7.0365030" lon="125.4509640">
    <ele>232.7</ele>
    <time>2025-11-20T08:25:27Z</time>
   </trkpt>
   <trkpt lat="7.0364990" lon="125.4509650">
    <ele>232.8</ele>
    <time>2025-11-20T08:25:28Z</time>
   </trkpt>
   <trkpt lat="7.0364960" lon="125.4509660">
    <ele>232.8</ele>
    <time>2025-11-20T08:25:29Z</time>
   </trkpt>
   <trkpt lat="7.0364920" lon="125.4509670">
    <ele>232.9</ele>
    <time>2025-11-20T08:25:30Z</time>
   </trkpt>
   <trkpt lat="7.0364780" lon="125.4509760">
    <ele>233.4</ele>
    <time>2025-11-20T08:25:31Z</time>
   </trkpt>
   <trkpt lat="7.0364720" lon="125.4509820">
    <ele>233.6</ele>
    <time>2025-11-20T08:25:32Z</time>
   </trkpt>
   <trkpt lat="7.0364670" lon="125.4509870">
    <ele>233.7</ele>
    <time>2025-11-20T08:25:33Z</time>
   </trkpt>
   <trkpt lat="7.0364610" lon="125.4509930">
    <ele>234.0</ele>
    <time>2025-11-20T08:25:34Z</time>
   </trkpt>
   <trkpt lat="7.0364560" lon="125.4509980">
    <ele>234.1</ele>
    <time>2025-11-20T08:25:35Z</time>
   </trkpt>
   <trkpt lat="7.0364480" lon="125.4509860">
    <ele>234.5</ele>
    <time>2025-11-20T08:25:36Z</time>
   </trkpt>
   <trkpt lat="7.0364430" lon="125.4509850">
    <ele>234.6</ele>
    <time>2025-11-20T08:25:37Z</time>
   </trkpt>
   <trkpt lat="7.0364420" lon="125.4509910">
    <ele>234.8</ele>
    <time>2025-11-20T08:25:38Z</time>
   </trkpt>
   <trkpt lat="7.0364380" lon="125.4509940">
    <ele>234.9</ele>
    <time>2025-11-20T08:25:39Z</time>
   </trkpt>
   <trkpt lat="7.0364330" lon="125.4510020">
    <ele>235.1</ele>
    <time>2025-11-20T08:25:40Z</time>
   </trkpt>
   <trkpt lat="7.0364390" lon="125.4509940">
    <ele>235.4</ele>
    <time>2025-11-20T08:25:41Z</time>
   </trkpt>
   <trkpt lat="7.0364270" lon="125.4510000">
    <ele>235.7</ele>
    <time>2025-11-20T08:25:42Z</time>
   </trkpt>
   <trkpt lat="7.0364270" lon="125.4510000">
    <ele>235.7</ele>
    <time>2025-11-20T08:25:43Z</time>
   </trkpt>
   <trkpt lat="7.0364170" lon="125.4509980">
    <ele>236.0</ele>
    <time>2025-11-20T08:25:44Z</time>
   </trkpt>
   <trkpt lat="7.0364060" lon="125.4510090">
    <ele>236.4</ele>
    <time>2025-11-20T08:25:45Z</time>
   </trkpt>
   <trkpt lat="7.0363950" lon="125.4510140">
    <ele>236.7</ele>
    <time>2025-11-20T08:25:46Z</time>
   </trkpt>
   <trkpt lat="7.0363820" lon="125.4510200">
    <ele>237.0</ele>
    <time>2025-11-20T08:25:47Z</time>
   </trkpt>
   <trkpt lat="7.0363810" lon="125.4510270">
    <ele>237.2</ele>
    <time>2025-11-20T08:25:48Z</time>
   </trkpt>
   <trkpt lat="7.0363820" lon="125.4510350">
    <ele>237.4</ele>
    <time>2025-11-20T08:25:49Z</time>
   </trkpt>
   <trkpt lat="7.0363820" lon="125.4510350">
    <ele>237.4</ele>
    <time>2025-11-20T08:25:50Z</time>
   </trkpt>
   <trkpt lat="7.0363780" lon="125.4510370">
    <ele>237.5</ele>
    <time>2025-11-20T08:25:51Z</time>
   </trkpt>
   <trkpt lat="7.0363730" lon="125.4510410">
    <ele>237.7</ele>
    <time>2025-11-20T08:25:52Z</time>
   </trkpt>
   <trkpt lat="7.0363720" lon="125.4510380">
    <ele>237.8</ele>
    <time>2025-11-20T08:25:53Z</time>
   </trkpt>
   <trkpt lat="7.0363770" lon="125.4510380">
    <ele>237.9</ele>
    <time>2025-11-20T08:25:54Z</time>
   </trkpt>
   <trkpt lat="7.0363760" lon="125.4510280">
    <ele>238.2</ele>
    <time>2025-11-20T08:25:55Z</time>
   </trkpt>
   <trkpt lat="7.0363820" lon="125.4510290">
    <ele>238.3</ele>
    <time>2025-11-20T08:25:56Z</time>
   </trkpt>
   <trkpt lat="7.0363740" lon="125.4510250">
    <ele>238.6</ele>
    <time>2025-11-20T08:25:57Z</time>
   </trkpt>
   <trkpt lat="7.0363730" lon="125.4510250">
    <ele>238.6</ele>
    <time>2025-11-20T08:25:58Z</time>
   </trkpt>
   <trkpt lat="7.0363730" lon="125.4510250">
    <ele>238.6</ele>
    <time>2025-11-20T08:25:59Z</time>
   </trkpt>
   <trkpt lat="7.0363730" lon="125.4510250">
    <ele>238.6</ele>
    <time>2025-11-20T08:26:00Z</time>
   </trkpt>
   <trkpt lat="7.0363730" lon="125.4510250">
    <ele>238.6</ele>
    <time>2025-11-20T08:26:01Z</time>
   </trkpt>
   <trkpt lat="7.0363730" lon="125.4510250">
    <ele>238.6</ele>
    <time>2025-11-20T08:26:03Z</time>
   </trkpt>
   <trkpt lat="7.0363760" lon="125.4510090">
    <ele>239.0</ele>
    <time>2025-11-20T08:26:04Z</time>
   </trkpt>
   <trkpt lat="7.0363500" lon="125.4510210">
    <ele>239.7</ele>
    <time>2025-11-20T08:26:05Z</time>
   </trkpt>
   <trkpt lat="7.0363410" lon="125.4510280">
    <ele>240.0</ele>
    <time>2025-11-20T08:26:06Z</time>
   </trkpt>
   <trkpt lat="7.0363480" lon="125.4510250">
    <ele>240.2</ele>
    <time>2025-11-20T08:26:07Z</time>
   </trkpt>
   <trkpt lat="7.0363450" lon="125.4510380">
    <ele>240.6</ele>
    <time>2025-11-20T08:26:08Z</time>
   </trkpt>
   <trkpt lat="7.0363390" lon="125.4510370">
    <ele>240.7</ele>
    <time>2025-11-20T08:26:09Z</time>
   </trkpt>
   <trkpt lat="7.0363330" lon="125.4510380">
    <ele>240.9</ele>
    <time>2025-11-20T08:26:10Z</time>
   </trkpt>
   <trkpt lat="7.0363270" lon="125.4510310">
    <ele>241.1</ele>
    <time>2025-11-20T08:26:11Z</time>
   </trkpt>
   <trkpt lat="7.0363240" lon="125.4510340">
    <ele>241.2</ele>
    <time>2025-11-20T08:26:12Z</time>
   </trkpt>
   <trkpt lat="7.0363280" lon="125.4510340">
    <ele>241.3</ele>
    <time>2025-11-20T08:26:13Z</time>
   </trkpt>
   <trkpt lat="7.0363300" lon="125.4510350">
    <ele>241.4</ele>
    <time>2025-11-20T08:26:14Z</time>
   </trkpt>
   <trkpt lat="7.0363330" lon="125.4510370">
    <ele>241.5</ele>
    <time>2025-11-20T08:26:15Z</time>
   </trkpt>
   <trkpt lat="7.0363330" lon="125.4510350">
    <ele>241.5</ele>
    <time>2025-11-20T08:26:16Z</time>
   </trkpt>
   <trkpt lat="7.0363360" lon="125.4510350">
    <ele>241.6</ele>
    <time>2025-11-20T08:26:17Z</time>
   </trkpt>
   <trkpt lat="7.0363390" lon="125.4510370">
    <ele>241.7</ele>
    <time>2025-11-20T08:26:18Z</time>
   </trkpt>
   <trkpt lat="7.0363400" lon="125.4510380">
    <ele>241.8</ele>
    <time>2025-11-20T08:26:19Z</time>
   </trkpt>
   <trkpt lat="7.0363400" lon="125.4510380">
    <ele>241.8</ele>
    <time>2025-11-20T08:26:20Z</time>
   </trkpt>
   <trkpt lat="7.0363400" lon="125.4510380">
    <ele>241.8</ele>
    <time>2025-11-20T08:26:21Z</time>
   </trkpt>
   <trkpt lat="7.0363400" lon="125.4510380">
    <ele>241.8</ele>
    <time>2025-11-20T08:26:22Z</time>
   </trkpt>
   <trkpt lat="7.0363390" lon="125.4510370">
    <ele>241.8</ele>
    <time>2025-11-20T08:26:23Z</time>
   </trkpt>
   <trkpt lat="7.0363400" lon="125.4510380">
    <ele>241.8</ele>
    <time>2025-11-20T08:26:24Z</time>
   </trkpt>
   <trkpt lat="7.0363400" lon="125.4510380">
    <ele>241.8</ele>
    <time>2025-11-20T08:26:25Z</time>
   </trkpt>
   <trkpt lat="7.0363400" lon="125.4510380">
    <ele>241.8</ele>
    <time>2025-11-20T08:26:26Z</time>
   </trkpt>
   <trkpt lat="7.0363400" lon="125.4510380">
    <ele>241.8</ele>
    <time>2025-11-20T08:26:27Z</time>
   </trkpt>
   <trkpt lat="7.0363400" lon="125.4510380">
    <ele>241.8</ele>
    <time>2025-11-20T08:26:28Z</time>
   </trkpt>
   <trkpt lat="7.0363400" lon="125.4510380">
    <ele>241.8</ele>
    <time>2025-11-20T08:26:29Z</time>
   </trkpt>
   <trkpt lat="7.0363440" lon="125.4510390">
    <ele>241.9</ele>
    <time>2025-11-20T08:26:30Z</time>
   </trkpt>
   <trkpt lat="7.0363440" lon="125.4510400">
    <ele>242.0</ele>
    <time>2025-11-20T08:26:31Z</time>
   </trkpt>
   <trkpt lat="7.0363440" lon="125.4510400">
    <ele>242.0</ele>
    <time>2025-11-20T08:26:32Z</time>
   </trkpt>
   <trkpt lat="7.0363410" lon="125.4510400">
    <ele>242.0</ele>
    <time>2025-11-20T08:26:33Z</time>
   </trkpt>
   <trkpt lat="7.0363410" lon="125.4510400">
    <ele>242.0</ele>
    <time>2025-11-20T08:26:34Z</time>
   </trkpt>
   <trkpt lat="7.0363410" lon="125.4510400">
    <ele>242.0</ele>
    <time>2025-11-20T08:26:35Z</time>
   </trkpt>
   <trkpt lat="7.0363410" lon="125.4510400">
    <ele>242.0</ele>
    <time>2025-11-20T08:26:36Z</time>
   </trkpt>
   <trkpt lat="7.0363410" lon="125.4510400">
    <ele>242.0</ele>
    <time>2025-11-20T08:26:37Z</time>
   </trkpt>
   <trkpt lat="7.0363410" lon="125.4510400">
    <ele>242.0</ele>
    <time>2025-11-20T08:26:38Z</time>
   </trkpt>
   <trkpt lat="7.0363410" lon="125.4510400">
    <ele>242.0</ele>
    <time>2025-11-20T08:26:39Z</time>
   </trkpt>
   <trkpt lat="7.0363390" lon="125.4510410">
    <ele>242.1</ele>
    <time>2025-11-20T08:26:40Z</time>
   </trkpt>
   <trkpt lat="7.0363390" lon="125.4510410">
    <ele>242.1</ele>
    <time>2025-11-20T08:26:41Z</time>
   </trkpt>
   <trkpt lat="7.0363390" lon="125.4510410">
    <ele>242.1</ele>
    <time>2025-11-20T08:26:42Z</time>
   </trkpt>
   <trkpt lat="7.0363390" lon="125.4510410">
    <ele>242.1</ele>
    <time>2025-11-20T08:26:43Z</time>
   </trkpt>
   <trkpt lat="7.0363390" lon="125.4510410">
    <ele>242.1</ele>
    <time>2025-11-20T08:26:44Z</time>
   </trkpt>
   <trkpt lat="7.0363390" lon="125.4510410">
    <ele>242.1</ele>
    <time>2025-11-20T08:26:45Z</time>
   </trkpt>
   <trkpt lat="7.0363350" lon="125.4510430">
    <ele>242.2</ele>
    <time>2025-11-20T08:26:46Z</time>
   </trkpt>
   <trkpt lat="7.0363440" lon="125.4510450">
    <ele>242.4</ele>
    <time>2025-11-20T08:26:47Z</time>
   </trkpt>
   <trkpt lat="7.0363460" lon="125.4510470">
    <ele>242.5</ele>
    <time>2025-11-20T08:26:48Z</time>
   </trkpt>
   <trkpt lat="7.0363480" lon="125.4510460">
    <ele>242.6</ele>
    <time>2025-11-20T08:26:49Z</time>
   </trkpt>
   <trkpt lat="7.0363490" lon="125.4510460">
    <ele>242.6</ele>
    <time>2025-11-20T08:26:50Z</time>
   </trkpt>
   <trkpt lat="7.0363500" lon="125.4510460">
    <ele>242.6</ele>
    <time>2025-11-20T08:26:51Z</time>
   </trkpt>
   <trkpt lat="7.0363500" lon="125.4510460">
    <ele>242.6</ele>
    <time>2025-11-20T08:26:52Z</time>
   </trkpt>
   <trkpt lat="7.0363500" lon="125.4510460">
    <ele>242.6</ele>
    <time>2025-11-20T08:26:53Z</time>
   </trkpt>
   <trkpt lat="7.0363480" lon="125.4510410">
    <ele>242.8</ele>
    <time>2025-11-20T08:26:54Z</time>
   </trkpt>
   <trkpt lat="7.0363460" lon="125.4510400">
    <ele>242.8</ele>
    <time>2025-11-20T08:26:55Z</time>
   </trkpt>
   <trkpt lat="7.0363480" lon="125.4510400">
    <ele>242.9</ele>
    <time>2025-11-20T08:26:56Z</time>
   </trkpt>
   <trkpt lat="7.0363500" lon="125.4510400">
    <ele>242.9</ele>
    <time>2025-11-20T08:26:57Z</time>
   </trkpt>
   <trkpt lat="7.0363500" lon="125.4510400">
    <ele>242.9</ele>
    <time>2025-11-20T08:26:58Z</time>
   </trkpt>
   <trkpt lat="7.0363520" lon="125.4510390">
    <ele>243.0</ele>
    <time>2025-11-20T08:26:59Z</time>
   </trkpt>
   <trkpt lat="7.0363520" lon="125.4510390">
    <ele>243.0</ele>
    <time>2025-11-20T08:27:00Z</time>
   </trkpt>
   <trkpt lat="7.0363500" lon="125.4510400">
    <ele>243.0</ele>
    <time>2025-11-20T08:27:01Z</time>
   </trkpt>
   <trkpt lat="7.0363540" lon="125.4510400">
    <ele>243.1</ele>
    <time>2025-11-20T08:27:02Z</time>
   </trkpt>
   <trkpt lat="7.0363540" lon="125.4510400">
    <ele>243.1</ele>
    <time>2025-11-20T08:27:03Z</time>
   </trkpt>
   <trkpt lat="7.0363580" lon="125.4510400">
    <ele>243.2</ele>
    <time>2025-11-20T08:27:04Z</time>
   </trkpt>
   <trkpt lat="7.0363580" lon="125.4510400">
    <ele>243.2</ele>
    <time>2025-11-20T08:27:05Z</time>
   </trkpt>
   <trkpt lat="7.0363650" lon="125.4510480">
    <ele>243.5</ele>
    <time>2025-11-20T08:27:06Z</time>
   </trkpt>
   <trkpt lat="7.0363580" lon="125.4510450">
    <ele>243.7</ele>
    <time>2025-11-20T08:27:07Z</time>
   </trkpt>
   <trkpt lat="7.0363600" lon="125.4510470">
    <ele>243.8</ele>
    <time>2025-11-20T08:27:08Z</time>
   </trkpt>
   <trkpt lat="7.0363610" lon="125.4510390">
    <ele>244.0</ele>
    <time>2025-11-20T08:27:09Z</time>
   </trkpt>
   <trkpt lat="7.0363380" lon="125.4510340">
    <ele>244.6</ele>
    <time>2025-11-20T08:27:10Z</time>
   </trkpt>
   <trkpt lat="7.0363300" lon="125.4510310">
    <ele>244.8</ele>
    <time>2025-11-20T08:27:11Z</time>
   </trkpt>
   <trkpt lat="7.0363250" lon="125.4510320">
    <ele>245.0</ele>
    <time>2025-11-20T08:27:12Z</time>
   </trkpt>
   <trkpt lat="7.0363270" lon="125.4510320">
    <ele>245.0</ele>
    <time>2025-11-20T08:27:13Z</time>
   </trkpt>
   <trkpt lat="7.0363260" lon="125.4510340">
    <ele>245.1</ele>
    <time>2025-11-20T08:27:14Z</time>
   </trkpt>
   <trkpt lat="7.0363260" lon="125.4510350">
    <ele>245.1</ele>
    <time>2025-11-20T08:27:15Z</time>
   </trkpt>
   <trkpt lat="7.0363260" lon="125.4510380">
    <ele>245.2</ele>
    <time>2025-11-20T08:27:16Z</time>
   </trkpt>
   <trkpt lat="7.0363240" lon="125.4510390">
    <ele>245.2</ele>
    <time>2025-11-20T08:27:17Z</time>
   </trkpt>
   <trkpt lat="7.0363260" lon="125.4510400">
    <ele>245.3</ele>
    <time>2025-11-20T08:27:18Z</time>
   </trkpt>
   <trkpt lat="7.0363260" lon="125.4510400">
    <ele>245.3</ele>
    <time>2025-11-20T08:27:19Z</time>
   </trkpt>
   <trkpt lat="7.0363260" lon="125.4510450">
    <ele>245.4</ele>
    <time>2025-11-20T08:27:20Z</time>
   </trkpt>
   <trkpt lat="7.0363220" lon="125.4510440">
    <ele>245.5</ele>
    <time>2025-11-20T08:27:21Z</time>
   </trkpt>
   <trkpt lat="7.0363230" lon="125.4510450">
    <ele>245.6</ele>
    <time>2025-11-20T08:27:22Z</time>
   </trkpt>
   <trkpt lat="7.0363220" lon="125.4510490">
    <ele>245.7</ele>
    <time>2025-11-20T08:27:23Z</time>
   </trkpt>
   <trkpt lat="7.0363200" lon="125.4510460">
    <ele>245.8</ele>
    <time>2025-11-20T08:27:24Z</time>
   </trkpt>
   <trkpt lat="7.0363200" lon="125.4510440">
    <ele>245.8</ele>
    <time>2025-11-20T08:27:25Z</time>
   </trkpt>
   <trkpt lat="7.0363100" lon="125.4510440">
    <ele>246.1</ele>
    <time>2025-11-20T08:27:26Z</time>
   </trkpt>
   <trkpt lat="7.0363040" lon="125.4510440">
    <ele>246.2</ele>
    <time>2025-11-20T08:27:27Z</time>
   </trkpt>
   <trkpt lat="7.0363070" lon="125.4510440">
    <ele>246.3</ele>
    <time>2025-11-20T08:27:28Z</time>
   </trkpt>
   <trkpt lat="7.0363100" lon="125.4510390">
    <ele>246.4</ele>
    <time>2025-11-20T08:27:29Z</time>
   </trkpt>
   <trkpt lat="7.0363100" lon="125.4510400">
    <ele>246.5</ele>
    <time>2025-11-20T08:27:30Z</time>
   </trkpt>
   <trkpt lat="7.0363110" lon="125.4510380">
    <ele>246.5</ele>
    <time>2025-11-20T08:27:31Z</time>
   </trkpt>
   <trkpt lat="7.0363050" lon="125.4510370">
    <ele>246.7</ele>
    <time>2025-11-20T08:27:32Z</time>
   </trkpt>
   <trkpt lat="7.0363050" lon="125.4510390">
    <ele>246.7</ele>
    <time>2025-11-20T08:27:33Z</time>
   </trkpt>
   <trkpt lat="7.0363020" lon="125.4510370">
    <ele>246.8</ele>
    <time>2025-11-20T08:27:34Z</time>
   </trkpt>
   <trkpt lat="7.0363060" lon="125.4510350">
    <ele>246.9</ele>
    <time>2025-11-20T08:27:35Z</time>
   </trkpt>
   <trkpt lat="7.0363100" lon="125.4510370">
    <ele>247.1</ele>
    <time>2025-11-20T08:27:36Z</time>
   </trkpt>
   <trkpt lat="7.0363120" lon="125.4510380">
    <ele>247.1</ele>
    <time>2025-11-20T08:27:37Z</time>
   </trkpt>
   <trkpt lat="7.0363150" lon="125.4510380">
    <ele>247.2</ele>
    <time>2025-11-20T08:27:38Z</time>
   </trkpt>
   <trkpt lat="7.0363150" lon="125.4510380">
    <ele>247.2</ele>
    <time>2025-11-20T08:27:39Z</time>
   </trkpt>
   <trkpt lat="7.0363160" lon="125.4510380">
    <ele>247.2</ele>
    <time>2025-11-20T08:27:40Z</time>
   </trkpt>
   <trkpt lat="7.0363160" lon="125.4510380">
    <ele>247.2</ele>
    <time>2025-11-20T08:27:41Z</time>
   </trkpt>
   <trkpt lat="7.0363160" lon="125.4510380">
    <ele>247.2</ele>
    <time>2025-11-20T08:27:42Z</time>
   </trkpt>
   <trkpt lat="7.0363160" lon="125.4510380">
    <ele>247.2</ele>
    <time>2025-11-20T08:27:43Z</time>
   </trkpt>
   <trkpt lat="7.0363160" lon="125.4510380">
    <ele>247.2</ele>
    <time>2025-11-20T08:27:44Z</time>
   </trkpt>
   <trkpt lat="7.0363160" lon="125.4510380">
    <ele>247.2</ele>
    <time>2025-11-20T08:27:45Z</time>
   </trkpt>
   <trkpt lat="7.0363160" lon="125.4510380">
    <ele>247.2</ele>
    <time>2025-11-20T08:27:46Z</time>
   </trkpt>
   <trkpt lat="7.0363230" lon="125.4510400">
    <ele>247.4</ele>
    <time>2025-11-20T08:27:47Z</time>
   </trkpt>
   <trkpt lat="7.0363240" lon="125.4510400">
    <ele>247.4</ele>
    <time>2025-11-20T08:27:48Z</time>
   </trkpt>
   <trkpt lat="7.0363240" lon="125.4510400">
    <ele>247.4</ele>
    <time>2025-11-20T08:27:49Z</time>
   </trkpt>
   <trkpt lat="7.0363270" lon="125.4510400">
    <ele>247.5</ele>
    <time>2025-11-20T08:27:50Z</time>
   </trkpt>
   <trkpt lat="7.0363280" lon="125.4510410">
    <ele>247.5</ele>
    <time>2025-11-20T08:27:51Z</time>
   </trkpt>
   <trkpt lat="7.0363270" lon="125.4510410">
    <ele>247.6</ele>
    <time>2025-11-20T08:27:52Z</time>
   </trkpt>
   <trkpt lat="7.0363260" lon="125.4510400">
    <ele>247.6</ele>
    <time>2025-11-20T08:27:53Z</time>
   </trkpt>
   <trkpt lat="7.0363260" lon="125.4510410">
    <ele>247.6</ele>
    <time>2025-11-20T08:27:54Z</time>
   </trkpt>
   <trkpt lat="7.0363270" lon="125.4510400">
    <ele>247.7</ele>
    <time>2025-11-20T08:27:55Z</time>
   </trkpt>
   <trkpt lat="7.0363280" lon="125.4510390">
    <ele>247.7</ele>
    <time>2025-11-20T08:27:56Z</time>
   </trkpt>
   <trkpt lat="7.0363280" lon="125.4510390">
    <ele>247.7</ele>
    <time>2025-11-20T08:27:57Z</time>
   </trkpt>
   <trkpt lat="7.0363280" lon="125.4510390">
    <ele>247.7</ele>
    <time>2025-11-20T08:27:58Z</time>
   </trkpt>
   <trkpt lat="7.0363280" lon="125.4510390">
    <ele>247.7</ele>
    <time>2025-11-20T08:27:59Z</time>
   </trkpt>
   <trkpt lat="7.0363310" lon="125.4510390">
    <ele>247.8</ele>
    <time>2025-11-20T08:28:00Z</time>
   </trkpt>
   <trkpt lat="7.0363310" lon="125.4510390">
    <ele>247.8</ele>
    <time>2025-11-20T08:28:01Z</time>
   </trkpt>
   <trkpt lat="7.0363310" lon="125.4510390">
    <ele>247.8</ele>
    <time>2025-11-20T08:28:02Z</time>
   </trkpt>
   <trkpt lat="7.0363320" lon="125.4510390">
    <ele>247.8</ele>
    <time>2025-11-20T08:28:03Z</time>
   </trkpt>
   <trkpt lat="7.0363300" lon="125.4510360">
    <ele>247.9</ele>
    <time>2025-11-20T08:28:04Z</time>
   </trkpt>
   <trkpt lat="7.0363300" lon="125.4510380">
    <ele>248.0</ele>
    <time>2025-11-20T08:28:05Z</time>
   </trkpt>
   <trkpt lat="7.0363230" lon="125.4510380">
    <ele>248.1</ele>
    <time>2025-11-20T08:28:06Z</time>
   </trkpt>
   <trkpt lat="7.0363230" lon="125.4510380">
    <ele>248.1</ele>
    <time>2025-11-20T08:28:07Z</time>
   </trkpt>
   <trkpt lat="7.0363230" lon="125.4510380">
    <ele>248.1</ele>
    <time>2025-11-20T08:28:08Z</time>
   </trkpt>
   <trkpt lat="7.0363230" lon="125.4510380">
    <ele>248.1</ele>
    <time>2025-11-20T08:28:09Z</time>
   </trkpt>
   <trkpt lat="7.0363220" lon="125.4510410">
    <ele>248.2</ele>
    <time>2025-11-20T08:28:10Z</time>
   </trkpt>
   <trkpt lat="7.0363180" lon="125.4510410">
    <ele>248.3</ele>
    <time>2025-11-20T08:28:11Z</time>
   </trkpt>
   <trkpt lat="7.0363210" lon="125.4510410">
    <ele>248.4</ele>
    <time>2025-11-20T08:28:12Z</time>
   </trkpt>
   <trkpt lat="7.0363210" lon="125.4510420">
    <ele>248.4</ele>
    <time>2025-11-20T08:28:13Z</time>
   </trkpt>
   <trkpt lat="7.0363210" lon="125.4510420">
    <ele>248.4</ele>
    <time>2025-11-20T08:28:14Z</time>
   </trkpt>
   <trkpt lat="7.0363230" lon="125.4510420">
    <ele>248.5</ele>
    <time>2025-11-20T08:28:15Z</time>
   </trkpt>
   <trkpt lat="7.0363230" lon="125.4510420">
    <ele>248.5</ele>
    <time>2025-11-20T08:28:16Z</time>
   </trkpt>
   <trkpt lat="7.0363230" lon="125.4510420">
    <ele>248.5</ele>
    <time>2025-11-20T08:28:17Z</time>
   </trkpt>
   <trkpt lat="7.0363200" lon="125.4510420">
    <ele>248.5</ele>
    <time>2025-11-20T08:28:18Z</time>
   </trkpt>
   <trkpt lat="7.0363200" lon="125.4510440">
    <ele>248.6</ele>
    <time>2025-11-20T08:28:19Z</time>
   </trkpt>
   <trkpt lat="7.0363220" lon="125.4510440">
    <ele>248.6</ele>
    <time>2025-11-20T08:28:20Z</time>
   </trkpt>
   <trkpt lat="7.0363220" lon="125.4510440">
    <ele>248.6</ele>
    <time>2025-11-20T08:28:21Z</time>
   </trkpt>
   <trkpt lat="7.0363230" lon="125.4510440">
    <ele>248.7</ele>
    <time>2025-11-20T08:28:22Z</time>
   </trkpt>
   <trkpt lat="7.0363230" lon="125.4510430">
    <ele>248.7</ele>
    <time>2025-11-20T08:28:23Z</time>
   </trkpt>
   <trkpt lat="7.0363250" lon="125.4510430">
    <ele>248.7</ele>
    <time>2025-11-20T08:28:24Z</time>
   </trkpt>
   <trkpt lat="7.0363240" lon="125.4510430">
    <ele>248.8</ele>
    <time>2025-11-20T08:28:25Z</time>
   </trkpt>
   <trkpt lat="7.0363240" lon="125.4510440">
    <ele>248.8</ele>
    <time>2025-11-20T08:28:26Z</time>
   </trkpt>
   <trkpt lat="7.0363230" lon="125.4510450">
    <ele>248.8</ele>
    <time>2025-11-20T08:28:27Z</time>
   </trkpt>
   <trkpt lat="7.0363200" lon="125.4510410">
    <ele>248.9</ele>
    <time>2025-11-20T08:28:28Z</time>
   </trkpt>
   <trkpt lat="7.0363240" lon="125.4510440">
    <ele>249.1</ele>
    <time>2025-11-20T08:28:29Z</time>
   </trkpt>
   <trkpt lat="7.0363230" lon="125.4510430">
    <ele>249.1</ele>
    <time>2025-11-20T08:28:30Z</time>
   </trkpt>
   <trkpt lat="7.0363210" lon="125.4510440">
    <ele>249.1</ele>
    <time>2025-11-20T08:28:31Z</time>
   </trkpt>
   <trkpt lat="7.0363220" lon="125.4510440">
    <ele>249.2</ele>
    <time>2025-11-20T08:28:32Z</time>
   </trkpt>
   <trkpt lat="7.0363220" lon="125.4510440">
    <ele>249.2</ele>
    <time>2025-11-20T08:28:33Z</time>
   </trkpt>
   <trkpt lat="7.0363220" lon="125.4510440">
    <ele>249.2</ele>
    <time>2025-11-20T08:28:34Z</time>
   </trkpt>
   <trkpt lat="7.0363210" lon="125.4510470">
    <ele>249.2</ele>
    <time>2025-11-20T08:28:35Z</time>
   </trkpt>
   <trkpt lat="7.0363220" lon="125.4510440">
    <ele>249.3</ele>
    <time>2025-11-20T08:28:36Z</time>
   </trkpt>
   <trkpt lat="7.0363220" lon="125.4510440">
    <ele>249.3</ele>
    <time>2025-11-20T08:28:37Z</time>
   </trkpt>
   <trkpt lat="7.0363220" lon="125.4510440">
    <ele>249.3</ele>
    <time>2025-11-20T08:28:38Z</time>
   </trkpt>
   <trkpt lat="7.0363220" lon="125.4510440">
    <ele>249.3</ele>
    <time>2025-11-20T08:28:39Z</time>
   </trkpt>
   <trkpt lat="7.0363220" lon="125.4510440">
    <ele>249.3</ele>
    <time>2025-11-20T08:28:40Z</time>
   </trkpt>
   <trkpt lat="7.0363220" lon="125.4510440">
    <ele>249.3</ele>
    <time>2025-11-20T08:28:41Z</time>
   </trkpt>
   <trkpt lat="7.0363220" lon="125.4510440">
    <ele>249.3</ele>
    <time>2025-11-20T08:28:42Z</time>
   </trkpt>
   <trkpt lat="7.0363220" lon="125.4510440">
    <ele>249.3</ele>
    <time>2025-11-20T08:28:43Z</time>
   </trkpt>
   <trkpt lat="7.0363220" lon="125.4510440">
    <ele>249.3</ele>
    <time>2025-11-20T08:28:44Z</time>
   </trkpt>
   <trkpt lat="7.0363220" lon="125.4510440">
    <ele>249.3</ele>
    <time>2025-11-20T08:28:45Z</time>
   </trkpt>
   <trkpt lat="7.0363220" lon="125.4510440">
    <ele>249.3</ele>
    <time>2025-11-20T08:28:46Z</time>
   </trkpt>
   <trkpt lat="7.0363220" lon="125.4510440">
    <ele>249.3</ele>
    <time>2025-11-20T08:28:47Z</time>
   </trkpt>
   <trkpt lat="7.0363220" lon="125.4510440">
    <ele>249.3</ele>
    <time>2025-11-20T08:28:48Z</time>
   </trkpt>
   <trkpt lat="7.0363220" lon="125.4510440">
    <ele>249.3</ele>
    <time>2025-11-20T08:28:49Z</time>
   </trkpt>
   <trkpt lat="7.0363220" lon="125.4510440">
    <ele>249.3</ele>
    <time>2025-11-20T08:28:50Z</time>
   </trkpt>
   <trkpt lat="7.0363220" lon="125.4510440">
    <ele>249.3</ele>
    <time>2025-11-20T08:28:51Z</time>
   </trkpt>
   <trkpt lat="7.0363220" lon="125.4510440">
    <ele>249.3</ele>
    <time>2025-11-20T08:28:52Z</time>
   </trkpt>
   <trkpt lat="7.0363220" lon="125.4510440">
    <ele>249.3</ele>
    <time>2025-11-20T08:28:53Z</time>
   </trkpt>
   <trkpt lat="7.0363280" lon="125.4510560">
    <ele>249.7</ele>
    <time>2025-11-20T08:28:54Z</time>
   </trkpt>
   <trkpt lat="7.0363240" lon="125.4510560">
    <ele>249.8</ele>
    <time>2025-11-20T08:28:55Z</time>
   </trkpt>
   <trkpt lat="7.0363240" lon="125.4510560">
    <ele>249.8</ele>
    <time>2025-11-20T08:28:56Z</time>
   </trkpt>
   <trkpt lat="7.0363240" lon="125.4510560">
    <ele>249.8</ele>
    <time>2025-11-20T08:28:57Z</time>
   </trkpt>
   <trkpt lat="7.0363240" lon="125.4510560">
    <ele>249.8</ele>
    <time>2025-11-20T08:28:58Z</time>
   </trkpt>
   <trkpt lat="7.0363240" lon="125.4510560">
    <ele>249.8</ele>
    <time>2025-11-20T08:28:59Z</time>
   </trkpt>
   <trkpt lat="7.0363240" lon="125.4510560">
    <ele>249.8</ele>
    <time>2025-11-20T08:29:00Z</time>
   </trkpt>
   <trkpt lat="7.0363240" lon="125.4510560">
    <ele>249.8</ele>
    <time>2025-11-20T08:29:01Z</time>
   </trkpt>
   <trkpt lat="7.0363240" lon="125.4510560">
    <ele>249.8</ele>
    <time>2025-11-20T08:29:02Z</time>
   </trkpt>
   <trkpt lat="7.0363240" lon="125.4510560">
    <ele>249.8</ele>
    <time>2025-11-20T08:29:03Z</time>
   </trkpt>
   <trkpt lat="7.0363240" lon="125.4510560">
    <ele>249.8</ele>
    <time>2025-11-20T08:29:04Z</time>
   </trkpt>
   <trkpt lat="7.0363240" lon="125.4510560">
    <ele>249.8</ele>
    <time>2025-11-20T08:29:05Z</time>
   </trkpt>
   <trkpt lat="7.0363240" lon="125.4510560">
    <ele>249.8</ele>
    <time>2025-11-20T08:29:06Z</time>
   </trkpt>
   <trkpt lat="7.0363240" lon="125.4510560">
    <ele>249.8</ele>
    <time>2025-11-20T08:29:07Z</time>
   </trkpt>
   <trkpt lat="7.0363240" lon="125.4510560">
    <ele>249.8</ele>
    <time>2025-11-20T08:29:08Z</time>
   </trkpt>
   <trkpt lat="7.0363240" lon="125.4510560">
    <ele>249.8</ele>
    <time>2025-11-20T08:29:09Z</time>
   </trkpt>
   <trkpt lat="7.0363240" lon="125.4510560">
    <ele>249.8</ele>
    <time>2025-11-20T08:29:10Z</time>
   </trkpt>
   <trkpt lat="7.0363240" lon="125.4510560">
    <ele>249.8</ele>
    <time>2025-11-20T08:29:11Z</time>
   </trkpt>
   <trkpt lat="7.0363240" lon="125.4510560">
    <ele>249.8</ele>
    <time>2025-11-20T08:29:12Z</time>
   </trkpt>
   <trkpt lat="7.0363240" lon="125.4510560">
    <ele>249.8</ele>
    <time>2025-11-20T08:29:13Z</time>
   </trkpt>
   <trkpt lat="7.0363240" lon="125.4510560">
    <ele>249.8</ele>
    <time>2025-11-20T08:29:14Z</time>
   </trkpt>
   <trkpt lat="7.0363140" lon="125.4510610">
    <ele>250.0</ele>
    <time>2025-11-20T08:29:15Z</time>
   </trkpt>
   <trkpt lat="7.0363150" lon="125.4510620">
    <ele>250.1</ele>
    <time>2025-11-20T08:29:16Z</time>
   </trkpt>
   <trkpt lat="7.0363150" lon="125.4510620">
    <ele>250.1</ele>
    <time>2025-11-20T08:29:17Z</time>
   </trkpt>
   <trkpt lat="7.0363150" lon="125.4510620">
    <ele>250.1</ele>
    <time>2025-11-20T08:29:18Z</time>
   </trkpt>
   <trkpt lat="7.0363160" lon="125.4510600">
    <ele>250.1</ele>
    <time>2025-11-20T08:29:19Z</time>
   </trkpt>
   <trkpt lat="7.0363160" lon="125.4510600">
    <ele>250.1</ele>
    <time>2025-11-20T08:29:20Z</time>
   </trkpt>
   <trkpt lat="7.0363160" lon="125.4510600">
    <ele>250.1</ele>
    <time>2025-11-20T08:29:21Z</time>
   </trkpt>
   <trkpt lat="7.0363160" lon="125.4510600">
    <ele>250.1</ele>
    <time>2025-11-20T08:29:22Z</time>
   </trkpt>
   <trkpt lat="7.0363160" lon="125.4510600">
    <ele>250.1</ele>
    <time>2025-11-20T08:29:23Z</time>
   </trkpt>
   <trkpt lat="7.0363110" lon="125.4510580">
    <ele>250.2</ele>
    <time>2025-11-20T08:29:24Z</time>
   </trkpt>
   <trkpt lat="7.0363090" lon="125.4510560">
    <ele>250.3</ele>
    <time>2025-11-20T08:29:25Z</time>
   </trkpt>
   <trkpt lat="7.0363090" lon="125.4510560">
    <ele>250.3</ele>
    <time>2025-11-20T08:29:26Z</time>
   </trkpt>
   <trkpt lat="7.0363090" lon="125.4510560">
    <ele>250.3</ele>
    <time>2025-11-20T08:29:27Z</time>
   </trkpt>
   <trkpt lat="7.0363090" lon="125.4510560">
    <ele>250.3</ele>
    <time>2025-11-20T08:29:28Z</time>
   </trkpt>
   <trkpt lat="7.0363090" lon="125.4510560">
    <ele>250.3</ele>
    <time>2025-11-20T08:29:29Z</time>
   </trkpt>
   <trkpt lat="7.0363080" lon="125.4510530">
    <ele>250.4</ele>
    <time>2025-11-20T08:29:30Z</time>
   </trkpt>
   <trkpt lat="7.0363070" lon="125.4510510">
    <ele>250.4</ele>
    <time>2025-11-20T08:29:31Z</time>
   </trkpt>
   <trkpt lat="7.0363070" lon="125.4510510">
    <ele>250.4</ele>
    <time>2025-11-20T08:29:32Z</time>
   </trkpt>
   <trkpt lat="7.0363070" lon="125.4510510">
    <ele>250.4</ele>
    <time>2025-11-20T08:29:33Z</time>
   </trkpt>
   <trkpt lat="7.0363070" lon="125.4510510">
    <ele>250.4</ele>
    <time>2025-11-20T08:29:34Z</time>
   </trkpt>
   <trkpt lat="7.0363070" lon="125.4510510">
    <ele>250.4</ele>
    <time>2025-11-20T08:29:35Z</time>
   </trkpt>
   <trkpt lat="7.0363070" lon="125.4510510">
    <ele>250.4</ele>
    <time>2025-11-20T08:29:36Z</time>
   </trkpt>
   <trkpt lat="7.0363070" lon="125.4510510">
    <ele>250.4</ele>
    <time>2025-11-20T08:29:37Z</time>
   </trkpt>
   <trkpt lat="7.0363070" lon="125.4510510">
    <ele>250.4</ele>
    <time>2025-11-20T08:29:38Z</time>
   </trkpt>
   <trkpt lat="7.0363060" lon="125.4510510">
    <ele>250.5</ele>
    <time>2025-11-20T08:29:39Z</time>
   </trkpt>
   <trkpt lat="7.0363060" lon="125.4510510">
    <ele>250.5</ele>
    <time>2025-11-20T08:29:40Z</time>
   </trkpt>
   <trkpt lat="7.0363060" lon="125.4510510">
    <ele>250.5</ele>
    <time>2025-11-20T08:29:41Z</time>
   </trkpt>
   <trkpt lat="7.0363070" lon="125.4510540">
    <ele>250.6</ele>
    <time>2025-11-20T08:29:42Z</time>
   </trkpt>
   <trkpt lat="7.0363120" lon="125.4510550">
    <ele>250.7</ele>
    <time>2025-11-20T08:29:43Z</time>
   </trkpt>
   <trkpt lat="7.0363140" lon="125.4510580">
    <ele>250.8</ele>
    <time>2025-11-20T08:29:44Z</time>
   </trkpt>
   <trkpt lat="7.0363240" lon="125.4510600">
    <ele>251.0</ele>
    <time>2025-11-20T08:29:45Z</time>
   </trkpt>
   <trkpt lat="7.0363120" lon="125.4510670">
    <ele>251.3</ele>
    <time>2025-11-20T08:29:46Z</time>
   </trkpt>
   <trkpt lat="7.0363150" lon="125.4510650">
    <ele>251.4</ele>
    <time>2025-11-20T08:29:47Z</time>
   </trkpt>
   <trkpt lat="7.0363150" lon="125.4510650">
    <ele>251.4</ele>
    <time>2025-11-20T08:29:48Z</time>
   </trkpt>
   <trkpt lat="7.0363160" lon="125.4510660">
    <ele>251.5</ele>
    <time>2025-11-20T08:29:49Z</time>
   </trkpt>
   <trkpt lat="7.0363170" lon="125.4510610">
    <ele>251.6</ele>
    <time>2025-11-20T08:29:50Z</time>
   </trkpt>
   <trkpt lat="7.0363180" lon="125.4510630">
    <ele>251.6</ele>
    <time>2025-11-20T08:29:51Z</time>
   </trkpt>
   <trkpt lat="7.0363150" lon="125.4510540">
    <ele>251.8</ele>
    <time>2025-11-20T08:29:52Z</time>
   </trkpt>
   <trkpt lat="7.0363140" lon="125.4510510">
    <ele>251.9</ele>
    <time>2025-11-20T08:29:53Z</time>
   </trkpt>
   <trkpt lat="7.0363150" lon="125.4510530">
    <ele>252.0</ele>
    <time>2025-11-20T08:29:54Z</time>
   </trkpt>
   <trkpt lat="7.0363150" lon="125.4510500">
    <ele>252.0</ele>
    <time>2025-11-20T08:29:55Z</time>
   </trkpt>
   <trkpt lat="7.0363150" lon="125.4510490">
    <ele>252.1</ele>
    <time>2025-11-20T08:29:56Z</time>
   </trkpt>
   <trkpt lat="7.0363150" lon="125.4510470">
    <ele>252.1</ele>
    <time>2025-11-20T08:29:57Z</time>
   </trkpt>
   <trkpt lat="7.0363150" lon="125.4510460">
    <ele>252.1</ele>
    <time>2025-11-20T08:29:58Z</time>
   </trkpt>
   <trkpt lat="7.0363150" lon="125.4510450">
    <ele>252.2</ele>
    <time>2025-11-20T08:29:59Z</time>
   </trkpt>
   <trkpt lat="7.0363190" lon="125.4510470">
    <ele>252.3</ele>
    <time>2025-11-20T08:30:00Z</time>
   </trkpt>
   <trkpt lat="7.0363210" lon="125.4510420">
    <ele>252.4</ele>
    <time>2025-11-20T08:30:01Z</time>
   </trkpt>
   <trkpt lat="7.0363210" lon="125.4510410">
    <ele>252.4</ele>
    <time>2025-11-20T08:30:02Z</time>
   </trkpt>
   <trkpt lat="7.0363190" lon="125.4510400">
    <ele>252.5</ele>
    <time>2025-11-20T08:30:03Z</time>
   </trkpt>
   <trkpt lat="7.0363200" lon="125.4510370">
    <ele>252.5</ele>
    <time>2025-11-20T08:30:04Z</time>
   </trkpt>
   <trkpt lat="7.0363180" lon="125.4510330">
    <ele>252.6</ele>
    <time>2025-11-20T08:30:05Z</time>
   </trkpt>
   <trkpt lat="7.0363180" lon="125.4510330">
    <ele>252.6</ele>
    <time>2025-11-20T08:30:06Z</time>
   </trkpt>
   <trkpt lat="7.0363180" lon="125.4510330">
    <ele>252.6</ele>
    <time>2025-11-20T08:30:07Z</time>
   </trkpt>
   <trkpt lat="7.0363180" lon="125.4510330">
    <ele>252.6</ele>
    <time>2025-11-20T08:30:08Z</time>
   </trkpt>
   <trkpt lat="7.0363280" lon="125.4510290">
    <ele>252.9</ele>
    <time>2025-11-20T08:30:09Z</time>
   </trkpt>
   <trkpt lat="7.0363280" lon="125.4510290">
    <ele>252.9</ele>
    <time>2025-11-20T08:30:10Z</time>
   </trkpt>
   <trkpt lat="7.0363280" lon="125.4510290">
    <ele>252.9</ele>
    <time>2025-11-20T08:30:11Z</time>
   </trkpt>
   <trkpt lat="7.0363280" lon="125.4510290">
    <ele>252.9</ele>
    <time>2025-11-20T08:30:12Z</time>
   </trkpt>
   <trkpt lat="7.0363280" lon="125.4510290">
    <ele>252.9</ele>
    <time>2025-11-20T08:30:13Z</time>
   </trkpt>
   <trkpt lat="7.0363300" lon="125.4510330">
    <ele>253.0</ele>
    <time>2025-11-20T08:30:14Z</time>
   </trkpt>
   <trkpt lat="7.0363310" lon="125.4510370">
    <ele>253.1</ele>
    <time>2025-11-20T08:30:15Z</time>
   </trkpt>
   <trkpt lat="7.0363290" lon="125.4510380">
    <ele>253.1</ele>
    <time>2025-11-20T08:30:16Z</time>
   </trkpt>
   <trkpt lat="7.0363270" lon="125.4510380">
    <ele>253.2</ele>
    <time>2025-11-20T08:30:17Z</time>
   </trkpt>
   <trkpt lat="7.0363260" lon="125.4510410">
    <ele>253.3</ele>
    <time>2025-11-20T08:30:18Z</time>
   </trkpt>
   <trkpt lat="7.0363260" lon="125.4510420">
    <ele>253.3</ele>
    <time>2025-11-20T08:30:19Z</time>
   </trkpt>
   <trkpt lat="7.0363270" lon="125.4510420">
    <ele>253.3</ele>
    <time>2025-11-20T08:30:20Z</time>
   </trkpt>
   <trkpt lat="7.0363260" lon="125.4510500">
    <ele>253.5</ele>
    <time>2025-11-20T08:30:21Z</time>
   </trkpt>
   <trkpt lat="7.0363220" lon="125.4510460">
    <ele>253.6</ele>
    <time>2025-11-20T08:30:22Z</time>
   </trkpt>
   <trkpt lat="7.0363250" lon="125.4510480">
    <ele>253.7</ele>
    <time>2025-11-20T08:30:23Z</time>
   </trkpt>
   <trkpt lat="7.0363250" lon="125.4510450">
    <ele>253.8</ele>
    <time>2025-11-20T08:30:24Z</time>
   </trkpt>
   <trkpt lat="7.0363250" lon="125.4510450">
    <ele>253.8</ele>
    <time>2025-11-20T08:30:25Z</time>
   </trkpt>
   <trkpt lat="7.0363250" lon="125.4510450">
    <ele>253.8</ele>
    <time>2025-11-20T08:30:26Z</time>
   </trkpt>
   <trkpt lat="7.0363250" lon="125.4510450">
    <ele>253.8</ele>
    <time>2025-11-20T08:30:27Z</time>
   </trkpt>
   <trkpt lat="7.0363290" lon="125.4510400">
    <ele>253.9</ele>
    <time>2025-11-20T08:30:28Z</time>
   </trkpt>
   <trkpt lat="7.0363300" lon="125.4510400">
    <ele>253.9</ele>
    <time>2025-11-20T08:30:29Z</time>
   </trkpt>
   <trkpt lat="7.0363350" lon="125.4510490">
    <ele>254.1</ele>
    <time>2025-11-20T08:30:30Z</time>
   </trkpt>
   <trkpt lat="7.0363310" lon="125.4510460">
    <ele>254.2</ele>
    <time>2025-11-20T08:30:31Z</time>
   </trkpt>
   <trkpt lat="7.0363330" lon="125.4510450">
    <ele>254.3</ele>
    <time>2025-11-20T08:30:32Z</time>
   </trkpt>
   <trkpt lat="7.0363330" lon="125.4510450">
    <ele>254.3</ele>
    <time>2025-11-20T08:30:33Z</time>
   </trkpt>
   <trkpt lat="7.0363330" lon="125.4510450">
    <ele>254.3</ele>
    <time>2025-11-20T08:30:34Z</time>
   </trkpt>
   <trkpt lat="7.0363330" lon="125.4510450">
    <ele>254.3</ele>
    <time>2025-11-20T08:30:35Z</time>
   </trkpt>
   <trkpt lat="7.0363330" lon="125.4510450">
    <ele>254.3</ele>
    <time>2025-11-20T08:30:36Z</time>
   </trkpt>
   <trkpt lat="7.0363310" lon="125.4510470">
    <ele>254.3</ele>
    <time>2025-11-20T08:30:37Z</time>
   </trkpt>
   <trkpt lat="7.0363280" lon="125.4510470">
    <ele>254.4</ele>
    <time>2025-11-20T08:30:38Z</time>
   </trkpt>
   <trkpt lat="7.0363240" lon="125.4510530">
    <ele>254.5</ele>
    <time>2025-11-20T08:30:39Z</time>
   </trkpt>
   <trkpt lat="7.0363140" lon="125.4510520">
    <ele>254.7</ele>
    <time>2025-11-20T08:30:40Z</time>
   </trkpt>
   <trkpt lat="7.0363120" lon="125.4510530">
    <ele>254.8</ele>
    <time>2025-11-20T08:30:41Z</time>
   </trkpt>
   <trkpt lat="7.0363070" lon="125.4510530">
    <ele>254.9</ele>
    <time>2025-11-20T08:30:42Z</time>
   </trkpt>
   <trkpt lat="7.0362990" lon="125.4510510">
    <ele>255.1</ele>
    <time>2025-11-20T08:30:43Z</time>
   </trkpt>
   <trkpt lat="7.0362950" lon="125.4510490">
    <ele>255.2</ele>
    <time>2025-11-20T08:30:44Z</time>
   </trkpt>
   <trkpt lat="7.0362930" lon="125.4510490">
    <ele>255.2</ele>
    <time>2025-11-20T08:30:45Z</time>
   </trkpt>
   <trkpt lat="7.0362850" lon="125.4510500">
    <ele>255.4</ele>
    <time>2025-11-20T08:30:46Z</time>
   </trkpt>
   <trkpt lat="7.0362800" lon="125.4510510">
    <ele>255.5</ele>
    <time>2025-11-20T08:30:47Z</time>
   </trkpt>
   <trkpt lat="7.0362760" lon="125.4510470">
    <ele>255.6</ele>
    <time>2025-11-20T08:30:48Z</time>
   </trkpt>
   <trkpt lat="7.0362630" lon="125.4510480">
    <ele>255.9</ele>
    <time>2025-11-20T08:30:49Z</time>
   </trkpt>
   <trkpt lat="7.0362560" lon="125.4510460">
    <ele>256.0</ele>
    <time>2025-11-20T08:30:50Z</time>
   </trkpt>
   <trkpt lat="7.0362500" lon="125.4510470">
    <ele>256.1</ele>
    <time>2025-11-20T08:30:51Z</time>
   </trkpt>
   <trkpt lat="7.0362500" lon="125.4510500">
    <ele>256.2</ele>
    <time>2025-11-20T08:30:52Z</time>
   </trkpt>
   <trkpt lat="7.0362380" lon="125.4510520">
    <ele>256.4</ele>
    <time>2025-11-20T08:30:53Z</time>
   </trkpt>
   <trkpt lat="7.0362320" lon="125.4510530">
    <ele>256.5</ele>
    <time>2025-11-20T08:30:54Z</time>
   </trkpt>
   <trkpt lat="7.0362260" lon="125.4510520">
    <ele>256.6</ele>
    <time>2025-11-20T08:30:55Z</time>
   </trkpt>
   <trkpt lat="7.0362220" lon="125.4510530">
    <ele>256.7</ele>
    <time>2025-11-20T08:30:56Z</time>
   </trkpt>
   <trkpt lat="7.0362140" lon="125.4510590">
    <ele>256.9</ele>
    <time>2025-11-20T08:30:57Z</time>
   </trkpt>
   <trkpt lat="7.0362100" lon="125.4510610">
    <ele>257.0</ele>
    <time>2025-11-20T08:30:58Z</time>
   </trkpt>
   <trkpt lat="7.0362050" lon="125.4510610">
    <ele>257.1</ele>
    <time>2025-11-20T08:30:59Z</time>
   </trkpt>
   <trkpt lat="7.0362000" lon="125.4510610">
    <ele>257.2</ele>
    <time>2025-11-20T08:31:00Z</time>
   </trkpt>
   <trkpt lat="7.0361940" lon="125.4510630">
    <ele>257.3</ele>
    <time>2025-11-20T08:31:01Z</time>
   </trkpt>
   <trkpt lat="7.0361880" lon="125.4510630">
    <ele>257.4</ele>
    <time>2025-11-20T08:31:02Z</time>
   </trkpt>
   <trkpt lat="7.0361830" lon="125.4510660">
    <ele>257.5</ele>
    <time>2025-11-20T08:31:03Z</time>
   </trkpt>
   <trkpt lat="7.0361790" lon="125.4510670">
    <ele>257.6</ele>
    <time>2025-11-20T08:31:04Z</time>
   </trkpt>
   <trkpt lat="7.0361740" lon="125.4510660">
    <ele>257.7</ele>
    <time>2025-11-20T08:31:05Z</time>
   </trkpt>
   <trkpt lat="7.0361740" lon="125.4510670">
    <ele>257.7</ele>
    <time>2025-11-20T08:31:06Z</time>
   </trkpt>
   <trkpt lat="7.0361640" lon="125.4510730">
    <ele>257.9</ele>
    <time>2025-11-20T08:31:07Z</time>
   </trkpt>
   <trkpt lat="7.0361590" lon="125.4510750">
    <ele>258.0</ele>
    <time>2025-11-20T08:31:08Z</time>
   </trkpt>
   <trkpt lat="7.0361540" lon="125.4510760">
    <ele>258.1</ele>
    <time>2025-11-20T08:31:09Z</time>
   </trkpt>
   <trkpt lat="7.0361480" lon="125.4510790">
    <ele>258.3</ele>
    <time>2025-11-20T08:31:10Z</time>
   </trkpt>
   <trkpt lat="7.0361480" lon="125.4510810">
    <ele>258.3</ele>
    <time>2025-11-20T08:31:11Z</time>
   </trkpt>
   <trkpt lat="7.0361410" lon="125.4510830">
    <ele>258.4</ele>
    <time>2025-11-20T08:31:12Z</time>
   </trkpt>
   <trkpt lat="7.0361310" lon="125.4510880">
    <ele>258.6</ele>
    <time>2025-11-20T08:31:13Z</time>
   </trkpt>
   <trkpt lat="7.0361300" lon="125.4510890">
    <ele>258.7</ele>
    <time>2025-11-20T08:31:14Z</time>
   </trkpt>
   <trkpt lat="7.0361250" lon="125.4510880">
    <ele>258.7</ele>
    <time>2025-11-20T08:31:15Z</time>
   </trkpt>
   <trkpt lat="7.0361160" lon="125.4510890">
    <ele>258.9</ele>
    <time>2025-11-20T08:31:16Z</time>
   </trkpt>
   <trkpt lat="7.0361090" lon="125.4510910">
    <ele>259.0</ele>
    <time>2025-11-20T08:31:17Z</time>
   </trkpt>
   <trkpt lat="7.0361040" lon="125.4510930">
    <ele>259.1</ele>
    <time>2025-11-20T08:31:18Z</time>
   </trkpt>
   <trkpt lat="7.0360980" lon="125.4510950">
    <ele>259.2</ele>
    <time>2025-11-20T08:31:19Z</time>
   </trkpt>
   <trkpt lat="7.0360930" lon="125.4510960">
    <ele>259.3</ele>
    <time>2025-11-20T08:31:20Z</time>
   </trkpt>
   <trkpt lat="7.0360890" lon="125.4510980">
    <ele>259.4</ele>
    <time>2025-11-20T08:31:21Z</time>
   </trkpt>
   <trkpt lat="7.0360820" lon="125.4511020">
    <ele>259.5</ele>
    <time>2025-11-20T08:31:22Z</time>
   </trkpt>
   <trkpt lat="7.0360780" lon="125.4511010">
    <ele>259.6</ele>
    <time>2025-11-20T08:31:23Z</time>
   </trkpt>
   <trkpt lat="7.0360710" lon="125.4511030">
    <ele>259.7</ele>
    <time>2025-11-20T08:31:24Z</time>
   </trkpt>
   <trkpt lat="7.0360680" lon="125.4511050">
    <ele>259.8</ele>
    <time>2025-11-20T08:31:25Z</time>
   </trkpt>
   <trkpt lat="7.0360610" lon="125.4511080">
    <ele>259.9</ele>
    <time>2025-11-20T08:31:26Z</time>
   </trkpt>
   <trkpt lat="7.0360550" lon="125.4511100">
    <ele>260.1</ele>
    <time>2025-11-20T08:31:27Z</time>
   </trkpt>
   <trkpt lat="7.0360480" lon="125.4511110">
    <ele>260.2</ele>
    <time>2025-11-20T08:31:28Z</time>
   </trkpt>
   <trkpt lat="7.0360430" lon="125.4511110">
    <ele>260.3</ele>
    <time>2025-11-20T08:31:29Z</time>
   </trkpt>
   <trkpt lat="7.0360410" lon="125.4511130">
    <ele>260.3</ele>
    <time>2025-11-20T08:31:30Z</time>
   </trkpt>
   <trkpt lat="7.0360320" lon="125.4511200">
    <ele>260.3</ele>
    <time>2025-11-20T08:31:31Z</time>
   </trkpt>
   <trkpt lat="7.0360290" lon="125.4511230">
    <ele>260.3</ele>
    <time>2025-11-20T08:31:32Z</time>
   </trkpt>
   <trkpt lat="7.0360370" lon="125.4511240">
    <ele>260.4</ele>
    <time>2025-11-20T08:31:33Z</time>
   </trkpt>
   <trkpt lat="7.0360360" lon="125.4511210">
    <ele>260.4</ele>
    <time>2025-11-20T08:31:34Z</time>
   </trkpt>
   <trkpt lat="7.0360340" lon="125.4511260">
    <ele>260.4</ele>
    <time>2025-11-20T08:31:35Z</time>
   </trkpt>
   <trkpt lat="7.0360290" lon="125.4511330">
    <ele>260.4</ele>
    <time>2025-11-20T08:31:36Z</time>
   </trkpt>
   <trkpt lat="7.0360200" lon="125.4511380">
    <ele>260.4</ele>
    <time>2025-11-20T08:31:37Z</time>
   </trkpt>
   <trkpt lat="7.0360170" lon="125.4511420">
    <ele>260.4</ele>
    <time>2025-11-20T08:31:38Z</time>
   </trkpt>
   <trkpt lat="7.0360090" lon="125.4511520">
    <ele>260.4</ele>
    <time>2025-11-20T08:31:39Z</time>
   </trkpt>
   <trkpt lat="7.0360070" lon="125.4511550">
    <ele>260.4</ele>
    <time>2025-11-20T08:31:40Z</time>
   </trkpt>
   <trkpt lat="7.0360030" lon="125.4511630">
    <ele>260.4</ele>
    <time>2025-11-20T08:31:41Z</time>
   </trkpt>
   <trkpt lat="7.0359970" lon="125.4511700">
    <ele>260.4</ele>
    <time>2025-11-20T08:31:42Z</time>
   </trkpt>
   <trkpt lat="7.0360010" lon="125.4511770">
    <ele>260.5</ele>
    <time>2025-11-20T08:31:43Z</time>
   </trkpt>
   <trkpt lat="7.0359990" lon="125.4511830">
    <ele>260.5</ele>
    <time>2025-11-20T08:31:44Z</time>
   </trkpt>
   <trkpt lat="7.0360000" lon="125.4511830">
    <ele>260.5</ele>
    <time>2025-11-20T08:31:45Z</time>
   </trkpt>
   <trkpt lat="7.0359980" lon="125.4511820">
    <ele>260.5</ele>
    <time>2025-11-20T08:31:46Z</time>
   </trkpt>
   <trkpt lat="7.0359980" lon="125.4511800">
    <ele>260.5</ele>
    <time>2025-11-20T08:31:47Z</time>
   </trkpt>
   <trkpt lat="7.0359950" lon="125.4511780">
    <ele>260.5</ele>
    <time>2025-11-20T08:31:48Z</time>
   </trkpt>
   <trkpt lat="7.0359950" lon="125.4511810">
    <ele>260.5</ele>
    <time>2025-11-20T08:31:49Z</time>
   </trkpt>
   <trkpt lat="7.0359950" lon="125.4511800">
    <ele>260.5</ele>
    <time>2025-11-20T08:31:50Z</time>
   </trkpt>
   <trkpt lat="7.0359970" lon="125.4511830">
    <ele>260.5</ele>
    <time>2025-11-20T08:31:51Z</time>
   </trkpt>
   <trkpt lat="7.0359960" lon="125.4511810">
    <ele>260.5</ele>
    <time>2025-11-20T08:31:52Z</time>
   </trkpt>
   <trkpt lat="7.0359960" lon="125.4511810">
    <ele>260.5</ele>
    <time>2025-11-20T08:31:53Z</time>
   </trkpt>
   <trkpt lat="7.0359960" lon="125.4511820">
    <ele>260.5</ele>
    <time>2025-11-20T08:31:54Z</time>
   </trkpt>
   <trkpt lat="7.0359980" lon="125.4511850">
    <ele>260.5</ele>
    <time>2025-11-20T08:31:55Z</time>
   </trkpt>
   <trkpt lat="7.0359980" lon="125.4511830">
    <ele>260.5</ele>
    <time>2025-11-20T08:31:56Z</time>
   </trkpt>
   <trkpt lat="7.0359940" lon="125.4511830">
    <ele>260.5</ele>
    <time>2025-11-20T08:31:57Z</time>
   </trkpt>
   <trkpt lat="7.0359950" lon="125.4511820">
    <ele>260.5</ele>
    <time>2025-11-20T08:31:58Z</time>
   </trkpt>
   <trkpt lat="7.0359950" lon="125.4511820">
    <ele>260.5</ele>
    <time>2025-11-20T08:31:59Z</time>
   </trkpt>
   <trkpt lat="7.0359950" lon="125.4511820">
    <ele>260.5</ele>
    <time>2025-11-20T08:32:00Z</time>
   </trkpt>
   <trkpt lat="7.0359950" lon="125.4511820">
    <ele>260.5</ele>
    <time>2025-11-20T08:32:01Z</time>
   </trkpt>
   <trkpt lat="7.0359930" lon="125.4511850">
    <ele>260.5</ele>
    <time>2025-11-20T08:32:02Z</time>
   </trkpt>
   <trkpt lat="7.0359930" lon="125.4511850">
    <ele>260.5</ele>
    <time>2025-11-20T08:32:03Z</time>
   </trkpt>
   <trkpt lat="7.0359930" lon="125.4511850">
    <ele>260.5</ele>
    <time>2025-11-20T08:32:04Z</time>
   </trkpt>
   <trkpt lat="7.0359930" lon="125.4511850">
    <ele>260.5</ele>
    <time>2025-11-20T08:32:05Z</time>
   </trkpt>
   <trkpt lat="7.0359930" lon="125.4511850">
    <ele>260.5</ele>
    <time>2025-11-20T08:32:06Z</time>
   </trkpt>
   <trkpt lat="7.0359930" lon="125.4511850">
    <ele>260.5</ele>
    <time>2025-11-20T08:32:07Z</time>
   </trkpt>
   <trkpt lat="7.0359870" lon="125.4511850">
    <ele>260.5</ele>
    <time>2025-11-20T08:32:08Z</time>
   </trkpt>
   <trkpt lat="7.0359870" lon="125.4511850">
    <ele>260.5</ele>
    <time>2025-11-20T08:32:09Z</time>
   </trkpt>
   <trkpt lat="7.0359850" lon="125.4511860">
    <ele>260.5</ele>
    <time>2025-11-20T08:32:10Z</time>
   </trkpt>
   <trkpt lat="7.0359850" lon="125.4511880">
    <ele>260.5</ele>
    <time>2025-11-20T08:32:11Z</time>
   </trkpt>
   <trkpt lat="7.0359850" lon="125.4511900">
    <ele>260.5</ele>
    <time>2025-11-20T08:32:12Z</time>
   </trkpt>
   <trkpt lat="7.0359850" lon="125.4511900">
    <ele>260.5</ele>
    <time>2025-11-20T08:32:13Z</time>
   </trkpt>
   <trkpt lat="7.0359850" lon="125.4511900">
    <ele>260.5</ele>
    <time>2025-11-20T08:32:14Z</time>
   </trkpt>
   <trkpt lat="7.0359850" lon="125.4511900">
    <ele>260.5</ele>
    <time>2025-11-20T08:32:15Z</time>
   </trkpt>
   <trkpt lat="7.0359850" lon="125.4511900">
    <ele>260.5</ele>
    <time>2025-11-20T08:32:16Z</time>
   </trkpt>
   <trkpt lat="7.0359850" lon="125.4511900">
    <ele>260.5</ele>
    <time>2025-11-20T08:32:17Z</time>
   </trkpt>
   <trkpt lat="7.0359850" lon="125.4511900">
    <ele>260.5</ele>
    <time>2025-11-20T08:32:18Z</time>
   </trkpt>
   <trkpt lat="7.0359850" lon="125.4511900">
    <ele>260.5</ele>
    <time>2025-11-20T08:32:19Z</time>
   </trkpt>
   <trkpt lat="7.0359850" lon="125.4511900">
    <ele>260.5</ele>
    <time>2025-11-20T08:32:20Z</time>
   </trkpt>
   <trkpt lat="7.0359850" lon="125.4511900">
    <ele>260.5</ele>
    <time>2025-11-20T08:32:21Z</time>
   </trkpt>
   <trkpt lat="7.0359850" lon="125.4511900">
    <ele>260.5</ele>
    <time>2025-11-20T08:32:22Z</time>
   </trkpt>
   <trkpt lat="7.0359850" lon="125.4511900">
    <ele>260.5</ele>
    <time>2025-11-20T08:32:23Z</time>
   </trkpt>
   <trkpt lat="7.0359850" lon="125.4511900">
    <ele>260.5</ele>
    <time>2025-11-20T08:32:24Z</time>
   </trkpt>
   <trkpt lat="7.0359800" lon="125.4511840">
    <ele>260.5</ele>
    <time>2025-11-20T08:32:25Z</time>
   </trkpt>
   <trkpt lat="7.0359800" lon="125.4511840">
    <ele>260.5</ele>
    <time>2025-11-20T08:32:26Z</time>
   </trkpt>
   <trkpt lat="7.0359810" lon="125.4511820">
    <ele>260.5</ele>
    <time>2025-11-20T08:32:27Z</time>
   </trkpt>
   <trkpt lat="7.0359820" lon="125.4511810">
    <ele>260.5</ele>
    <time>2025-11-20T08:32:28Z</time>
   </trkpt>
   <trkpt lat="7.0359810" lon="125.4511810">
    <ele>260.5</ele>
    <time>2025-11-20T08:32:29Z</time>
   </trkpt>
   <trkpt lat="7.0359820" lon="125.4511790">
    <ele>260.5</ele>
    <time>2025-11-20T08:32:30Z</time>
   </trkpt>
   <trkpt lat="7.0359830" lon="125.4511800">
    <ele>260.5</ele>
    <time>2025-11-20T08:32:31Z</time>
   </trkpt>
   <trkpt lat="7.0359830" lon="125.4511800">
    <ele>260.5</ele>
    <time>2025-11-20T08:32:32Z</time>
   </trkpt>
   <trkpt lat="7.0359830" lon="125.4511790">
    <ele>260.5</ele>
    <time>2025-11-20T08:32:33Z</time>
   </trkpt>
   <trkpt lat="7.0359830" lon="125.4511790">
    <ele>260.5</ele>
    <time>2025-11-20T08:32:34Z</time>
   </trkpt>
   <trkpt lat="7.0359830" lon="125.4511790">
    <ele>260.5</ele>
    <time>2025-11-20T08:32:35Z</time>
   </trkpt>
   <trkpt lat="7.0359830" lon="125.4511790">
    <ele>260.5</ele>
    <time>2025-11-20T08:32:36Z</time>
   </trkpt>
   <trkpt lat="7.0359830" lon="125.4511790">
    <ele>260.5</ele>
    <time>2025-11-20T08:32:37Z</time>
   </trkpt>
   <trkpt lat="7.0359830" lon="125.4511790">
    <ele>260.5</ele>
    <time>2025-11-20T08:32:38Z</time>
   </trkpt>
   <trkpt lat="7.0359830" lon="125.4511790">
    <ele>260.5</ele>
    <time>2025-11-20T08:32:39Z</time>
   </trkpt>
   <trkpt lat="7.0359830" lon="125.4511790">
    <ele>260.5</ele>
    <time>2025-11-20T08:32:40Z</time>
   </trkpt>
   <trkpt lat="7.0359830" lon="125.4511790">
    <ele>260.5</ele>
    <time>2025-11-20T08:32:41Z</time>
   </trkpt>
   <trkpt lat="7.0359830" lon="125.4511790">
    <ele>260.5</ele>
    <time>2025-11-20T08:32:42Z</time>
   </trkpt>
   <trkpt lat="7.0359830" lon="125.4511790">
    <ele>260.5</ele>
    <time>2025-11-20T08:32:43Z</time>
   </trkpt>
   <trkpt lat="7.0359830" lon="125.4511790">
    <ele>260.5</ele>
    <time>2025-11-20T08:32:44Z</time>
   </trkpt>
   <trkpt lat="7.0359830" lon="125.4511790">
    <ele>260.5</ele>
    <time>2025-11-20T08:32:45Z</time>
   </trkpt>
   <trkpt lat="7.0359830" lon="125.4511790">
    <ele>260.5</ele>
    <time>2025-11-20T08:32:46Z</time>
   </trkpt>
   <trkpt lat="7.0359830" lon="125.4511790">
    <ele>260.5</ele>
    <time>2025-11-20T08:32:47Z</time>
   </trkpt>
   <trkpt lat="7.0359830" lon="125.4511790">
    <ele>260.5</ele>
    <time>2025-11-20T08:32:48Z</time>
   </trkpt>
   <trkpt lat="7.0359830" lon="125.4511790">
    <ele>260.5</ele>
    <time>2025-11-20T08:32:49Z</time>
   </trkpt>
   <trkpt lat="7.0359780" lon="125.4511870">
    <ele>260.6</ele>
    <time>2025-11-20T08:32:50Z</time>
   </trkpt>
   <trkpt lat="7.0359790" lon="125.4511880">
    <ele>260.6</ele>
    <time>2025-11-20T08:32:51Z</time>
   </trkpt>
   <trkpt lat="7.0359800" lon="125.4511880">
    <ele>260.6</ele>
    <time>2025-11-20T08:32:52Z</time>
   </trkpt>
   <trkpt lat="7.0359810" lon="125.4511910">
    <ele>260.6</ele>
    <time>2025-11-20T08:32:53Z</time>
   </trkpt>
   <trkpt lat="7.0359830" lon="125.4511940">
    <ele>260.6</ele>
    <time>2025-11-20T08:32:54Z</time>
   </trkpt>
   <trkpt lat="7.0359830" lon="125.4511950">
    <ele>260.6</ele>
    <time>2025-11-20T08:32:55Z</time>
   </trkpt>
   <trkpt lat="7.0359820" lon="125.4511940">
    <ele>260.6</ele>
    <time>2025-11-20T08:32:56Z</time>
   </trkpt>
   <trkpt lat="7.0359820" lon="125.4511940">
    <ele>260.6</ele>
    <time>2025-11-20T08:32:57Z</time>
   </trkpt>
   <trkpt lat="7.0359820" lon="125.4511940">
    <ele>260.6</ele>
    <time>2025-11-20T08:32:58Z</time>
   </trkpt>
   <trkpt lat="7.0359820" lon="125.4511940">
    <ele>260.6</ele>
    <time>2025-11-20T08:32:59Z</time>
   </trkpt>
   <trkpt lat="7.0359820" lon="125.4511940">
    <ele>260.6</ele>
    <time>2025-11-20T08:33:00Z</time>
   </trkpt>
   <trkpt lat="7.0359820" lon="125.4511940">
    <ele>260.6</ele>
    <time>2025-11-20T08:33:01Z</time>
   </trkpt>
   <trkpt lat="7.0359820" lon="125.4511940">
    <ele>260.6</ele>
    <time>2025-11-20T08:33:02Z</time>
   </trkpt>
   <trkpt lat="7.0359820" lon="125.4511940">
    <ele>260.6</ele>
    <time>2025-11-20T08:33:03Z</time>
   </trkpt>
   <trkpt lat="7.0359820" lon="125.4511940">
    <ele>260.6</ele>
    <time>2025-11-20T08:33:04Z</time>
   </trkpt>
   <trkpt lat="7.0359820" lon="125.4511940">
    <ele>260.6</ele>
    <time>2025-11-20T08:33:05Z</time>
   </trkpt>
   <trkpt lat="7.0359820" lon="125.4511940">
    <ele>260.6</ele>
    <time>2025-11-20T08:33:06Z</time>
   </trkpt>
   <trkpt lat="7.0359820" lon="125.4511940">
    <ele>260.6</ele>
    <time>2025-11-20T08:33:07Z</time>
   </trkpt>
   <trkpt lat="7.0359820" lon="125.4511940">
    <ele>260.6</ele>
    <time>2025-11-20T08:33:08Z</time>
   </trkpt>
   <trkpt lat="7.0359820" lon="125.4511940">
    <ele>260.6</ele>
    <time>2025-11-20T08:33:09Z</time>
   </trkpt>
   <trkpt lat="7.0359820" lon="125.4511940">
    <ele>260.6</ele>
    <time>2025-11-20T08:33:10Z</time>
   </trkpt>
   <trkpt lat="7.0359820" lon="125.4511940">
    <ele>260.6</ele>
    <time>2025-11-20T08:33:11Z</time>
   </trkpt>
   <trkpt lat="7.0359820" lon="125.4511940">
    <ele>260.6</ele>
    <time>2025-11-20T08:33:12Z</time>
   </trkpt>
   <trkpt lat="7.0359820" lon="125.4511940">
    <ele>260.6</ele>
    <time>2025-11-20T08:33:13Z</time>
   </trkpt>
   <trkpt lat="7.0359820" lon="125.4511940">
    <ele>260.6</ele>
    <time>2025-11-20T08:33:14Z</time>
   </trkpt>
   <trkpt lat="7.0359820" lon="125.4511940">
    <ele>260.6</ele>
    <time>2025-11-20T08:33:15Z</time>
   </trkpt>
   <trkpt lat="7.0359820" lon="125.4511940">
    <ele>260.6</ele>
    <time>2025-11-20T08:33:16Z</time>
   </trkpt>
   <trkpt lat="7.0359820" lon="125.4511940">
    <ele>260.6</ele>
    <time>2025-11-20T08:33:17Z</time>
   </trkpt>
   <trkpt lat="7.0359820" lon="125.4511940">
    <ele>260.6</ele>
    <time>2025-11-20T08:33:18Z</time>
   </trkpt>
   <trkpt lat="7.0359820" lon="125.4511940">
    <ele>260.6</ele>
    <time>2025-11-20T08:33:19Z</time>
   </trkpt>
   <trkpt lat="7.0359820" lon="125.4511940">
    <ele>260.6</ele>
    <time>2025-11-20T08:33:20Z</time>
   </trkpt>
   <trkpt lat="7.0359820" lon="125.4511940">
    <ele>260.6</ele>
    <time>2025-11-20T08:33:21Z</time>
   </trkpt>
   <trkpt lat="7.0359820" lon="125.4511940">
    <ele>260.6</ele>
    <time>2025-11-20T08:33:22Z</time>
   </trkpt>
   <trkpt lat="7.0359820" lon="125.4511940">
    <ele>260.6</ele>
    <time>2025-11-20T08:33:23Z</time>
   </trkpt>
   <trkpt lat="7.0359820" lon="125.4511940">
    <ele>260.6</ele>
    <time>2025-11-20T08:33:24Z</time>
   </trkpt>
   <trkpt lat="7.0359820" lon="125.4511940">
    <ele>260.6</ele>
    <time>2025-11-20T08:33:25Z</time>
   </trkpt>
   <trkpt lat="7.0359820" lon="125.4511940">
    <ele>260.6</ele>
    <time>2025-11-20T08:33:26Z</time>
   </trkpt>
   <trkpt lat="7.0359820" lon="125.4511940">
    <ele>260.6</ele>
    <time>2025-11-20T08:33:27Z</time>
   </trkpt>
   <trkpt lat="7.0359820" lon="125.4511940">
    <ele>260.6</ele>
    <time>2025-11-20T08:33:28Z</time>
   </trkpt>
   <trkpt lat="7.0359820" lon="125.4511940">
    <ele>260.6</ele>
    <time>2025-11-20T08:33:29Z</time>
   </trkpt>
   <trkpt lat="7.0359820" lon="125.4511940">
    <ele>260.6</ele>
    <time>2025-11-20T08:33:30Z</time>
   </trkpt>
   <trkpt lat="7.0359820" lon="125.4511940">
    <ele>260.6</ele>
    <time>2025-11-20T08:33:31Z</time>
   </trkpt>
   <trkpt lat="7.0359820" lon="125.4511940">
    <ele>260.6</ele>
    <time>2025-11-20T08:33:32Z</time>
   </trkpt>
   <trkpt lat="7.0359820" lon="125.4511940">
    <ele>260.6</ele>
    <time>2025-11-20T08:33:33Z</time>
   </trkpt>
   <trkpt lat="7.0359820" lon="125.4511940">
    <ele>260.6</ele>
    <time>2025-11-20T08:33:34Z</time>
   </trkpt>
   <trkpt lat="7.0359820" lon="125.4511940">
    <ele>260.6</ele>
    <time>2025-11-20T08:33:35Z</time>
   </trkpt>
   <trkpt lat="7.0359820" lon="125.4511940">
    <ele>260.6</ele>
    <time>2025-11-20T08:33:36Z</time>
   </trkpt>
   <trkpt lat="7.0359820" lon="125.4511940">
    <ele>260.6</ele>
    <time>2025-11-20T08:33:37Z</time>
   </trkpt>
   <trkpt lat="7.0359820" lon="125.4511940">
    <ele>260.6</ele>
    <time>2025-11-20T08:33:38Z</time>
   </trkpt>
   <trkpt lat="7.0359820" lon="125.4511940">
    <ele>260.6</ele>
    <time>2025-11-20T08:33:39Z</time>
   </trkpt>
   <trkpt lat="7.0359820" lon="125.4511940">
    <ele>260.6</ele>
    <time>2025-11-20T08:33:40Z</time>
   </trkpt>
   <trkpt lat="7.0359820" lon="125.4511940">
    <ele>260.6</ele>
    <time>2025-11-20T08:33:41Z</time>
   </trkpt>
   <trkpt lat="7.0359820" lon="125.4511940">
    <ele>260.6</ele>
    <time>2025-11-20T08:33:42Z</time>
   </trkpt>
   <trkpt lat="7.0359820" lon="125.4511940">
    <ele>260.6</ele>
    <time>2025-11-20T08:33:43Z</time>
   </trkpt>
   <trkpt lat="7.0359820" lon="125.4511940">
    <ele>260.6</ele>
    <time>2025-11-20T08:33:44Z</time>
   </trkpt>
   <trkpt lat="7.0359820" lon="125.4511940">
    <ele>260.6</ele>
    <time>2025-11-20T08:33:45Z</time>
   </trkpt>
   <trkpt lat="7.0359820" lon="125.4511940">
    <ele>260.6</ele>
    <time>2025-11-20T08:33:46Z</time>
   </trkpt>
   <trkpt lat="7.0359820" lon="125.4511940">
    <ele>260.6</ele>
    <time>2025-11-20T08:33:47Z</time>
   </trkpt>
   <trkpt lat="7.0359820" lon="125.4511940">
    <ele>260.6</ele>
    <time>2025-11-20T08:33:48Z</time>
   </trkpt>
   <trkpt lat="7.0359820" lon="125.4511940">
    <ele>260.6</ele>
    <time>2025-11-20T08:33:49Z</time>
   </trkpt>
   <trkpt lat="7.0359820" lon="125.4511940">
    <ele>260.6</ele>
    <time>2025-11-20T08:33:50Z</time>
   </trkpt>
   <trkpt lat="7.0359820" lon="125.4511940">
    <ele>260.6</ele>
    <time>2025-11-20T08:33:51Z</time>
   </trkpt>
   <trkpt lat="7.0359820" lon="125.4511940">
    <ele>260.6</ele>
    <time>2025-11-20T08:33:52Z</time>
   </trkpt>
   <trkpt lat="7.0359820" lon="125.4511940">
    <ele>260.6</ele>
    <time>2025-11-20T08:33:53Z</time>
   </trkpt>
   <trkpt lat="7.0359820" lon="125.4511940">
    <ele>260.6</ele>
    <time>2025-11-20T08:33:54Z</time>
   </trkpt>
   <trkpt lat="7.0359820" lon="125.4511940">
    <ele>260.6</ele>
    <time>2025-11-20T08:33:55Z</time>
   </trkpt>
   <trkpt lat="7.0359820" lon="125.4511940">
    <ele>260.6</ele>
    <time>2025-11-20T08:33:56Z</time>
   </trkpt>
   <trkpt lat="7.0359820" lon="125.4511940">
    <ele>260.6</ele>
    <time>2025-11-20T08:33:57Z</time>
   </trkpt>
   <trkpt lat="7.0359820" lon="125.4511940">
    <ele>260.6</ele>
    <time>2025-11-20T08:33:58Z</time>
   </trkpt>
   <trkpt lat="7.0359820" lon="125.4511940">
    <ele>260.6</ele>
    <time>2025-11-20T08:33:59Z</time>
   </trkpt>
   <trkpt lat="7.0359820" lon="125.4511940">
    <ele>260.6</ele>
    <time>2025-11-20T08:34:00Z</time>
   </trkpt>
   <trkpt lat="7.0359820" lon="125.4511940">
    <ele>260.6</ele>
    <time>2025-11-20T08:34:01Z</time>
   </trkpt>
   <trkpt lat="7.0359820" lon="125.4511940">
    <ele>260.6</ele>
    <time>2025-11-20T08:34:02Z</time>
   </trkpt>
   <trkpt lat="7.0359820" lon="125.4511940">
    <ele>260.6</ele>
    <time>2025-11-20T08:34:03Z</time>
   </trkpt>
   <trkpt lat="7.0359820" lon="125.4511940">
    <ele>260.6</ele>
    <time>2025-11-20T08:34:04Z</time>
   </trkpt>
   <trkpt lat="7.0359820" lon="125.4511940">
    <ele>260.6</ele>
    <time>2025-11-20T08:34:05Z</time>
   </trkpt>
   <trkpt lat="7.0359820" lon="125.4511940">
    <ele>260.6</ele>
    <time>2025-11-20T08:34:06Z</time>
   </trkpt>
   <trkpt lat="7.0359820" lon="125.4511940">
    <ele>260.6</ele>
    <time>2025-11-20T08:34:07Z</time>
   </trkpt>
   <trkpt lat="7.0359820" lon="125.4511940">
    <ele>260.6</ele>
    <time>2025-11-20T08:34:08Z</time>
   </trkpt>
   <trkpt lat="7.0359820" lon="125.4511940">
    <ele>260.6</ele>
    <time>2025-11-20T08:34:09Z</time>
   </trkpt>
   <trkpt lat="7.0359820" lon="125.4511940">
    <ele>260.6</ele>
    <time>2025-11-20T08:34:10Z</time>
   </trkpt>
   <trkpt lat="7.0359820" lon="125.4511940">
    <ele>260.6</ele>
    <time>2025-11-20T08:34:11Z</time>
   </trkpt>
   <trkpt lat="7.0359820" lon="125.4511940">
    <ele>260.6</ele>
    <time>2025-11-20T08:34:12Z</time>
   </trkpt>
   <trkpt lat="7.0359820" lon="125.4511940">
    <ele>260.6</ele>
    <time>2025-11-20T08:34:13Z</time>
   </trkpt>
   <trkpt lat="7.0359820" lon="125.4511940">
    <ele>260.6</ele>
    <time>2025-11-20T08:34:14Z</time>
   </trkpt>
   <trkpt lat="7.0359820" lon="125.4511940">
    <ele>260.6</ele>
    <time>2025-11-20T08:34:15Z</time>
   </trkpt>
   <trkpt lat="7.0359820" lon="125.4511940">
    <ele>260.6</ele>
    <time>2025-11-20T08:34:16Z</time>
   </trkpt>
   <trkpt lat="7.0359820" lon="125.4511940">
    <ele>260.6</ele>
    <time>2025-11-20T08:34:17Z</time>
   </trkpt>
   <trkpt lat="7.0359820" lon="125.4511940">
    <ele>260.6</ele>
    <time>2025-11-20T08:34:18Z</time>
   </trkpt>
   <trkpt lat="7.0359820" lon="125.4511940">
    <ele>260.6</ele>
    <time>2025-11-20T08:34:19Z</time>
   </trkpt>
   <trkpt lat="7.0359820" lon="125.4511940">
    <ele>260.6</ele>
    <time>2025-11-20T08:34:20Z</time>
   </trkpt>
   <trkpt lat="7.0359820" lon="125.4511940">
    <ele>260.6</ele>
    <time>2025-11-20T08:34:21Z</time>
   </trkpt>
   <trkpt lat="7.0359820" lon="125.4511940">
    <ele>260.6</ele>
    <time>2025-11-20T08:34:22Z</time>
   </trkpt>
   <trkpt lat="7.0359820" lon="125.4511940">
    <ele>260.6</ele>
    <time>2025-11-20T08:34:23Z</time>
   </trkpt>
   <trkpt lat="7.0359820" lon="125.4511940">
    <ele>260.6</ele>
    <time>2025-11-20T08:34:24Z</time>
   </trkpt>
   <trkpt lat="7.0359820" lon="125.4511940">
    <ele>260.6</ele>
    <time>2025-11-20T08:34:25Z</time>
   </trkpt>
   <trkpt lat="7.0359820" lon="125.4511940">
    <ele>260.6</ele>
    <time>2025-11-20T08:34:26Z</time>
   </trkpt>
   <trkpt lat="7.0359820" lon="125.4511940">
    <ele>260.6</ele>
    <time>2025-11-20T08:34:27Z</time>
   </trkpt>
   <trkpt lat="7.0359820" lon="125.4511940">
    <ele>260.6</ele>
    <time>2025-11-20T08:34:28Z</time>
   </trkpt>
   <trkpt lat="7.0359820" lon="125.4511940">
    <ele>260.6</ele>
    <time>2025-11-20T08:34:29Z</time>
   </trkpt>
   <trkpt lat="7.0359820" lon="125.4511940">
    <ele>260.6</ele>
    <time>2025-11-20T08:34:30Z</time>
   </trkpt>
   <trkpt lat="7.0359820" lon="125.4511940">
    <ele>260.6</ele>
    <time>2025-11-20T08:34:31Z</time>
   </trkpt>
   <trkpt lat="7.0359820" lon="125.4511940">
    <ele>260.6</ele>
    <time>2025-11-20T08:34:32Z</time>
   </trkpt>
   <trkpt lat="7.0359820" lon="125.4511940">
    <ele>260.6</ele>
    <time>2025-11-20T08:34:33Z</time>
   </trkpt>
   <trkpt lat="7.0359820" lon="125.4511940">
    <ele>260.6</ele>
    <time>2025-11-20T08:34:34Z</time>
   </trkpt>
   <trkpt lat="7.0359820" lon="125.4511940">
    <ele>260.6</ele>
    <time>2025-11-20T08:34:35Z</time>
   </trkpt>
   <trkpt lat="7.0359820" lon="125.4511940">
    <ele>260.6</ele>
    <time>2025-11-20T08:34:36Z</time>
   </trkpt>
   <trkpt lat="7.0359820" lon="125.4511940">
    <ele>260.6</ele>
    <time>2025-11-20T08:34:37Z</time>
   </trkpt>
   <trkpt lat="7.0359820" lon="125.4511940">
    <ele>260.6</ele>
    <time>2025-11-20T08:34:38Z</time>
   </trkpt>
   <trkpt lat="7.0359820" lon="125.4511940">
    <ele>260.6</ele>
    <time>2025-11-20T08:34:39Z</time>
   </trkpt>
   <trkpt lat="7.0359820" lon="125.4511940">
    <ele>260.6</ele>
    <time>2025-11-20T08:34:40Z</time>
   </trkpt>
   <trkpt lat="7.0359820" lon="125.4511940">
    <ele>260.6</ele>
    <time>2025-11-20T08:34:41Z</time>
   </trkpt>
   <trkpt lat="7.0359820" lon="125.4511940">
    <ele>260.6</ele>
    <time>2025-11-20T08:34:42Z</time>
   </trkpt>
   <trkpt lat="7.0359820" lon="125.4511940">
    <ele>260.6</ele>
    <time>2025-11-20T08:34:43Z</time>
   </trkpt>
   <trkpt lat="7.0359820" lon="125.4511940">
    <ele>260.6</ele>
    <time>2025-11-20T08:34:44Z</time>
   </trkpt>
   <trkpt lat="7.0359820" lon="125.4511940">
    <ele>260.6</ele>
    <time>2025-11-20T08:34:45Z</time>
   </trkpt>
   <trkpt lat="7.0359820" lon="125.4511940">
    <ele>260.6</ele>
    <time>2025-11-20T08:34:46Z</time>
   </trkpt>
   <trkpt lat="7.0359820" lon="125.4511940">
    <ele>260.6</ele>
    <time>2025-11-20T08:34:47Z</time>
   </trkpt>
   <trkpt lat="7.0359820" lon="125.4511940">
    <ele>260.6</ele>
    <time>2025-11-20T08:34:48Z</time>
   </trkpt>
   <trkpt lat="7.0359820" lon="125.4511940">
    <ele>260.6</ele>
    <time>2025-11-20T08:34:49Z</time>
   </trkpt>
   <trkpt lat="7.0359820" lon="125.4511940">
    <ele>260.6</ele>
    <time>2025-11-20T08:34:50Z</time>
   </trkpt>
   <trkpt lat="7.0359820" lon="125.4511940">
    <ele>260.6</ele>
    <time>2025-11-20T08:34:51Z</time>
   </trkpt>
   <trkpt lat="7.0359820" lon="125.4511940">
    <ele>260.6</ele>
    <time>2025-11-20T08:34:52Z</time>
   </trkpt>
   <trkpt lat="7.0359820" lon="125.4511940">
    <ele>260.6</ele>
    <time>2025-11-20T08:34:53Z</time>
   </trkpt>
   <trkpt lat="7.0359820" lon="125.4511940">
    <ele>260.6</ele>
    <time>2025-11-20T08:34:54Z</time>
   </trkpt>
   <trkpt lat="7.0359820" lon="125.4511940">
    <ele>260.6</ele>
    <time>2025-11-20T08:34:55Z</time>
   </trkpt>
   <trkpt lat="7.0359820" lon="125.4511940">
    <ele>260.6</ele>
    <time>2025-11-20T08:34:56Z</time>
   </trkpt>
   <trkpt lat="7.0359820" lon="125.4511940">
    <ele>260.6</ele>
    <time>2025-11-20T08:34:57Z</time>
   </trkpt>
   <trkpt lat="7.0359820" lon="125.4511940">
    <ele>260.6</ele>
    <time>2025-11-20T08:34:59Z</time>
   </trkpt>
   <trkpt lat="7.0359820" lon="125.4511940">
    <ele>260.6</ele>
    <time>2025-11-20T08:35:00Z</time>
   </trkpt>
   <trkpt lat="7.0359820" lon="125.4511940">
    <ele>260.6</ele>
    <time>2025-11-20T08:35:01Z</time>
   </trkpt>
   <trkpt lat="7.0359820" lon="125.4511940">
    <ele>260.6</ele>
    <time>2025-11-20T08:35:02Z</time>
   </trkpt>
   <trkpt lat="7.0359820" lon="125.4511940">
    <ele>260.6</ele>
    <time>2025-11-20T08:35:03Z</time>
   </trkpt>
   <trkpt lat="7.0359820" lon="125.4511940">
    <ele>260.6</ele>
    <time>2025-11-20T08:35:04Z</time>
   </trkpt>
   <trkpt lat="7.0359820" lon="125.4511940">
    <ele>260.6</ele>
    <time>2025-11-20T08:35:05Z</time>
   </trkpt>
   <trkpt lat="7.0359820" lon="125.4511940">
    <ele>260.6</ele>
    <time>2025-11-20T08:35:06Z</time>
   </trkpt>
   <trkpt lat="7.0359820" lon="125.4511940">
    <ele>260.6</ele>
    <time>2025-11-20T08:35:07Z</time>
   </trkpt>
   <trkpt lat="7.0359820" lon="125.4511940">
    <ele>260.6</ele>
    <time>2025-11-20T08:35:08Z</time>
   </trkpt>
   <trkpt lat="7.0359820" lon="125.4511940">
    <ele>260.6</ele>
    <time>2025-11-20T08:35:09Z</time>
   </trkpt>
   <trkpt lat="7.0359820" lon="125.4511940">
    <ele>260.6</ele>
    <time>2025-11-20T08:35:10Z</time>
   </trkpt>
   <trkpt lat="7.0359820" lon="125.4511940">
    <ele>260.6</ele>
    <time>2025-11-20T08:35:11Z</time>
   </trkpt>
   <trkpt lat="7.0359820" lon="125.4511940">
    <ele>260.6</ele>
    <time>2025-11-20T08:35:12Z</time>
   </trkpt>
   <trkpt lat="7.0359820" lon="125.4511940">
    <ele>260.6</ele>
    <time>2025-11-20T08:35:13Z</time>
   </trkpt>
   <trkpt lat="7.0359820" lon="125.4511940">
    <ele>260.6</ele>
    <time>2025-11-20T08:35:14Z</time>
   </trkpt>
   <trkpt lat="7.0359820" lon="125.4511940">
    <ele>260.6</ele>
    <time>2025-11-20T08:35:15Z</time>
   </trkpt>
   <trkpt lat="7.0359820" lon="125.4511940">
    <ele>260.6</ele>
    <time>2025-11-20T08:35:16Z</time>
   </trkpt>
   <trkpt lat="7.0359820" lon="125.4511940">
    <ele>260.6</ele>
    <time>2025-11-20T08:35:17Z</time>
   </trkpt>
   <trkpt lat="7.0359820" lon="125.4511940">
    <ele>260.6</ele>
    <time>2025-11-20T08:35:18Z</time>
   </trkpt>
   <trkpt lat="7.0359820" lon="125.4511940">
    <ele>260.6</ele>
    <time>2025-11-20T08:35:19Z</time>
   </trkpt>
   <trkpt lat="7.0359820" lon="125.4511940">
    <ele>260.6</ele>
    <time>2025-11-20T08:35:20Z</time>
   </trkpt>
   <trkpt lat="7.0359820" lon="125.4511940">
    <ele>260.6</ele>
    <time>2025-11-20T08:35:21Z</time>
   </trkpt>
   <trkpt lat="7.0359820" lon="125.4511940">
    <ele>260.6</ele>
    <time>2025-11-20T08:35:22Z</time>
   </trkpt>
   <trkpt lat="7.0359820" lon="125.4511940">
    <ele>260.6</ele>
    <time>2025-11-20T08:35:23Z</time>
   </trkpt>
   <trkpt lat="7.0359820" lon="125.4511940">
    <ele>260.6</ele>
    <time>2025-11-20T08:35:24Z</time>
   </trkpt>
   <trkpt lat="7.0359820" lon="125.4511940">
    <ele>260.6</ele>
    <time>2025-11-20T08:35:25Z</time>
   </trkpt>
   <trkpt lat="7.0359820" lon="125.4511940">
    <ele>260.6</ele>
    <time>2025-11-20T08:35:26Z</time>
   </trkpt>
   <trkpt lat="7.0359820" lon="125.4511940">
    <ele>260.6</ele>
    <time>2025-11-20T08:35:27Z</time>
   </trkpt>
   <trkpt lat="7.0359820" lon="125.4511940">
    <ele>260.6</ele>
    <time>2025-11-20T08:35:28Z</time>
   </trkpt>
   <trkpt lat="7.0359820" lon="125.4511940">
    <ele>260.6</ele>
    <time>2025-11-20T08:35:29Z</time>
   </trkpt>
   <trkpt lat="7.0359820" lon="125.4511940">
    <ele>260.6</ele>
    <time>2025-11-20T08:35:30Z</time>
   </trkpt>
   <trkpt lat="7.0359820" lon="125.4511940">
    <ele>260.6</ele>
    <time>2025-11-20T08:35:31Z</time>
   </trkpt>
   <trkpt lat="7.0359820" lon="125.4511940">
    <ele>260.6</ele>
    <time>2025-11-20T08:35:32Z</time>
   </trkpt>
   <trkpt lat="7.0359820" lon="125.4511940">
    <ele>260.6</ele>
    <time>2025-11-20T08:35:33Z</time>
   </trkpt>
   <trkpt lat="7.0359820" lon="125.4511940">
    <ele>260.6</ele>
    <time>2025-11-20T08:35:34Z</time>
   </trkpt>
   <trkpt lat="7.0359820" lon="125.4511940">
    <ele>260.6</ele>
    <time>2025-11-20T08:35:35Z</time>
   </trkpt>
   <trkpt lat="7.0359820" lon="125.4511940">
    <ele>260.6</ele>
    <time>2025-11-20T08:35:36Z</time>
   </trkpt>
   <trkpt lat="7.0359820" lon="125.4511940">
    <ele>260.6</ele>
    <time>2025-11-20T08:35:37Z</time>
   </trkpt>
   <trkpt lat="7.0359820" lon="125.4511940">
    <ele>260.6</ele>
    <time>2025-11-20T08:35:38Z</time>
   </trkpt>
   <trkpt lat="7.0359820" lon="125.4511940">
    <ele>260.6</ele>
    <time>2025-11-20T08:35:39Z</time>
   </trkpt>
   <trkpt lat="7.0359820" lon="125.4511940">
    <ele>260.6</ele>
    <time>2025-11-20T08:35:40Z</time>
   </trkpt>
   <trkpt lat="7.0359820" lon="125.4511940">
    <ele>260.6</ele>
    <time>2025-11-20T08:35:41Z</time>
   </trkpt>
   <trkpt lat="7.0359820" lon="125.4511940">
    <ele>260.6</ele>
    <time>2025-11-20T08:35:42Z</time>
   </trkpt>
   <trkpt lat="7.0359820" lon="125.4511940">
    <ele>260.6</ele>
    <time>2025-11-20T08:35:43Z</time>
   </trkpt>
   <trkpt lat="7.0359820" lon="125.4511940">
    <ele>260.6</ele>
    <time>2025-11-20T08:35:44Z</time>
   </trkpt>
   <trkpt lat="7.0359820" lon="125.4511940">
    <ele>260.6</ele>
    <time>2025-11-20T08:35:45Z</time>
   </trkpt>
   <trkpt lat="7.0359820" lon="125.4511940">
    <ele>260.6</ele>
    <time>2025-11-20T08:35:46Z</time>
   </trkpt>
   <trkpt lat="7.0359820" lon="125.4511940">
    <ele>260.6</ele>
    <time>2025-11-20T08:35:47Z</time>
   </trkpt>
   <trkpt lat="7.0359820" lon="125.4511940">
    <ele>260.6</ele>
    <time>2025-11-20T08:35:48Z</time>
   </trkpt>
   <trkpt lat="7.0359820" lon="125.4511940">
    <ele>260.6</ele>
    <time>2025-11-20T08:35:49Z</time>
   </trkpt>
   <trkpt lat="7.0359820" lon="125.4511940">
    <ele>260.6</ele>
    <time>2025-11-20T08:35:50Z</time>
   </trkpt>
   <trkpt lat="7.0359820" lon="125.4511940">
    <ele>260.6</ele>
    <time>2025-11-20T08:35:51Z</time>
   </trkpt>
   <trkpt lat="7.0359820" lon="125.4511940">
    <ele>260.6</ele>
    <time>2025-11-20T08:35:52Z</time>
   </trkpt>
   <trkpt lat="7.0359820" lon="125.4511940">
    <ele>260.6</ele>
    <time>2025-11-20T08:35:53Z</time>
   </trkpt>
   <trkpt lat="7.0359820" lon="125.4511940">
    <ele>260.6</ele>
    <time>2025-11-20T08:35:54Z</time>
   </trkpt>
   <trkpt lat="7.0359820" lon="125.4511940">
    <ele>260.6</ele>
    <time>2025-11-20T08:35:55Z</time>
   </trkpt>
   <trkpt lat="7.0359820" lon="125.4511940">
    <ele>260.6</ele>
    <time>2025-11-20T08:35:56Z</time>
   </trkpt>
   <trkpt lat="7.0359820" lon="125.4511940">
    <ele>260.6</ele>
    <time>2025-11-20T08:35:57Z</time>
   </trkpt>
   <trkpt lat="7.0359820" lon="125.4511940">
    <ele>260.6</ele>
    <time>2025-11-20T08:35:58Z</time>
   </trkpt>
   <trkpt lat="7.0359820" lon="125.4511940">
    <ele>260.6</ele>
    <time>2025-11-20T08:35:59Z</time>
   </trkpt>
   <trkpt lat="7.0359820" lon="125.4511940">
    <ele>260.6</ele>
    <time>2025-11-20T08:36:00Z</time>
   </trkpt>
   <trkpt lat="7.0359820" lon="125.4511940">
    <ele>260.6</ele>
    <time>2025-11-20T08:36:01Z</time>
   </trkpt>
   <trkpt lat="7.0359820" lon="125.4511940">
    <ele>260.6</ele>
    <time>2025-11-20T08:36:02Z</time>
   </trkpt>
   <trkpt lat="7.0359820" lon="125.4511940">
    <ele>260.6</ele>
    <time>2025-11-20T08:36:03Z</time>
   </trkpt>
   <trkpt lat="7.0359820" lon="125.4511940">
    <ele>260.6</ele>
    <time>2025-11-20T08:36:04Z</time>
   </trkpt>
   <trkpt lat="7.0359820" lon="125.4511940">
    <ele>260.6</ele>
    <time>2025-11-20T08:36:05Z</time>
   </trkpt>
   <trkpt lat="7.0359820" lon="125.4511940">
    <ele>260.6</ele>
    <time>2025-11-20T08:36:06Z</time>
   </trkpt>
   <trkpt lat="7.0359820" lon="125.4511940">
    <ele>260.6</ele>
    <time>2025-11-20T08:36:07Z</time>
   </trkpt>
   <trkpt lat="7.0359820" lon="125.4511940">
    <ele>260.6</ele>
    <time>2025-11-20T08:36:08Z</time>
   </trkpt>
   <trkpt lat="7.0359820" lon="125.4511940">
    <ele>260.6</ele>
    <time>2025-11-20T08:36:09Z</time>
   </trkpt>
   <trkpt lat="7.0359820" lon="125.4511940">
    <ele>260.6</ele>
    <time>2025-11-20T08:36:10Z</time>
   </trkpt>
   <trkpt lat="7.0359820" lon="125.4511940">
    <ele>260.6</ele>
    <time>2025-11-20T08:36:11Z</time>
   </trkpt>
   <trkpt lat="7.0359820" lon="125.4511940">
    <ele>260.6</ele>
    <time>2025-11-20T08:36:12Z</time>
   </trkpt>
   <trkpt lat="7.0359820" lon="125.4511940">
    <ele>260.6</ele>
    <time>2025-11-20T08:36:13Z</time>
   </trkpt>
   <trkpt lat="7.0360020" lon="125.4511920">
    <ele>260.6</ele>
    <time>2025-11-20T08:36:14Z</time>
   </trkpt>
   <trkpt lat="7.0360020" lon="125.4511920">
    <ele>260.6</ele>
    <time>2025-11-20T08:36:15Z</time>
   </trkpt>
   <trkpt lat="7.0360020" lon="125.4511920">
    <ele>260.6</ele>
    <time>2025-11-20T08:36:16Z</time>
   </trkpt>
   <trkpt lat="7.0360020" lon="125.4511920">
    <ele>260.6</ele>
    <time>2025-11-20T08:36:17Z</time>
   </trkpt>
   <trkpt lat="7.0360020" lon="125.4511920">
    <ele>260.6</ele>
    <time>2025-11-20T08:36:18Z</time>
   </trkpt>
   <trkpt lat="7.0360020" lon="125.4511920">
    <ele>260.6</ele>
    <time>2025-11-20T08:36:19Z</time>
   </trkpt>
   <trkpt lat="7.0360020" lon="125.4511920">
    <ele>260.6</ele>
    <time>2025-11-20T08:36:20Z</time>
   </trkpt>
   <trkpt lat="7.0360020" lon="125.4511920">
    <ele>260.6</ele>
    <time>2025-11-20T08:36:21Z</time>
   </trkpt>
   <trkpt lat="7.0360020" lon="125.4511920">
    <ele>260.6</ele>
    <time>2025-11-20T08:36:22Z</time>
   </trkpt>
   <trkpt lat="7.0360020" lon="125.4511920">
    <ele>260.6</ele>
    <time>2025-11-20T08:36:23Z</time>
   </trkpt>
   <trkpt lat="7.0360020" lon="125.4511920">
    <ele>260.6</ele>
    <time>2025-11-20T08:36:24Z</time>
   </trkpt>
   <trkpt lat="7.0360020" lon="125.4511920">
    <ele>260.6</ele>
    <time>2025-11-20T08:36:25Z</time>
   </trkpt>
   <trkpt lat="7.0360020" lon="125.4511920">
    <ele>260.6</ele>
    <time>2025-11-20T08:36:26Z</time>
   </trkpt>
   <trkpt lat="7.0360020" lon="125.4511920">
    <ele>260.6</ele>
    <time>2025-11-20T08:36:27Z</time>
   </trkpt>
   <trkpt lat="7.0360020" lon="125.4511920">
    <ele>260.6</ele>
    <time>2025-11-20T08:36:28Z</time>
   </trkpt>
   <trkpt lat="7.0360020" lon="125.4511920">
    <ele>260.6</ele>
    <time>2025-11-20T08:36:29Z</time>
   </trkpt>
   <trkpt lat="7.0360020" lon="125.4511920">
    <ele>260.6</ele>
    <time>2025-11-20T08:36:30Z</time>
   </trkpt>
   <trkpt lat="7.0360020" lon="125.4511920">
    <ele>260.6</ele>
    <time>2025-11-20T08:36:31Z</time>
   </trkpt>
   <trkpt lat="7.0360020" lon="125.4511920">
    <ele>260.6</ele>
    <time>2025-11-20T08:36:32Z</time>
   </trkpt>
   <trkpt lat="7.0360020" lon="125.4511920">
    <ele>260.6</ele>
    <time>2025-11-20T08:36:33Z</time>
   </trkpt>
   <trkpt lat="7.0360020" lon="125.4511920">
    <ele>260.6</ele>
    <time>2025-11-20T08:36:34Z</time>
   </trkpt>
   <trkpt lat="7.0360020" lon="125.4511920">
    <ele>260.6</ele>
    <time>2025-11-20T08:36:35Z</time>
   </trkpt>
   <trkpt lat="7.0360020" lon="125.4511920">
    <ele>260.6</ele>
    <time>2025-11-20T08:36:36Z</time>
   </trkpt>
   <trkpt lat="7.0360020" lon="125.4511920">
    <ele>260.6</ele>
    <time>2025-11-20T08:36:37Z</time>
   </trkpt>
   <trkpt lat="7.0360020" lon="125.4511920">
    <ele>260.6</ele>
    <time>2025-11-20T08:36:38Z</time>
   </trkpt>
   <trkpt lat="7.0360020" lon="125.4511920">
    <ele>260.6</ele>
    <time>2025-11-20T08:36:39Z</time>
   </trkpt>
   <trkpt lat="7.0360020" lon="125.4511920">
    <ele>260.6</ele>
    <time>2025-11-20T08:36:40Z</time>
   </trkpt>
   <trkpt lat="7.0360020" lon="125.4511920">
    <ele>260.6</ele>
    <time>2025-11-20T08:36:41Z</time>
   </trkpt>
   <trkpt lat="7.0360020" lon="125.4511920">
    <ele>260.6</ele>
    <time>2025-11-20T08:36:42Z</time>
   </trkpt>
   <trkpt lat="7.0360020" lon="125.4511920">
    <ele>260.6</ele>
    <time>2025-11-20T08:36:43Z</time>
   </trkpt>
   <trkpt lat="7.0360020" lon="125.4511920">
    <ele>260.6</ele>
    <time>2025-11-20T08:36:44Z</time>
   </trkpt>
   <trkpt lat="7.0360020" lon="125.4511920">
    <ele>260.6</ele>
    <time>2025-11-20T08:36:45Z</time>
   </trkpt>
   <trkpt lat="7.0360020" lon="125.4511920">
    <ele>260.6</ele>
    <time>2025-11-20T08:36:46Z</time>
   </trkpt>
   <trkpt lat="7.0360020" lon="125.4511920">
    <ele>260.6</ele>
    <time>2025-11-20T08:36:47Z</time>
   </trkpt>
   <trkpt lat="7.0360020" lon="125.4511920">
    <ele>260.6</ele>
    <time>2025-11-20T08:36:48Z</time>
   </trkpt>
   <trkpt lat="7.0360020" lon="125.4511920">
    <ele>260.6</ele>
    <time>2025-11-20T08:36:49Z</time>
   </trkpt>
   <trkpt lat="7.0360020" lon="125.4511920">
    <ele>260.6</ele>
    <time>2025-11-20T08:36:50Z</time>
   </trkpt>
   <trkpt lat="7.0360020" lon="125.4511920">
    <ele>260.6</ele>
    <time>2025-11-20T08:36:51Z</time>
   </trkpt>
   <trkpt lat="7.0360020" lon="125.4511920">
    <ele>260.6</ele>
    <time>2025-11-20T08:36:52Z</time>
   </trkpt>
   <trkpt lat="7.0360020" lon="125.4511920">
    <ele>260.6</ele>
    <time>2025-11-20T08:36:53Z</time>
   </trkpt>
   <trkpt lat="7.0360020" lon="125.4511920">
    <ele>260.6</ele>
    <time>2025-11-20T08:36:54Z</time>
   </trkpt>
   <trkpt lat="7.0360020" lon="125.4511920">
    <ele>260.6</ele>
    <time>2025-11-20T08:36:55Z</time>
   </trkpt>
   <trkpt lat="7.0360020" lon="125.4511920">
    <ele>260.6</ele>
    <time>2025-11-20T08:36:56Z</time>
   </trkpt>
   <trkpt lat="7.0360020" lon="125.4511920">
    <ele>260.6</ele>
    <time>2025-11-20T08:36:57Z</time>
   </trkpt>
   <trkpt lat="7.0360020" lon="125.4511920">
    <ele>260.6</ele>
    <time>2025-11-20T08:36:58Z</time>
   </trkpt>
   <trkpt lat="7.0360020" lon="125.4511920">
    <ele>260.6</ele>
    <time>2025-11-20T08:36:59Z</time>
   </trkpt>
   <trkpt lat="7.0360020" lon="125.4511920">
    <ele>260.6</ele>
    <time>2025-11-20T08:37:00Z</time>
   </trkpt>
   <trkpt lat="7.0360020" lon="125.4511920">
    <ele>260.6</ele>
    <time>2025-11-20T08:37:01Z</time>
   </trkpt>
   <trkpt lat="7.0360090" lon="125.4511940">
    <ele>260.6</ele>
    <time>2025-11-20T08:37:02Z</time>
   </trkpt>
   <trkpt lat="7.0360090" lon="125.4511940">
    <ele>260.6</ele>
    <time>2025-11-20T08:37:03Z</time>
   </trkpt>
   <trkpt lat="7.0360090" lon="125.4511940">
    <ele>260.6</ele>
    <time>2025-11-20T08:37:04Z</time>
   </trkpt>
   <trkpt lat="7.0360090" lon="125.4511940">
    <ele>260.6</ele>
    <time>2025-11-20T08:37:05Z</time>
   </trkpt>
   <trkpt lat="7.0360090" lon="125.4511940">
    <ele>260.6</ele>
    <time>2025-11-20T08:37:06Z</time>
   </trkpt>
   <trkpt lat="7.0360090" lon="125.4511940">
    <ele>260.6</ele>
    <time>2025-11-20T08:37:07Z</time>
   </trkpt>
   <trkpt lat="7.0360090" lon="125.4511940">
    <ele>260.6</ele>
    <time>2025-11-20T08:37:08Z</time>
   </trkpt>
   <trkpt lat="7.0360090" lon="125.4511940">
    <ele>260.6</ele>
    <time>2025-11-20T08:37:09Z</time>
   </trkpt>
   <trkpt lat="7.0360090" lon="125.4511940">
    <ele>260.6</ele>
    <time>2025-11-20T08:37:10Z</time>
   </trkpt>
   <trkpt lat="7.0360090" lon="125.4511940">
    <ele>260.6</ele>
    <time>2025-11-20T08:37:11Z</time>
   </trkpt>
   <trkpt lat="7.0360090" lon="125.4511940">
    <ele>260.6</ele>
    <time>2025-11-20T08:37:12Z</time>
   </trkpt>
   <trkpt lat="7.0360090" lon="125.4511940">
    <ele>260.6</ele>
    <time>2025-11-20T08:37:13Z</time>
   </trkpt>
   <trkpt lat="7.0360090" lon="125.4511940">
    <ele>260.6</ele>
    <time>2025-11-20T08:37:14Z</time>
   </trkpt>
   <trkpt lat="7.0360090" lon="125.4511940">
    <ele>260.6</ele>
    <time>2025-11-20T08:37:15Z</time>
   </trkpt>
   <trkpt lat="7.0360090" lon="125.4511940">
    <ele>260.6</ele>
    <time>2025-11-20T08:37:16Z</time>
   </trkpt>
   <trkpt lat="7.0360090" lon="125.4511940">
    <ele>260.6</ele>
    <time>2025-11-20T08:37:17Z</time>
   </trkpt>
   <trkpt lat="7.0360090" lon="125.4511940">
    <ele>260.6</ele>
    <time>2025-11-20T08:37:18Z</time>
   </trkpt>
   <trkpt lat="7.0360090" lon="125.4511940">
    <ele>260.6</ele>
    <time>2025-11-20T08:37:19Z</time>
   </trkpt>
   <trkpt lat="7.0360090" lon="125.4511940">
    <ele>260.6</ele>
    <time>2025-11-20T08:37:20Z</time>
   </trkpt>
   <trkpt lat="7.0360090" lon="125.4511940">
    <ele>260.6</ele>
    <time>2025-11-20T08:37:21Z</time>
   </trkpt>
   <trkpt lat="7.0360090" lon="125.4511940">
    <ele>260.6</ele>
    <time>2025-11-20T08:37:22Z</time>
   </trkpt>
   <trkpt lat="7.0360090" lon="125.4511940">
    <ele>260.6</ele>
    <time>2025-11-20T08:37:23Z</time>
   </trkpt>
   <trkpt lat="7.0360090" lon="125.4511940">
    <ele>260.6</ele>
    <time>2025-11-20T08:37:24Z</time>
   </trkpt>
   <trkpt lat="7.0360090" lon="125.4511940">
    <ele>260.6</ele>
    <time>2025-11-20T08:37:25Z</time>
   </trkpt>
   <trkpt lat="7.0360090" lon="125.4511940">
    <ele>260.6</ele>
    <time>2025-11-20T08:37:26Z</time>
   </trkpt>
   <trkpt lat="7.0360090" lon="125.4511940">
    <ele>260.6</ele>
    <time>2025-11-20T08:37:27Z</time>
   </trkpt>
   <trkpt lat="7.0360090" lon="125.4511940">
    <ele>260.6</ele>
    <time>2025-11-20T08:37:28Z</time>
   </trkpt>
   <trkpt lat="7.0360090" lon="125.4511940">
    <ele>260.6</ele>
    <time>2025-11-20T08:37:29Z</time>
   </trkpt>
   <trkpt lat="7.0360090" lon="125.4511940">
    <ele>260.6</ele>
    <time>2025-11-20T08:37:30Z</time>
   </trkpt>
   <trkpt lat="7.0360020" lon="125.4511940">
    <ele>260.6</ele>
    <time>2025-11-20T08:37:31Z</time>
   </trkpt>
   <trkpt lat="7.0360010" lon="125.4511940">
    <ele>260.6</ele>
    <time>2025-11-20T08:37:32Z</time>
   </trkpt>
   <trkpt lat="7.0360020" lon="125.4511930">
    <ele>260.6</ele>
    <time>2025-11-20T08:37:33Z</time>
   </trkpt>
   <trkpt lat="7.0360010" lon="125.4511930">
    <ele>260.6</ele>
    <time>2025-11-20T08:37:34Z</time>
   </trkpt>
   <trkpt lat="7.0360010" lon="125.4511930">
    <ele>260.6</ele>
    <time>2025-11-20T08:37:35Z</time>
   </trkpt>
   <trkpt lat="7.0360010" lon="125.4511930">
    <ele>260.6</ele>
    <time>2025-11-20T08:37:36Z</time>
   </trkpt>
   <trkpt lat="7.0360010" lon="125.4511930">
    <ele>260.6</ele>
    <time>2025-11-20T08:37:37Z</time>
   </trkpt>
   <trkpt lat="7.0360010" lon="125.4511930">
    <ele>260.6</ele>
    <time>2025-11-20T08:37:38Z</time>
   </trkpt>
   <trkpt lat="7.0360010" lon="125.4511930">
    <ele>260.6</ele>
    <time>2025-11-20T08:37:39Z</time>
   </trkpt>
   <trkpt lat="7.0360010" lon="125.4511930">
    <ele>260.6</ele>
    <time>2025-11-20T08:37:40Z</time>
   </trkpt>
   <trkpt lat="7.0360010" lon="125.4511930">
    <ele>260.6</ele>
    <time>2025-11-20T08:37:41Z</time>
   </trkpt>
   <trkpt lat="7.0360010" lon="125.4511930">
    <ele>260.6</ele>
    <time>2025-11-20T08:37:42Z</time>
   </trkpt>
   <trkpt lat="7.0360010" lon="125.4511930">
    <ele>260.6</ele>
    <time>2025-11-20T08:37:43Z</time>
   </trkpt>
   <trkpt lat="7.0360010" lon="125.4511930">
    <ele>260.6</ele>
    <time>2025-11-20T08:37:44Z</time>
   </trkpt>
   <trkpt lat="7.0360010" lon="125.4511930">
    <ele>260.6</ele>
    <time>2025-11-20T08:37:45Z</time>
   </trkpt>
   <trkpt lat="7.0360010" lon="125.4511930">
    <ele>260.6</ele>
    <time>2025-11-20T08:37:46Z</time>
   </trkpt>
   <trkpt lat="7.0360010" lon="125.4511930">
    <ele>260.6</ele>
    <time>2025-11-20T08:37:47Z</time>
   </trkpt>
   <trkpt lat="7.0360010" lon="125.4511930">
    <ele>260.6</ele>
    <time>2025-11-20T08:37:48Z</time>
   </trkpt>
   <trkpt lat="7.0360010" lon="125.4511930">
    <ele>260.6</ele>
    <time>2025-11-20T08:37:49Z</time>
   </trkpt>
   <trkpt lat="7.0360010" lon="125.4511930">
    <ele>260.6</ele>
    <time>2025-11-20T08:37:50Z</time>
   </trkpt>
   <trkpt lat="7.0360010" lon="125.4511930">
    <ele>260.6</ele>
    <time>2025-11-20T08:37:51Z</time>
   </trkpt>
   <trkpt lat="7.0360010" lon="125.4511930">
    <ele>260.6</ele>
    <time>2025-11-20T08:37:52Z</time>
   </trkpt>
   <trkpt lat="7.0360010" lon="125.4511930">
    <ele>260.6</ele>
    <time>2025-11-20T08:37:53Z</time>
   </trkpt>
   <trkpt lat="7.0360010" lon="125.4511930">
    <ele>260.6</ele>
    <time>2025-11-20T08:37:54Z</time>
   </trkpt>
   <trkpt lat="7.0360010" lon="125.4511930">
    <ele>260.6</ele>
    <time>2025-11-20T08:37:55Z</time>
   </trkpt>
   <trkpt lat="7.0360010" lon="125.4511930">
    <ele>260.6</ele>
    <time>2025-11-20T08:37:56Z</time>
   </trkpt>
   <trkpt lat="7.0360010" lon="125.4511930">
    <ele>260.6</ele>
    <time>2025-11-20T08:37:57Z</time>
   </trkpt>
   <trkpt lat="7.0360010" lon="125.4511930">
    <ele>260.6</ele>
    <time>2025-11-20T08:37:58Z</time>
   </trkpt>
   <trkpt lat="7.0360010" lon="125.4511930">
    <ele>260.6</ele>
    <time>2025-11-20T08:37:59Z</time>
   </trkpt>
   <trkpt lat="7.0360010" lon="125.4511930">
    <ele>260.6</ele>
    <time>2025-11-20T08:38:00Z</time>
   </trkpt>
   <trkpt lat="7.0360010" lon="125.4511930">
    <ele>260.6</ele>
    <time>2025-11-20T08:38:01Z</time>
   </trkpt>
   <trkpt lat="7.0360010" lon="125.4511930">
    <ele>260.6</ele>
    <time>2025-11-20T08:38:02Z</time>
   </trkpt>
   <trkpt lat="7.0360010" lon="125.4511930">
    <ele>260.6</ele>
    <time>2025-11-20T08:38:03Z</time>
   </trkpt>
   <trkpt lat="7.0360010" lon="125.4511930">
    <ele>260.6</ele>
    <time>2025-11-20T08:38:04Z</time>
   </trkpt>
   <trkpt lat="7.0360010" lon="125.4511930">
    <ele>260.6</ele>
    <time>2025-11-20T08:38:05Z</time>
   </trkpt>
   <trkpt lat="7.0360010" lon="125.4511930">
    <ele>260.6</ele>
    <time>2025-11-20T08:38:06Z</time>
   </trkpt>
   <trkpt lat="7.0360010" lon="125.4511930">
    <ele>260.6</ele>
    <time>2025-11-20T08:38:07Z</time>
   </trkpt>
   <trkpt lat="7.0360010" lon="125.4511930">
    <ele>260.6</ele>
    <time>2025-11-20T08:38:08Z</time>
   </trkpt>
   <trkpt lat="7.0360010" lon="125.4511930">
    <ele>260.6</ele>
    <time>2025-11-20T08:38:09Z</time>
   </trkpt>
   <trkpt lat="7.0360010" lon="125.4511930">
    <ele>260.6</ele>
    <time>2025-11-20T08:38:10Z</time>
   </trkpt>
   <trkpt lat="7.0360010" lon="125.4511930">
    <ele>260.6</ele>
    <time>2025-11-20T08:38:11Z</time>
   </trkpt>
   <trkpt lat="7.0360010" lon="125.4511930">
    <ele>260.6</ele>
    <time>2025-11-20T08:38:12Z</time>
   </trkpt>
   <trkpt lat="7.0360010" lon="125.4511930">
    <ele>260.6</ele>
    <time>2025-11-20T08:38:13Z</time>
   </trkpt>
   <trkpt lat="7.0360010" lon="125.4511930">
    <ele>260.6</ele>
    <time>2025-11-20T08:38:14Z</time>
   </trkpt>
   <trkpt lat="7.0360010" lon="125.4511930">
    <ele>260.6</ele>
    <time>2025-11-20T08:38:15Z</time>
   </trkpt>
   <trkpt lat="7.0360010" lon="125.4511930">
    <ele>260.6</ele>
    <time>2025-11-20T08:38:16Z</time>
   </trkpt>
   <trkpt lat="7.0360010" lon="125.4511930">
    <ele>260.6</ele>
    <time>2025-11-20T08:38:17Z</time>
   </trkpt>
   <trkpt lat="7.0360010" lon="125.4511930">
    <ele>260.6</ele>
    <time>2025-11-20T08:38:18Z</time>
   </trkpt>
   <trkpt lat="7.0360010" lon="125.4511930">
    <ele>260.6</ele>
    <time>2025-11-20T08:38:19Z</time>
   </trkpt>
   <trkpt lat="7.0360010" lon="125.4511930">
    <ele>260.6</ele>
    <time>2025-11-20T08:38:20Z</time>
   </trkpt>
   <trkpt lat="7.0360010" lon="125.4511930">
    <ele>260.6</ele>
    <time>2025-11-20T08:38:21Z</time>
   </trkpt>
   <trkpt lat="7.0360010" lon="125.4511930">
    <ele>260.6</ele>
    <time>2025-11-20T08:38:22Z</time>
   </trkpt>
   <trkpt lat="7.0360010" lon="125.4511930">
    <ele>260.6</ele>
    <time>2025-11-20T08:38:23Z</time>
   </trkpt>
   <trkpt lat="7.0360010" lon="125.4511930">
    <ele>260.6</ele>
    <time>2025-11-20T08:38:24Z</time>
   </trkpt>
   <trkpt lat="7.0360010" lon="125.4511930">
    <ele>260.6</ele>
    <time>2025-11-20T08:38:25Z</time>
   </trkpt>
   <trkpt lat="7.0360010" lon="125.4511930">
    <ele>260.6</ele>
    <time>2025-11-20T08:38:26Z</time>
   </trkpt>
   <trkpt lat="7.0360010" lon="125.4511930">
    <ele>260.6</ele>
    <time>2025-11-20T08:38:27Z</time>
   </trkpt>
   <trkpt lat="7.0360010" lon="125.4511930">
    <ele>260.6</ele>
    <time>2025-11-20T08:38:28Z</time>
   </trkpt>
   <trkpt lat="7.0360010" lon="125.4511930">
    <ele>260.6</ele>
    <time>2025-11-20T08:38:29Z</time>
   </trkpt>
   <trkpt lat="7.0360010" lon="125.4511930">
    <ele>260.6</ele>
    <time>2025-11-20T08:38:30Z</time>
   </trkpt>
   <trkpt lat="7.0360010" lon="125.4511930">
    <ele>260.6</ele>
    <time>2025-11-20T08:38:31Z</time>
   </trkpt>
   <trkpt lat="7.0360010" lon="125.4511930">
    <ele>260.6</ele>
    <time>2025-11-20T08:38:32Z</time>
   </trkpt>
   <trkpt lat="7.0360010" lon="125.4511930">
    <ele>260.6</ele>
    <time>2025-11-20T08:38:33Z</time>
   </trkpt>
   <trkpt lat="7.0360010" lon="125.4511930">
    <ele>260.6</ele>
    <time>2025-11-20T08:38:34Z</time>
   </trkpt>
   <trkpt lat="7.0360010" lon="125.4511930">
    <ele>260.6</ele>
    <time>2025-11-20T08:38:35Z</time>
   </trkpt>
   <trkpt lat="7.0360010" lon="125.4511930">
    <ele>260.6</ele>
    <time>2025-11-20T08:38:36Z</time>
   </trkpt>
   <trkpt lat="7.0360010" lon="125.4511930">
    <ele>260.6</ele>
    <time>2025-11-20T08:38:37Z</time>
   </trkpt>
   <trkpt lat="7.0360010" lon="125.4511930">
    <ele>260.6</ele>
    <time>2025-11-20T08:38:38Z</time>
   </trkpt>
   <trkpt lat="7.0360010" lon="125.4511930">
    <ele>260.6</ele>
    <time>2025-11-20T08:38:39Z</time>
   </trkpt>
   <trkpt lat="7.0360010" lon="125.4511930">
    <ele>260.6</ele>
    <time>2025-11-20T08:38:40Z</time>
   </trkpt>
   <trkpt lat="7.0360010" lon="125.4511930">
    <ele>260.6</ele>
    <time>2025-11-20T08:38:41Z</time>
   </trkpt>
   <trkpt lat="7.0360010" lon="125.4511930">
    <ele>260.6</ele>
    <time>2025-11-20T08:38:42Z</time>
   </trkpt>
   <trkpt lat="7.0360010" lon="125.4511930">
    <ele>260.6</ele>
    <time>2025-11-20T08:38:43Z</time>
   </trkpt>
   <trkpt lat="7.0360010" lon="125.4511930">
    <ele>260.6</ele>
    <time>2025-11-20T08:38:44Z</time>
   </trkpt>
   <trkpt lat="7.0360010" lon="125.4511930">
    <ele>260.6</ele>
    <time>2025-11-20T08:38:45Z</time>
   </trkpt>
   <trkpt lat="7.0360010" lon="125.4511930">
    <ele>260.6</ele>
    <time>2025-11-20T08:38:46Z</time>
   </trkpt>
   <trkpt lat="7.0360010" lon="125.4511930">
    <ele>260.6</ele>
    <time>2025-11-20T08:38:47Z</time>
   </trkpt>
   <trkpt lat="7.0360010" lon="125.4511930">
    <ele>260.6</ele>
    <time>2025-11-20T08:38:48Z</time>
   </trkpt>
   <trkpt lat="7.0360010" lon="125.4511930">
    <ele>260.6</ele>
    <time>2025-11-20T08:38:49Z</time>
   </trkpt>
   <trkpt lat="7.0360010" lon="125.4511930">
    <ele>260.6</ele>
    <time>2025-11-20T08:38:50Z</time>
   </trkpt>
   <trkpt lat="7.0360010" lon="125.4511930">
    <ele>260.6</ele>
    <time>2025-11-20T08:38:51Z</time>
   </trkpt>
   <trkpt lat="7.0360010" lon="125.4511930">
    <ele>260.6</ele>
    <time>2025-11-20T08:38:52Z</time>
   </trkpt>
   <trkpt lat="7.0360010" lon="125.4511930">
    <ele>260.6</ele>
    <time>2025-11-20T08:38:53Z</time>
   </trkpt>
   <trkpt lat="7.0360010" lon="125.4511930">
    <ele>260.6</ele>
    <time>2025-11-20T08:38:54Z</time>
   </trkpt>
   <trkpt lat="7.0360010" lon="125.4511930">
    <ele>260.6</ele>
    <time>2025-11-20T08:38:55Z</time>
   </trkpt>
   <trkpt lat="7.0360010" lon="125.4511930">
    <ele>260.6</ele>
    <time>2025-11-20T08:38:56Z</time>
   </trkpt>
   <trkpt lat="7.0360010" lon="125.4511930">
    <ele>260.6</ele>
    <time>2025-11-20T08:38:57Z</time>
   </trkpt>
   <trkpt lat="7.0360010" lon="125.4511930">
    <ele>260.6</ele>
    <time>2025-11-20T08:38:58Z</time>
   </trkpt>
   <trkpt lat="7.0360010" lon="125.4511930">
    <ele>260.6</ele>
    <time>2025-11-20T08:38:59Z</time>
   </trkpt>
   <trkpt lat="7.0360010" lon="125.4511930">
    <ele>260.6</ele>
    <time>2025-11-20T08:39:00Z</time>
   </trkpt>
   <trkpt lat="7.0360010" lon="125.4511980">
    <ele>260.6</ele>
    <time>2025-11-20T08:39:01Z</time>
   </trkpt>
   <trkpt lat="7.0360020" lon="125.4511970">
    <ele>260.6</ele>
    <time>2025-11-20T08:39:02Z</time>
   </trkpt>
   <trkpt lat="7.0360020" lon="125.4512000">
    <ele>260.6</ele>
    <time>2025-11-20T08:39:03Z</time>
   </trkpt>
   <trkpt lat="7.0359930" lon="125.4512060">
    <ele>260.6</ele>
    <time>2025-11-20T08:39:04Z</time>
   </trkpt>
   <trkpt lat="7.0359930" lon="125.4512020">
    <ele>260.7</ele>
    <time>2025-11-20T08:39:05Z</time>
   </trkpt>
   <trkpt lat="7.0359980" lon="125.4512000">
    <ele>260.7</ele>
    <time>2025-11-20T08:39:06Z</time>
   </trkpt>
   <trkpt lat="7.0360000" lon="125.4512000">
    <ele>260.7</ele>
    <time>2025-11-20T08:39:07Z</time>
   </trkpt>
   <trkpt lat="7.0360010" lon="125.4511980">
    <ele>260.7</ele>
    <time>2025-11-20T08:39:08Z</time>
   </trkpt>
   <trkpt lat="7.0359970" lon="125.4511960">
    <ele>260.7</ele>
    <time>2025-11-20T08:39:09Z</time>
   </trkpt>
   <trkpt lat="7.0359970" lon="125.4511960">
    <ele>260.7</ele>
    <time>2025-11-20T08:39:10Z</time>
   </trkpt>
   <trkpt lat="7.0359970" lon="125.4511960">
    <ele>260.7</ele>
    <time>2025-11-20T08:39:11Z</time>
   </trkpt>
   <trkpt lat="7.0359940" lon="125.4511950">
    <ele>260.7</ele>
    <time>2025-11-20T08:39:12Z</time>
   </trkpt>
   <trkpt lat="7.0359940" lon="125.4511930">
    <ele>260.7</ele>
    <time>2025-11-20T08:39:13Z</time>
   </trkpt>
   <trkpt lat="7.0359920" lon="125.4511920">
    <ele>260.7</ele>
    <time>2025-11-20T08:39:14Z</time>
   </trkpt>
   <trkpt lat="7.0359930" lon="125.4511920">
    <ele>260.7</ele>
    <time>2025-11-20T08:39:15Z</time>
   </trkpt>
   <trkpt lat="7.0359930" lon="125.4511920">
    <ele>260.7</ele>
    <time>2025-11-20T08:39:16Z</time>
   </trkpt>
   <trkpt lat="7.0359930" lon="125.4511920">
    <ele>260.7</ele>
    <time>2025-11-20T08:39:17Z</time>
   </trkpt>
   <trkpt lat="7.0359930" lon="125.4511920">
    <ele>260.7</ele>
    <time>2025-11-20T08:39:18Z</time>
   </trkpt>
   <trkpt lat="7.0359930" lon="125.4511920">
    <ele>260.7</ele>
    <time>2025-11-20T08:39:19Z</time>
   </trkpt>
   <trkpt lat="7.0359930" lon="125.4511920">
    <ele>260.7</ele>
    <time>2025-11-20T08:39:20Z</time>
   </trkpt>
   <trkpt lat="7.0359930" lon="125.4511920">
    <ele>260.7</ele>
    <time>2025-11-20T08:39:21Z</time>
   </trkpt>
   <trkpt lat="7.0359930" lon="125.4511920">
    <ele>260.7</ele>
    <time>2025-11-20T08:39:22Z</time>
   </trkpt>
   <trkpt lat="7.0359930" lon="125.4511920">
    <ele>260.7</ele>
    <time>2025-11-20T08:39:23Z</time>
   </trkpt>
   <trkpt lat="7.0359930" lon="125.4511920">
    <ele>260.7</ele>
    <time>2025-11-20T08:39:24Z</time>
   </trkpt>
   <trkpt lat="7.0359930" lon="125.4511920">
    <ele>260.7</ele>
    <time>2025-11-20T08:39:25Z</time>
   </trkpt>
   <trkpt lat="7.0359930" lon="125.4511920">
    <ele>260.7</ele>
    <time>2025-11-20T08:39:26Z</time>
   </trkpt>
   <trkpt lat="7.0359930" lon="125.4511920">
    <ele>260.7</ele>
    <time>2025-11-20T08:39:27Z</time>
   </trkpt>
   <trkpt lat="7.0359930" lon="125.4511920">
    <ele>260.7</ele>
    <time>2025-11-20T08:39:28Z</time>
   </trkpt>
   <trkpt lat="7.0359930" lon="125.4511920">
    <ele>260.7</ele>
    <time>2025-11-20T08:39:29Z</time>
   </trkpt>
   <trkpt lat="7.0359930" lon="125.4511920">
    <ele>260.7</ele>
    <time>2025-11-20T08:39:30Z</time>
   </trkpt>
   <trkpt lat="7.0359930" lon="125.4511920">
    <ele>260.7</ele>
    <time>2025-11-20T08:39:31Z</time>
   </trkpt>
   <trkpt lat="7.0359930" lon="125.4511920">
    <ele>260.7</ele>
    <time>2025-11-20T08:39:32Z</time>
   </trkpt>
   <trkpt lat="7.0359930" lon="125.4511920">
    <ele>260.7</ele>
    <time>2025-11-20T08:39:33Z</time>
   </trkpt>
   <trkpt lat="7.0359930" lon="125.4511920">
    <ele>260.7</ele>
    <time>2025-11-20T08:39:34Z</time>
   </trkpt>
   <trkpt lat="7.0359930" lon="125.4511920">
    <ele>260.7</ele>
    <time>2025-11-20T08:39:35Z</time>
   </trkpt>
   <trkpt lat="7.0359930" lon="125.4511920">
    <ele>260.7</ele>
    <time>2025-11-20T08:39:36Z</time>
   </trkpt>
   <trkpt lat="7.0359930" lon="125.4511920">
    <ele>260.7</ele>
    <time>2025-11-20T08:39:37Z</time>
   </trkpt>
   <trkpt lat="7.0359930" lon="125.4511920">
    <ele>260.7</ele>
    <time>2025-11-20T08:39:38Z</time>
   </trkpt>
   <trkpt lat="7.0359930" lon="125.4511920">
    <ele>260.7</ele>
    <time>2025-11-20T08:39:39Z</time>
   </trkpt>
   <trkpt lat="7.0359930" lon="125.4511920">
    <ele>260.7</ele>
    <time>2025-11-20T08:39:40Z</time>
   </trkpt>
   <trkpt lat="7.0359930" lon="125.4511920">
    <ele>260.7</ele>
    <time>2025-11-20T08:39:41Z</time>
   </trkpt>
   <trkpt lat="7.0360060" lon="125.4511860">
    <ele>260.7</ele>
    <time>2025-11-20T08:39:42Z</time>
   </trkpt>
   <trkpt lat="7.0360030" lon="125.4511870">
    <ele>260.7</ele>
    <time>2025-11-20T08:39:43Z</time>
   </trkpt>
   <trkpt lat="7.0360030" lon="125.4511870">
    <ele>260.7</ele>
    <time>2025-11-20T08:39:44Z</time>
   </trkpt>
   <trkpt lat="7.0360030" lon="125.4511870">
    <ele>260.7</ele>
    <time>2025-11-20T08:39:45Z</time>
   </trkpt>
   <trkpt lat="7.0359970" lon="125.4511910">
    <ele>260.7</ele>
    <time>2025-11-20T08:39:46Z</time>
   </trkpt>
   <trkpt lat="7.0359970" lon="125.4511910">
    <ele>260.7</ele>
    <time>2025-11-20T08:39:47Z</time>
   </trkpt>
   <trkpt lat="7.0359970" lon="125.4511910">
    <ele>260.7</ele>
    <time>2025-11-20T08:39:48Z</time>
   </trkpt>
   <trkpt lat="7.0359960" lon="125.4511910">
    <ele>260.7</ele>
    <time>2025-11-20T08:39:49Z</time>
   </trkpt>
   <trkpt lat="7.0359940" lon="125.4511950">
    <ele>260.7</ele>
    <time>2025-11-20T08:39:50Z</time>
   </trkpt>
   <trkpt lat="7.0359940" lon="125.4511930">
    <ele>260.7</ele>
    <time>2025-11-20T08:39:51Z</time>
   </trkpt>
   <trkpt lat="7.0359900" lon="125.4511920">
    <ele>260.7</ele>
    <time>2025-11-20T08:39:52Z</time>
   </trkpt>
   <trkpt lat="7.0359890" lon="125.4511890">
    <ele>260.7</ele>
    <time>2025-11-20T08:39:53Z</time>
   </trkpt>
   <trkpt lat="7.0359900" lon="125.4511900">
    <ele>260.7</ele>
    <time>2025-11-20T08:39:54Z</time>
   </trkpt>
   <trkpt lat="7.0359880" lon="125.4511930">
    <ele>260.7</ele>
    <time>2025-11-20T08:39:55Z</time>
   </trkpt>
   <trkpt lat="7.0359890" lon="125.4511930">
    <ele>260.7</ele>
    <time>2025-11-20T08:39:56Z</time>
   </trkpt>
   <trkpt lat="7.0359870" lon="125.4511930">
    <ele>260.7</ele>
    <time>2025-11-20T08:39:57Z</time>
   </trkpt>
   <trkpt lat="7.0359860" lon="125.4511920">
    <ele>260.7</ele>
    <time>2025-11-20T08:39:58Z</time>
   </trkpt>
   <trkpt lat="7.0359860" lon="125.4511930">
    <ele>260.8</ele>
    <time>2025-11-20T08:39:59Z</time>
   </trkpt>
   <trkpt lat="7.0359860" lon="125.4511930">
    <ele>260.8</ele>
    <time>2025-11-20T08:40:00Z</time>
   </trkpt>
   <trkpt lat="7.0359860" lon="125.4511950">
    <ele>260.8</ele>
    <time>2025-11-20T08:40:01Z</time>
   </trkpt>
   <trkpt lat="7.0359860" lon="125.4511960">
    <ele>260.8</ele>
    <time>2025-11-20T08:40:02Z</time>
   </trkpt>
   <trkpt lat="7.0359860" lon="125.4511950">
    <ele>260.8</ele>
    <time>2025-11-20T08:40:03Z</time>
   </trkpt>
   <trkpt lat="7.0359850" lon="125.4511970">
    <ele>260.8</ele>
    <time>2025-11-20T08:40:04Z</time>
   </trkpt>
   <trkpt lat="7.0359850" lon="125.4511960">
    <ele>260.8</ele>
    <time>2025-11-20T08:40:05Z</time>
   </trkpt>
   <trkpt lat="7.0359850" lon="125.4511970">
    <ele>260.8</ele>
    <time>2025-11-20T08:40:06Z</time>
   </trkpt>
   <trkpt lat="7.0359850" lon="125.4511970">
    <ele>260.8</ele>
    <time>2025-11-20T08:40:07Z</time>
   </trkpt>
   <trkpt lat="7.0359830" lon="125.4511970">
    <ele>260.8</ele>
    <time>2025-11-20T08:40:08Z</time>
   </trkpt>
   <trkpt lat="7.0359830" lon="125.4511970">
    <ele>260.8</ele>
    <time>2025-11-20T08:40:09Z</time>
   </trkpt>
   <trkpt lat="7.0359840" lon="125.4511970">
    <ele>260.8</ele>
    <time>2025-11-20T08:40:10Z</time>
   </trkpt>
   <trkpt lat="7.0359850" lon="125.4511970">
    <ele>260.8</ele>
    <time>2025-11-20T08:40:11Z</time>
   </trkpt>
   <trkpt lat="7.0359850" lon="125.4511970">
    <ele>260.8</ele>
    <time>2025-11-20T08:40:12Z</time>
   </trkpt>
   <trkpt lat="7.0359870" lon="125.4511990">
    <ele>260.8</ele>
    <time>2025-11-20T08:40:13Z</time>
   </trkpt>
   <trkpt lat="7.0359870" lon="125.4511990">
    <ele>260.8</ele>
    <time>2025-11-20T08:40:14Z</time>
   </trkpt>
   <trkpt lat="7.0359880" lon="125.4511970">
    <ele>260.8</ele>
    <time>2025-11-20T08:40:15Z</time>
   </trkpt>
   <trkpt lat="7.0359890" lon="125.4511950">
    <ele>260.8</ele>
    <time>2025-11-20T08:40:16Z</time>
   </trkpt>
   <trkpt lat="7.0359890" lon="125.4511950">
    <ele>260.8</ele>
    <time>2025-11-20T08:40:17Z</time>
   </trkpt>
   <trkpt lat="7.0359890" lon="125.4511950">
    <ele>260.8</ele>
    <time>2025-11-20T08:40:18Z</time>
   </trkpt>
   <trkpt lat="7.0359890" lon="125.4511950">
    <ele>260.8</ele>
    <time>2025-11-20T08:40:19Z</time>
   </trkpt>
   <trkpt lat="7.0359890" lon="125.4511950">
    <ele>260.8</ele>
    <time>2025-11-20T08:40:20Z</time>
   </trkpt>
   <trkpt lat="7.0359890" lon="125.4511950">
    <ele>260.8</ele>
    <time>2025-11-20T08:40:21Z</time>
   </trkpt>
   <trkpt lat="7.0359890" lon="125.4511950">
    <ele>260.8</ele>
    <time>2025-11-20T08:40:22Z</time>
   </trkpt>
   <trkpt lat="7.0359890" lon="125.4511950">
    <ele>260.8</ele>
    <time>2025-11-20T08:40:23Z</time>
   </trkpt>
   <trkpt lat="7.0359890" lon="125.4511950">
    <ele>260.8</ele>
    <time>2025-11-20T08:40:24Z</time>
   </trkpt>
   <trkpt lat="7.0359890" lon="125.4511950">
    <ele>260.8</ele>
    <time>2025-11-20T08:40:25Z</time>
   </trkpt>
   <trkpt lat="7.0359890" lon="125.4511950">
    <ele>260.8</ele>
    <time>2025-11-20T08:40:26Z</time>
   </trkpt>
   <trkpt lat="7.0359890" lon="125.4511950">
    <ele>260.8</ele>
    <time>2025-11-20T08:40:27Z</time>
   </trkpt>
   <trkpt lat="7.0359840" lon="125.4511900">
    <ele>260.8</ele>
    <time>2025-11-20T08:40:28Z</time>
   </trkpt>
   <trkpt lat="7.0359840" lon="125.4511900">
    <ele>260.8</ele>
    <time>2025-11-20T08:40:29Z</time>
   </trkpt>
   <trkpt lat="7.0359840" lon="125.4511880">
    <ele>260.8</ele>
    <time>2025-11-20T08:40:30Z</time>
   </trkpt>
   <trkpt lat="7.0359840" lon="125.4511880">
    <ele>260.8</ele>
    <time>2025-11-20T08:40:31Z</time>
   </trkpt>
   <trkpt lat="7.0359890" lon="125.4511860">
    <ele>260.8</ele>
    <time>2025-11-20T08:40:32Z</time>
   </trkpt>
   <trkpt lat="7.0359870" lon="125.4511890">
    <ele>260.8</ele>
    <time>2025-11-20T08:40:33Z</time>
   </trkpt>
   <trkpt lat="7.0359910" lon="125.4511910">
    <ele>260.8</ele>
    <time>2025-11-20T08:40:34Z</time>
   </trkpt>
   <trkpt lat="7.0359840" lon="125.4511880">
    <ele>260.8</ele>
    <time>2025-11-20T08:40:35Z</time>
   </trkpt>
   <trkpt lat="7.0359800" lon="125.4511900">
    <ele>260.8</ele>
    <time>2025-11-20T08:40:36Z</time>
   </trkpt>
   <trkpt lat="7.0359690" lon="125.4511920">
    <ele>260.8</ele>
    <time>2025-11-20T08:40:37Z</time>
   </trkpt>
   <trkpt lat="7.0359610" lon="125.4511930">
    <ele>260.8</ele>
    <time>2025-11-20T08:40:38Z</time>
   </trkpt>
   <trkpt lat="7.0359580" lon="125.4511940">
    <ele>260.9</ele>
    <time>2025-11-20T08:40:39Z</time>
   </trkpt>
   <trkpt lat="7.0359550" lon="125.4511970">
    <ele>260.9</ele>
    <time>2025-11-20T08:40:40Z</time>
   </trkpt>
   <trkpt lat="7.0359460" lon="125.4512040">
    <ele>260.9</ele>
    <time>2025-11-20T08:40:41Z</time>
   </trkpt>
   <trkpt lat="7.0359460" lon="125.4512120">
    <ele>260.9</ele>
    <time>2025-11-20T08:40:42Z</time>
   </trkpt>
   <trkpt lat="7.0359400" lon="125.4512160">
    <ele>260.9</ele>
    <time>2025-11-20T08:40:43Z</time>
   </trkpt>
   <trkpt lat="7.0359470" lon="125.4512270">
    <ele>260.9</ele>
    <time>2025-11-20T08:40:44Z</time>
   </trkpt>
   <trkpt lat="7.0359500" lon="125.4512490">
    <ele>260.8</ele>
    <time>2025-11-20T08:40:45Z</time>
   </trkpt>
   <trkpt lat="7.0359490" lon="125.4512570">
    <ele>260.8</ele>
    <time>2025-11-20T08:40:46Z</time>
   </trkpt>
   <trkpt lat="7.0359490" lon="125.4512640">
    <ele>260.8</ele>
    <time>2025-11-20T08:40:47Z</time>
   </trkpt>
   <trkpt lat="7.0359490" lon="125.4512770">
    <ele>260.8</ele>
    <time>2025-11-20T08:40:48Z</time>
   </trkpt>
   <trkpt lat="7.0359470" lon="125.4512850">
    <ele>260.8</ele>
    <time>2025-11-20T08:40:49Z</time>
   </trkpt>
   <trkpt lat="7.0359490" lon="125.4512910">
    <ele>260.7</ele>
    <time>2025-11-20T08:40:50Z</time>
   </trkpt>
   <trkpt lat="7.0359510" lon="125.4513000">
    <ele>260.7</ele>
    <time>2025-11-20T08:40:51Z</time>
   </trkpt>
   <trkpt lat="7.0359520" lon="125.4513090">
    <ele>260.7</ele>
    <time>2025-11-20T08:40:52Z</time>
   </trkpt>
   <trkpt lat="7.0359490" lon="125.4513140">
    <ele>260.7</ele>
    <time>2025-11-20T08:40:53Z</time>
   </trkpt>
   <trkpt lat="7.0359520" lon="125.4513250">
    <ele>260.7</ele>
    <time>2025-11-20T08:40:54Z</time>
   </trkpt>
   <trkpt lat="7.0359520" lon="125.4513390">
    <ele>260.7</ele>
    <time>2025-11-20T08:40:55Z</time>
   </trkpt>
   <trkpt lat="7.0359580" lon="125.4513580">
    <ele>260.5</ele>
    <time>2025-11-20T08:40:56Z</time>
   </trkpt>
   <trkpt lat="7.0359580" lon="125.4513640">
    <ele>260.4</ele>
    <time>2025-11-20T08:40:57Z</time>
   </trkpt>
   <trkpt lat="7.0359610" lon="125.4513760">
    <ele>260.3</ele>
    <time>2025-11-20T08:40:58Z</time>
   </trkpt>
   <trkpt lat="7.0359670" lon="125.4513840">
    <ele>260.2</ele>
    <time>2025-11-20T08:40:59Z</time>
   </trkpt>
   <trkpt lat="7.0359690" lon="125.4513970">
    <ele>260.1</ele>
    <time>2025-11-20T08:41:00Z</time>
   </trkpt>
   <trkpt lat="7.0359680" lon="125.4514030">
    <ele>260.0</ele>
    <time>2025-11-20T08:41:01Z</time>
   </trkpt>
   <trkpt lat="7.0359750" lon="125.4514190">
    <ele>259.8</ele>
    <time>2025-11-20T08:41:02Z</time>
   </trkpt>
   <trkpt lat="7.0359780" lon="125.4514350">
    <ele>259.7</ele>
    <time>2025-11-20T08:41:03Z</time>
   </trkpt>
   <trkpt lat="7.0359770" lon="125.4514400">
    <ele>259.6</ele>
    <time>2025-11-20T08:41:04Z</time>
   </trkpt>
   <trkpt lat="7.0359780" lon="125.4514520">
    <ele>259.5</ele>
    <time>2025-11-20T08:41:05Z</time>
   </trkpt>
   <trkpt lat="7.0359840" lon="125.4514690">
    <ele>259.3</ele>
    <time>2025-11-20T08:41:06Z</time>
   </trkpt>
   <trkpt lat="7.0359850" lon="125.4514770">
    <ele>259.3</ele>
    <time>2025-11-20T08:41:07Z</time>
   </trkpt>
   <trkpt lat="7.0359870" lon="125.4514840">
    <ele>259.2</ele>
    <time>2025-11-20T08:41:08Z</time>
   </trkpt>
   <trkpt lat="7.0359880" lon="125.4514920">
    <ele>259.1</ele>
    <time>2025-11-20T08:41:09Z</time>
   </trkpt>
   <trkpt lat="7.0359950" lon="125.4515000">
    <ele>259.0</ele>
    <time>2025-11-20T08:41:10Z</time>
   </trkpt>
   <trkpt lat="7.0359980" lon="125.4515100">
    <ele>258.9</ele>
    <time>2025-11-20T08:41:11Z</time>
   </trkpt>
   <trkpt lat="7.0359960" lon="125.4515160">
    <ele>258.9</ele>
    <time>2025-11-20T08:41:12Z</time>
   </trkpt>
   <trkpt lat="7.0359990" lon="125.4515200">
    <ele>258.8</ele>
    <time>2025-11-20T08:41:13Z</time>
   </trkpt>
   <trkpt lat="7.0360030" lon="125.4515300">
    <ele>258.7</ele>
    <time>2025-11-20T08:41:14Z</time>
   </trkpt>
   <trkpt lat="7.0360030" lon="125.4515410">
    <ele>258.6</ele>
    <time>2025-11-20T08:41:15Z</time>
   </trkpt>
   <trkpt lat="7.0360050" lon="125.4515530">
    <ele>258.5</ele>
    <time>2025-11-20T08:41:16Z</time>
   </trkpt>
   <trkpt lat="7.0360040" lon="125.4515710">
    <ele>258.3</ele>
    <time>2025-11-20T08:41:17Z</time>
   </trkpt>
   <trkpt lat="7.0360060" lon="125.4515780">
    <ele>258.2</ele>
    <time>2025-11-20T08:41:18Z</time>
   </trkpt>
   <trkpt lat="7.0360070" lon="125.4515840">
    <ele>258.2</ele>
    <time>2025-11-20T08:41:19Z</time>
   </trkpt>
   <trkpt lat="7.0360090" lon="125.4515910">
    <ele>258.1</ele>
    <time>2025-11-20T08:41:20Z</time>
   </trkpt>
   <trkpt lat="7.0360140" lon="125.4515960">
    <ele>258.0</ele>
    <time>2025-11-20T08:41:21Z</time>
   </trkpt>
   <trkpt lat="7.0360130" lon="125.4516040">
    <ele>258.0</ele>
    <time>2025-11-20T08:41:22Z</time>
   </trkpt>
   <trkpt lat="7.0360180" lon="125.4516140">
    <ele>257.9</ele>
    <time>2025-11-20T08:41:23Z</time>
   </trkpt>
   <trkpt lat="7.0360230" lon="125.4516220">
    <ele>257.8</ele>
    <time>2025-11-20T08:41:24Z</time>
   </trkpt>
   <trkpt lat="7.0360250" lon="125.4516290">
    <ele>257.7</ele>
    <time>2025-11-20T08:41:25Z</time>
   </trkpt>
   <trkpt lat="7.0360210" lon="125.4516400">
    <ele>257.6</ele>
    <time>2025-11-20T08:41:26Z</time>
   </trkpt>
   <trkpt lat="7.0360220" lon="125.4516530">
    <ele>257.5</ele>
    <time>2025-11-20T08:41:27Z</time>
   </trkpt>
   <trkpt lat="7.0360210" lon="125.4516590">
    <ele>257.4</ele>
    <time>2025-11-20T08:41:28Z</time>
   </trkpt>
   <trkpt lat="7.0360220" lon="125.4516690">
    <ele>257.3</ele>
    <time>2025-11-20T08:41:29Z</time>
   </trkpt>
   <trkpt lat="7.0360210" lon="125.4516780">
    <ele>257.2</ele>
    <time>2025-11-20T08:41:30Z</time>
   </trkpt>
   <trkpt lat="7.0360160" lon="125.4516830">
    <ele>257.1</ele>
    <time>2025-11-20T08:41:31Z</time>
   </trkpt>
   <trkpt lat="7.0360220" lon="125.4516910">
    <ele>257.0</ele>
    <time>2025-11-20T08:41:32Z</time>
   </trkpt>
   <trkpt lat="7.0360300" lon="125.4517030">
    <ele>256.9</ele>
    <time>2025-11-20T08:41:33Z</time>
   </trkpt>
   <trkpt lat="7.0360280" lon="125.4517140">
    <ele>256.8</ele>
    <time>2025-11-20T08:41:34Z</time>
   </trkpt>
   <trkpt lat="7.0360240" lon="125.4517250">
    <ele>256.6</ele>
    <time>2025-11-20T08:41:35Z</time>
   </trkpt>
   <trkpt lat="7.0360280" lon="125.4517400">
    <ele>256.4</ele>
    <time>2025-11-20T08:41:36Z</time>
   </trkpt>
   <trkpt lat="7.0360320" lon="125.4517470">
    <ele>256.4</ele>
    <time>2025-11-20T08:41:37Z</time>
   </trkpt>
   <trkpt lat="7.0360310" lon="125.4517510">
    <ele>256.3</ele>
    <time>2025-11-20T08:41:38Z</time>
   </trkpt>
   <trkpt lat="7.0360330" lon="125.4517550">
    <ele>256.3</ele>
    <time>2025-11-20T08:41:39Z</time>
   </trkpt>
   <trkpt lat="7.0360320" lon="125.4517750">
    <ele>256.0</ele>
    <time>2025-11-20T08:41:40Z</time>
   </trkpt>
   <trkpt lat="7.0360260" lon="125.4517850">
    <ele>255.8</ele>
    <time>2025-11-20T08:41:41Z</time>
   </trkpt>
   <trkpt lat="7.0360270" lon="125.4517980">
    <ele>255.7</ele>
    <time>2025-11-20T08:41:42Z</time>
   </trkpt>
   <trkpt lat="7.0360280" lon="125.4518080">
    <ele>255.5</ele>
    <time>2025-11-20T08:41:43Z</time>
   </trkpt>
   <trkpt lat="7.0360280" lon="125.4518280">
    <ele>255.2</ele>
    <time>2025-11-20T08:41:44Z</time>
   </trkpt>
   <trkpt lat="7.0360280" lon="125.4518400">
    <ele>255.1</ele>
    <time>2025-11-20T08:41:45Z</time>
   </trkpt>
   <trkpt lat="7.0360210" lon="125.4518550">
    <ele>254.8</ele>
    <time>2025-11-20T08:41:46Z</time>
   </trkpt>
   <trkpt lat="7.0360190" lon="125.4518590">
    <ele>254.8</ele>
    <time>2025-11-20T08:41:47Z</time>
   </trkpt>
   <trkpt lat="7.0360180" lon="125.4518670">
    <ele>254.7</ele>
    <time>2025-11-20T08:41:48Z</time>
   </trkpt>
   <trkpt lat="7.0360130" lon="125.4518690">
    <ele>254.6</ele>
    <time>2025-11-20T08:41:49Z</time>
   </trkpt>
   <trkpt lat="7.0360060" lon="125.4518710">
    <ele>254.5</ele>
    <time>2025-11-20T08:41:50Z</time>
   </trkpt>
   <trkpt lat="7.0359950" lon="125.4518680">
    <ele>254.4</ele>
    <time>2025-11-20T08:41:51Z</time>
   </trkpt>
   <trkpt lat="7.0359830" lon="125.4518690">
    <ele>254.3</ele>
    <time>2025-11-20T08:41:52Z</time>
   </trkpt>
   <trkpt lat="7.0359770" lon="125.4518620">
    <ele>254.2</ele>
    <time>2025-11-20T08:41:53Z</time>
   </trkpt>
   <trkpt lat="7.0359730" lon="125.4518600">
    <ele>254.1</ele>
    <time>2025-11-20T08:41:54Z</time>
   </trkpt>
   <trkpt lat="7.0359440" lon="125.4518640">
    <ele>253.8</ele>
    <time>2025-11-20T08:41:55Z</time>
   </trkpt>
   <trkpt lat="7.0359270" lon="125.4518590">
    <ele>253.6</ele>
    <time>2025-11-20T08:41:56Z</time>
   </trkpt>
   <trkpt lat="7.0359220" lon="125.4518630">
    <ele>253.6</ele>
    <time>2025-11-20T08:41:57Z</time>
   </trkpt>
   <trkpt lat="7.0359080" lon="125.4518570">
    <ele>253.4</ele>
    <time>2025-11-20T08:41:58Z</time>
   </trkpt>
   <trkpt lat="7.0358940" lon="125.4518660">
    <ele>253.3</ele>
    <time>2025-11-20T08:41:59Z</time>
   </trkpt>
   <trkpt lat="7.0358830" lon="125.4518690">
    <ele>253.2</ele>
    <time>2025-11-20T08:42:00Z</time>
   </trkpt>
   <trkpt lat="7.0358760" lon="125.4518680">
    <ele>253.2</ele>
    <time>2025-11-20T08:42:01Z</time>
   </trkpt>
   <trkpt lat="7.0358640" lon="125.4518650">
    <ele>253.1</ele>
    <time>2025-11-20T08:42:02Z</time>
   </trkpt>
   <trkpt lat="7.0358410" lon="125.4518680">
    <ele>253.0</ele>
    <time>2025-11-20T08:42:03Z</time>
   </trkpt>
   <trkpt lat="7.0358390" lon="125.4518640">
    <ele>252.9</ele>
    <time>2025-11-20T08:42:04Z</time>
   </trkpt>
   <trkpt lat="7.0358330" lon="125.4518630">
    <ele>252.9</ele>
    <time>2025-11-20T08:42:05Z</time>
   </trkpt>
   <trkpt lat="7.0358170" lon="125.4518650">
    <ele>252.8</ele>
    <time>2025-11-20T08:42:06Z</time>
   </trkpt>
   <trkpt lat="7.0358070" lon="125.4518610">
    <ele>252.8</ele>
    <time>2025-11-20T08:42:07Z</time>
   </trkpt>
   <trkpt lat="7.0357980" lon="125.4518590">
    <ele>252.8</ele>
    <time>2025-11-20T08:42:08Z</time>
   </trkpt>
   <trkpt lat="7.0357840" lon="125.4518600">
    <ele>252.7</ele>
    <time>2025-11-20T08:42:09Z</time>
   </trkpt>
   <trkpt lat="7.0357780" lon="125.4518600">
    <ele>252.7</ele>
    <time>2025-11-20T08:42:10Z</time>
   </trkpt>
   <trkpt lat="7.0357710" lon="125.4518610">
    <ele>252.7</ele>
    <time>2025-11-20T08:42:11Z</time>
   </trkpt>
   <trkpt lat="7.0357650" lon="125.4518610">
    <ele>252.7</ele>
    <time>2025-11-20T08:42:12Z</time>
   </trkpt>
   <trkpt lat="7.0357590" lon="125.4518610">
    <ele>252.7</ele>
    <time>2025-11-20T08:42:13Z</time>
   </trkpt>
   <trkpt lat="7.0357560" lon="125.4518640">
    <ele>252.7</ele>
    <time>2025-11-20T08:42:14Z</time>
   </trkpt>
   <trkpt lat="7.0357500" lon="125.4518670">
    <ele>252.7</ele>
    <time>2025-11-20T08:42:15Z</time>
   </trkpt>
   <trkpt lat="7.0357360" lon="125.4518670">
    <ele>252.7</ele>
    <time>2025-11-20T08:42:16Z</time>
   </trkpt>
   <trkpt lat="7.0357230" lon="125.4518650">
    <ele>252.7</ele>
    <time>2025-11-20T08:42:17Z</time>
   </trkpt>
   <trkpt lat="7.0357130" lon="125.4518620">
    <ele>252.7</ele>
    <time>2025-11-20T08:42:18Z</time>
   </trkpt>
   <trkpt lat="7.0356930" lon="125.4518660">
    <ele>252.7</ele>
    <time>2025-11-20T08:42:19Z</time>
   </trkpt>
   <trkpt lat="7.0356870" lon="125.4518640">
    <ele>252.7</ele>
    <time>2025-11-20T08:42:20Z</time>
   </trkpt>
   <trkpt lat="7.0356740" lon="125.4518640">
    <ele>252.7</ele>
    <time>2025-11-20T08:42:21Z</time>
   </trkpt>
   <trkpt lat="7.0356620" lon="125.4518680">
    <ele>252.8</ele>
    <time>2025-11-20T08:42:22Z</time>
   </trkpt>
   <trkpt lat="7.0356480" lon="125.4518700">
    <ele>252.8</ele>
    <time>2025-11-20T08:42:23Z</time>
   </trkpt>
   <trkpt lat="7.0356360" lon="125.4518700">
    <ele>252.9</ele>
    <time>2025-11-20T08:42:24Z</time>
   </trkpt>
   <trkpt lat="7.0356280" lon="125.4518720">
    <ele>252.9</ele>
    <time>2025-11-20T08:42:25Z</time>
   </trkpt>
   <trkpt lat="7.0356170" lon="125.4518750">
    <ele>252.9</ele>
    <time>2025-11-20T08:42:26Z</time>
   </trkpt>
   <trkpt lat="7.0356120" lon="125.4518770">
    <ele>253.0</ele>
    <time>2025-11-20T08:42:27Z</time>
   </trkpt>
   <trkpt lat="7.0356050" lon="125.4518800">
    <ele>253.0</ele>
    <time>2025-11-20T08:42:28Z</time>
   </trkpt>
   <trkpt lat="7.0355960" lon="125.4518780">
    <ele>253.0</ele>
    <time>2025-11-20T08:42:29Z</time>
   </trkpt>
   <trkpt lat="7.0355880" lon="125.4518830">
    <ele>253.1</ele>
    <time>2025-11-20T08:42:30Z</time>
   </trkpt>
   <trkpt lat="7.0355750" lon="125.4518850">
    <ele>253.2</ele>
    <time>2025-11-20T08:42:31Z</time>
   </trkpt>
   <trkpt lat="7.0355640" lon="125.4518850">
    <ele>253.3</ele>
    <time>2025-11-20T08:42:32Z</time>
   </trkpt>
   <trkpt lat="7.0355550" lon="125.4518870">
    <ele>253.3</ele>
    <time>2025-11-20T08:42:33Z</time>
   </trkpt>
   <trkpt lat="7.0355410" lon="125.4518920">
    <ele>253.4</ele>
    <time>2025-11-20T08:42:34Z</time>
   </trkpt>
   <trkpt lat="7.0355340" lon="125.4518930">
    <ele>253.5</ele>
    <time>2025-11-20T08:42:35Z</time>
   </trkpt>
   <trkpt lat="7.0355200" lon="125.4518970">
    <ele>253.6</ele>
    <time>2025-11-20T08:42:36Z</time>
   </trkpt>
   <trkpt lat="7.0355110" lon="125.4518990">
    <ele>253.7</ele>
    <time>2025-11-20T08:42:37Z</time>
   </trkpt>
   <trkpt lat="7.0355010" lon="125.4519010">
    <ele>253.8</ele>
    <time>2025-11-20T08:42:38Z</time>
   </trkpt>
   <trkpt lat="7.0354860" lon="125.4519010">
    <ele>254.0</ele>
    <time>2025-11-20T08:42:39Z</time>
   </trkpt>
   <trkpt lat="7.0354760" lon="125.4519020">
    <ele>254.1</ele>
    <time>2025-11-20T08:42:40Z</time>
   </trkpt>
   <trkpt lat="7.0354690" lon="125.4519020">
    <ele>254.2</ele>
    <time>2025-11-20T08:42:41Z</time>
   </trkpt>
   <trkpt lat="7.0354550" lon="125.4519070">
    <ele>254.3</ele>
    <time>2025-11-20T08:42:42Z</time>
   </trkpt>
   <trkpt lat="7.0354460" lon="125.4519080">
    <ele>254.4</ele>
    <time>2025-11-20T08:42:43Z</time>
   </trkpt>
   <trkpt lat="7.0354380" lon="125.4519120">
    <ele>254.5</ele>
    <time>2025-11-20T08:42:44Z</time>
   </trkpt>
   <trkpt lat="7.0354250" lon="125.4519140">
    <ele>254.7</ele>
    <time>2025-11-20T08:42:45Z</time>
   </trkpt>
   <trkpt lat="7.0354170" lon="125.4519150">
    <ele>254.8</ele>
    <time>2025-11-20T08:42:46Z</time>
   </trkpt>
   <trkpt lat="7.0354020" lon="125.4519170">
    <ele>255.0</ele>
    <time>2025-11-20T08:42:47Z</time>
   </trkpt>
   <trkpt lat="7.0353910" lon="125.4519170">
    <ele>255.1</ele>
    <time>2025-11-20T08:42:48Z</time>
   </trkpt>
   <trkpt lat="7.0353820" lon="125.4519190">
    <ele>255.3</ele>
    <time>2025-11-20T08:42:49Z</time>
   </trkpt>
   <trkpt lat="7.0353720" lon="125.4519200">
    <ele>255.4</ele>
    <time>2025-11-20T08:42:51Z</time>
   </trkpt>
   <trkpt lat="7.0353620" lon="125.4519210">
    <ele>255.5</ele>
    <time>2025-11-20T08:42:52Z</time>
   </trkpt>
   <trkpt lat="7.0353510" lon="125.4519230">
    <ele>255.7</ele>
    <time>2025-11-20T08:42:53Z</time>
   </trkpt>
   <trkpt lat="7.0353380" lon="125.4519260">
    <ele>255.8</ele>
    <time>2025-11-20T08:42:54Z</time>
   </trkpt>
   <trkpt lat="7.0353310" lon="125.4519250">
    <ele>255.9</ele>
    <time>2025-11-20T08:42:55Z</time>
   </trkpt>
   <trkpt lat="7.0353240" lon="125.4519240">
    <ele>256.0</ele>
    <time>2025-11-20T08:42:56Z</time>
   </trkpt>
   <trkpt lat="7.0353140" lon="125.4519240">
    <ele>256.2</ele>
    <time>2025-11-20T08:42:57Z</time>
   </trkpt>
   <trkpt lat="7.0353000" lon="125.4519230">
    <ele>256.3</ele>
    <time>2025-11-20T08:42:58Z</time>
   </trkpt>
   <trkpt lat="7.0352880" lon="125.4519200">
    <ele>256.5</ele>
    <time>2025-11-20T08:42:59Z</time>
   </trkpt>
   <trkpt lat="7.0352790" lon="125.4519190">
    <ele>256.6</ele>
    <time>2025-11-20T08:43:00Z</time>
   </trkpt>
   <trkpt lat="7.0352720" lon="125.4519200">
    <ele>256.7</ele>
    <time>2025-11-20T08:43:01Z</time>
   </trkpt>
   <trkpt lat="7.0352630" lon="125.4519190">
    <ele>256.8</ele>
    <time>2025-11-20T08:43:02Z</time>
   </trkpt>
   <trkpt lat="7.0352480" lon="125.4519180">
    <ele>257.0</ele>
    <time>2025-11-20T08:43:03Z</time>
   </trkpt>
   <trkpt lat="7.0352420" lon="125.4519200">
    <ele>257.1</ele>
    <time>2025-11-20T08:43:04Z</time>
   </trkpt>
   <trkpt lat="7.0352340" lon="125.4519210">
    <ele>257.2</ele>
    <time>2025-11-20T08:43:05Z</time>
   </trkpt>
   <trkpt lat="7.0352280" lon="125.4519220">
    <ele>257.2</ele>
    <time>2025-11-20T08:43:06Z</time>
   </trkpt>
   <trkpt lat="7.0352160" lon="125.4519200">
    <ele>257.4</ele>
    <time>2025-11-20T08:43:07Z</time>
   </trkpt>
   <trkpt lat="7.0352060" lon="125.4519200">
    <ele>257.5</ele>
    <time>2025-11-20T08:43:08Z</time>
   </trkpt>
   <trkpt lat="7.0351970" lon="125.4519180">
    <ele>257.6</ele>
    <time>2025-11-20T08:43:09Z</time>
   </trkpt>
   <trkpt lat="7.0351850" lon="125.4519200">
    <ele>257.8</ele>
    <time>2025-11-20T08:43:10Z</time>
   </trkpt>
   <trkpt lat="7.0351790" lon="125.4519230">
    <ele>257.8</ele>
    <time>2025-11-20T08:43:11Z</time>
   </trkpt>
   <trkpt lat="7.0351720" lon="125.4519240">
    <ele>257.9</ele>
    <time>2025-11-20T08:43:12Z</time>
   </trkpt>
   <trkpt lat="7.0351610" lon="125.4519250">
    <ele>258.0</ele>
    <time>2025-11-20T08:43:13Z</time>
   </trkpt>
   <trkpt lat="7.0351460" lon="125.4519240">
    <ele>258.2</ele>
    <time>2025-11-20T08:43:14Z</time>
   </trkpt>
   <trkpt lat="7.0351340" lon="125.4519300">
    <ele>258.3</ele>
    <time>2025-11-20T08:43:15Z</time>
   </trkpt>
   <trkpt lat="7.0351250" lon="125.4519290">
    <ele>258.4</ele>
    <time>2025-11-20T08:43:16Z</time>
   </trkpt>
   <trkpt lat="7.0351190" lon="125.4519300">
    <ele>258.5</ele>
    <time>2025-11-20T08:43:17Z</time>
   </trkpt>
   <trkpt lat="7.0351110" lon="125.4519280">
    <ele>258.5</ele>
    <time>2025-11-20T08:43:18Z</time>
   </trkpt>
   <trkpt lat="7.0351000" lon="125.4519290">
    <ele>258.6</ele>
    <time>2025-11-20T08:43:19Z</time>
   </trkpt>
   <trkpt lat="7.0350900" lon="125.4519310">
    <ele>258.7</ele>
    <time>2025-11-20T08:43:20Z</time>
   </trkpt>
   <trkpt lat="7.0350790" lon="125.4519310">
    <ele>258.8</ele>
    <time>2025-11-20T08:43:21Z</time>
   </trkpt>
   <trkpt lat="7.0350660" lon="125.4519330">
    <ele>258.9</ele>
    <time>2025-11-20T08:43:22Z</time>
   </trkpt>
   <trkpt lat="7.0350540" lon="125.4519310">
    <ele>258.9</ele>
    <time>2025-11-20T08:43:23Z</time>
   </trkpt>
   <trkpt lat="7.0350420" lon="125.4519330">
    <ele>259.0</ele>
    <time>2025-11-20T08:43:24Z</time>
   </trkpt>
   <trkpt lat="7.0350360" lon="125.4519350">
    <ele>259.0</ele>
    <time>2025-11-20T08:43:25Z</time>
   </trkpt>
   <trkpt lat="7.0350300" lon="125.4519390">
    <ele>259.1</ele>
    <time>2025-11-20T08:43:26Z</time>
   </trkpt>
   <trkpt lat="7.0350210" lon="125.4519400">
    <ele>259.1</ele>
    <time>2025-11-20T08:43:27Z</time>
   </trkpt>
   <trkpt lat="7.0350100" lon="125.4519430">
    <ele>259.2</ele>
    <time>2025-11-20T08:43:28Z</time>
   </trkpt>
   <trkpt lat="7.0349950" lon="125.4519520">
    <ele>259.2</ele>
    <time>2025-11-20T08:43:29Z</time>
   </trkpt>
   <trkpt lat="7.0349870" lon="125.4519540">
    <ele>259.2</ele>
    <time>2025-11-20T08:43:30Z</time>
   </trkpt>
   <trkpt lat="7.0349720" lon="125.4519600">
    <ele>259.3</ele>
    <time>2025-11-20T08:43:31Z</time>
   </trkpt>
   <trkpt lat="7.0349590" lon="125.4519520">
    <ele>259.3</ele>
    <time>2025-11-20T08:43:32Z</time>
   </trkpt>
   <trkpt lat="7.0349420" lon="125.4519470">
    <ele>259.3</ele>
    <time>2025-11-20T08:43:33Z</time>
   </trkpt>
   <trkpt lat="7.0349290" lon="125.4519450">
    <ele>259.4</ele>
    <time>2025-11-20T08:43:34Z</time>
   </trkpt>
   <trkpt lat="7.0349210" lon="125.4519490">
    <ele>259.4</ele>
    <time>2025-11-20T08:43:35Z</time>
   </trkpt>
   <trkpt lat="7.0349070" lon="125.4519450">
    <ele>259.4</ele>
    <time>2025-11-20T08:43:36Z</time>
   </trkpt>
   <trkpt lat="7.0348960" lon="125.4519440">
    <ele>259.4</ele>
    <time>2025-11-20T08:43:37Z</time>
   </trkpt>
   <trkpt lat="7.0348880" lon="125.4519460">
    <ele>259.4</ele>
    <time>2025-11-20T08:43:38Z</time>
   </trkpt>
   <trkpt lat="7.0348750" lon="125.4519480">
    <ele>259.4</ele>
    <time>2025-11-20T08:43:39Z</time>
   </trkpt>
   <trkpt lat="7.0348640" lon="125.4519500">
    <ele>259.4</ele>
    <time>2025-11-20T08:43:40Z</time>
   </trkpt>
   <trkpt lat="7.0348450" lon="125.4519530">
    <ele>259.4</ele>
    <time>2025-11-20T08:43:41Z</time>
   </trkpt>
   <trkpt lat="7.0348300" lon="125.4519520">
    <ele>259.4</ele>
    <time>2025-11-20T08:43:42Z</time>
   </trkpt>
   <trkpt lat="7.0348210" lon="125.4519510">
    <ele>259.4</ele>
    <time>2025-11-20T08:43:43Z</time>
   </trkpt>
   <trkpt lat="7.0348140" lon="125.4519530">
    <ele>259.4</ele>
    <time>2025-11-20T08:43:44Z</time>
   </trkpt>
   <trkpt lat="7.0348080" lon="125.4519490">
    <ele>259.4</ele>
    <time>2025-11-20T08:43:45Z</time>
   </trkpt>
   <trkpt lat="7.0347980" lon="125.4519480">
    <ele>259.4</ele>
    <time>2025-11-20T08:43:46Z</time>
   </trkpt>
   <trkpt lat="7.0347850" lon="125.4519500">
    <ele>259.4</ele>
    <time>2025-11-20T08:43:47Z</time>
   </trkpt>
   <trkpt lat="7.0347710" lon="125.4519540">
    <ele>259.4</ele>
    <time>2025-11-20T08:43:48Z</time>
   </trkpt>
   <trkpt lat="7.0347610" lon="125.4519520">
    <ele>259.4</ele>
    <time>2025-11-20T08:43:49Z</time>
   </trkpt>
   <trkpt lat="7.0347490" lon="125.4519560">
    <ele>259.4</ele>
    <time>2025-11-20T08:43:50Z</time>
   </trkpt>
   <trkpt lat="7.0347380" lon="125.4519610">
    <ele>259.4</ele>
    <time>2025-11-20T08:43:51Z</time>
   </trkpt>
   <trkpt lat="7.0347270" lon="125.4519610">
    <ele>259.4</ele>
    <time>2025-11-20T08:43:52Z</time>
   </trkpt>
   <trkpt lat="7.0347070" lon="125.4519640">
    <ele>259.4</ele>
    <time>2025-11-20T08:43:53Z</time>
   </trkpt>
   <trkpt lat="7.0346990" lon="125.4519630">
    <ele>259.4</ele>
    <time>2025-11-20T08:43:54Z</time>
   </trkpt>
   <trkpt lat="7.0346900" lon="125.4519630">
    <ele>259.4</ele>
    <time>2025-11-20T08:43:55Z</time>
   </trkpt>
   <trkpt lat="7.0346810" lon="125.4519610">
    <ele>259.5</ele>
    <time>2025-11-20T08:43:56Z</time>
   </trkpt>
   <trkpt lat="7.0346720" lon="125.4519590">
    <ele>259.5</ele>
    <time>2025-11-20T08:43:57Z</time>
   </trkpt>
   <trkpt lat="7.0346660" lon="125.4519570">
    <ele>259.5</ele>
    <time>2025-11-20T08:43:58Z</time>
   </trkpt>
   <trkpt lat="7.0346580" lon="125.4519550">
    <ele>259.5</ele>
    <time>2025-11-20T08:43:59Z</time>
   </trkpt>
   <trkpt lat="7.0346410" lon="125.4519510">
    <ele>259.5</ele>
    <time>2025-11-20T08:44:00Z</time>
   </trkpt>
   <trkpt lat="7.0346290" lon="125.4519530">
    <ele>259.5</ele>
    <time>2025-11-20T08:44:01Z</time>
   </trkpt>
   <trkpt lat="7.0346140" lon="125.4519500">
    <ele>259.5</ele>
    <time>2025-11-20T08:44:02Z</time>
   </trkpt>
   <trkpt lat="7.0346010" lon="125.4519540">
    <ele>259.5</ele>
    <time>2025-11-20T08:44:03Z</time>
   </trkpt>
   <trkpt lat="7.0345900" lon="125.4519560">
    <ele>259.5</ele>
    <time>2025-11-20T08:44:04Z</time>
   </trkpt>
   <trkpt lat="7.0345780" lon="125.4519560">
    <ele>259.5</ele>
    <time>2025-11-20T08:44:05Z</time>
   </trkpt>
   <trkpt lat="7.0345690" lon="125.4519520">
    <ele>259.5</ele>
    <time>2025-11-20T08:44:06Z</time>
   </trkpt>
   <trkpt lat="7.0345600" lon="125.4519440">
    <ele>259.5</ele>
    <time>2025-11-20T08:44:07Z</time>
   </trkpt>
   <trkpt lat="7.0345490" lon="125.4519390">
    <ele>259.5</ele>
    <time>2025-11-20T08:44:08Z</time>
   </trkpt>
   <trkpt lat="7.0345400" lon="125.4519380">
    <ele>259.5</ele>
    <time>2025-11-20T08:44:09Z</time>
   </trkpt>
   <trkpt lat="7.0345380" lon="125.4519340">
    <ele>259.5</ele>
    <time>2025-11-20T08:44:10Z</time>
   </trkpt>
   <trkpt lat="7.0345330" lon="125.4519300">
    <ele>259.5</ele>
    <time>2025-11-20T08:44:11Z</time>
   </trkpt>
   <trkpt lat="7.0345260" lon="125.4519240">
    <ele>259.5</ele>
    <time>2025-11-20T08:44:12Z</time>
   </trkpt>
   <trkpt lat="7.0345240" lon="125.4519250">
    <ele>259.5</ele>
    <time>2025-11-20T08:44:13Z</time>
   </trkpt>
   <trkpt lat="7.0345170" lon="125.4519300">
    <ele>259.5</ele>
    <time>2025-11-20T08:44:14Z</time>
   </trkpt>
   <trkpt lat="7.0345090" lon="125.4519360">
    <ele>259.5</ele>
    <time>2025-11-20T08:44:15Z</time>
   </trkpt>
   <trkpt lat="7.0344960" lon="125.4519440">
    <ele>259.5</ele>
    <time>2025-11-20T08:44:16Z</time>
   </trkpt>
   <trkpt lat="7.0344900" lon="125.4519510">
    <ele>259.5</ele>
    <time>2025-11-20T08:44:17Z</time>
   </trkpt>
   <trkpt lat="7.0344820" lon="125.4519460">
    <ele>259.4</ele>
    <time>2025-11-20T08:44:18Z</time>
   </trkpt>
   <trkpt lat="7.0344730" lon="125.4519490">
    <ele>259.3</ele>
    <time>2025-11-20T08:44:19Z</time>
   </trkpt>
   <trkpt lat="7.0344630" lon="125.4519570">
    <ele>259.2</ele>
    <time>2025-11-20T08:44:20Z</time>
   </trkpt>
   <trkpt lat="7.0344510" lon="125.4519570">
    <ele>259.1</ele>
    <time>2025-11-20T08:44:21Z</time>
   </trkpt>
   <trkpt lat="7.0344370" lon="125.4519530">
    <ele>259.0</ele>
    <time>2025-11-20T08:44:22Z</time>
   </trkpt>
   <trkpt lat="7.0344280" lon="125.4519540">
    <ele>258.9</ele>
    <time>2025-11-20T08:44:23Z</time>
   </trkpt>
   <trkpt lat="7.0344260" lon="125.4519570">
    <ele>258.9</ele>
    <time>2025-11-20T08:44:24Z</time>
   </trkpt>
   <trkpt lat="7.0344310" lon="125.4519700">
    <ele>258.7</ele>
    <time>2025-11-20T08:44:25Z</time>
   </trkpt>
   <trkpt lat="7.0344320" lon="125.4519810">
    <ele>258.6</ele>
    <time>2025-11-20T08:44:26Z</time>
   </trkpt>
   <trkpt lat="7.0344340" lon="125.4520020">
    <ele>258.4</ele>
    <time>2025-11-20T08:44:27Z</time>
   </trkpt>
   <trkpt lat="7.0344300" lon="125.4520060">
    <ele>258.4</ele>
    <time>2025-11-20T08:44:28Z</time>
   </trkpt>
   <trkpt lat="7.0344170" lon="125.4520090">
    <ele>258.3</ele>
    <time>2025-11-20T08:44:29Z</time>
   </trkpt>
   <trkpt lat="7.0344080" lon="125.4520140">
    <ele>258.2</ele>
    <time>2025-11-20T08:44:30Z</time>
   </trkpt>
   <trkpt lat="7.0344030" lon="125.4520230">
    <ele>258.1</ele>
    <time>2025-11-20T08:44:31Z</time>
   </trkpt>
   <trkpt lat="7.0343980" lon="125.4520270">
    <ele>258.0</ele>
    <time>2025-11-20T08:44:32Z</time>
   </trkpt>
   <trkpt lat="7.0343930" lon="125.4520330">
    <ele>258.0</ele>
    <time>2025-11-20T08:44:33Z</time>
   </trkpt>
   <trkpt lat="7.0343860" lon="125.4520410">
    <ele>257.9</ele>
    <time>2025-11-20T08:44:34Z</time>
   </trkpt>
   <trkpt lat="7.0343700" lon="125.4520590">
    <ele>257.7</ele>
    <time>2025-11-20T08:44:35Z</time>
   </trkpt>
   <trkpt lat="7.0343670" lon="125.4520570">
    <ele>257.7</ele>
    <time>2025-11-20T08:44:36Z</time>
   </trkpt>
   <trkpt lat="7.0343610" lon="125.4520630">
    <ele>257.6</ele>
    <time>2025-11-20T08:44:37Z</time>
   </trkpt>
   <trkpt lat="7.0343570" lon="125.4520720">
    <ele>257.5</ele>
    <time>2025-11-20T08:44:38Z</time>
   </trkpt>
   <trkpt lat="7.0343520" lon="125.4520820">
    <ele>257.4</ele>
    <time>2025-11-20T08:44:39Z</time>
   </trkpt>
   <trkpt lat="7.0343440" lon="125.4521000">
    <ele>257.3</ele>
    <time>2025-11-20T08:44:40Z</time>
   </trkpt>
   <trkpt lat="7.0343410" lon="125.4521080">
    <ele>257.2</ele>
    <time>2025-11-20T08:44:41Z</time>
   </trkpt>
   <trkpt lat="7.0343390" lon="125.4521160">
    <ele>257.2</ele>
    <time>2025-11-20T08:44:42Z</time>
   </trkpt>
   <trkpt lat="7.0343340" lon="125.4521250">
    <ele>257.1</ele>
    <time>2025-11-20T08:44:43Z</time>
   </trkpt>
   <trkpt lat="7.0343280" lon="125.4521410">
    <ele>257.0</ele>
    <time>2025-11-20T08:44:44Z</time>
   </trkpt>
   <trkpt lat="7.0343240" lon="125.4521450">
    <ele>257.0</ele>
    <time>2025-11-20T08:44:45Z</time>
   </trkpt>
   <trkpt lat="7.0343180" lon="125.4521520">
    <ele>256.9</ele>
    <time>2025-11-20T08:44:46Z</time>
   </trkpt>
   <trkpt lat="7.0343120" lon="125.4521660">
    <ele>256.9</ele>
    <time>2025-11-20T08:44:47Z</time>
   </trkpt>
   <trkpt lat="7.0343170" lon="125.4521680">
    <ele>256.8</ele>
    <time>2025-11-20T08:44:48Z</time>
   </trkpt>
   <trkpt lat="7.0343100" lon="125.4521780">
    <ele>256.8</ele>
    <time>2025-11-20T08:44:49Z</time>
   </trkpt>
   <trkpt lat="7.0343030" lon="125.4521850">
    <ele>256.7</ele>
    <time>2025-11-20T08:44:50Z</time>
   </trkpt>
   <trkpt lat="7.0343010" lon="125.4521890">
    <ele>256.7</ele>
    <time>2025-11-20T08:44:51Z</time>
   </trkpt>
   <trkpt lat="7.0342960" lon="125.4521990">
    <ele>256.6</ele>
    <time>2025-11-20T08:44:52Z</time>
   </trkpt>
   <trkpt lat="7.0342920" lon="125.4522030">
    <ele>256.6</ele>
    <time>2025-11-20T08:44:53Z</time>
   </trkpt>
   <trkpt lat="7.0342810" lon="125.4522180">
    <ele>256.5</ele>
    <time>2025-11-20T08:44:54Z</time>
   </trkpt>
   <trkpt lat="7.0342750" lon="125.4522260">
    <ele>256.5</ele>
    <time>2025-11-20T08:44:55Z</time>
   </trkpt>
   <trkpt lat="7.0342690" lon="125.4522330">
    <ele>256.5</ele>
    <time>2025-11-20T08:44:57Z</time>
   </trkpt>
   <trkpt lat="7.0342640" lon="125.4522400">
    <ele>256.4</ele>
    <time>2025-11-20T08:44:58Z</time>
   </trkpt>
   <trkpt lat="7.0342580" lon="125.4522470">
    <ele>256.4</ele>
    <time>2025-11-20T08:44:59Z</time>
   </trkpt>
   <trkpt lat="7.0342520" lon="125.4522550">
    <ele>256.4</ele>
    <time>2025-11-20T08:45:00Z</time>
   </trkpt>
   <trkpt lat="7.0342460" lon="125.4522620">
    <ele>256.3</ele>
    <time>2025-11-20T08:45:01Z</time>
   </trkpt>
   <trkpt lat="7.0342360" lon="125.4522870">
    <ele>256.2</ele>
    <time>2025-11-20T08:45:02Z</time>
   </trkpt>
   <trkpt lat="7.0342320" lon="125.4522930">
    <ele>256.2</ele>
    <time>2025-11-20T08:45:03Z</time>
   </trkpt>
   <trkpt lat="7.0342290" lon="125.4523000">
    <ele>256.2</ele>
    <time>2025-11-20T08:45:04Z</time>
   </trkpt>
   <trkpt lat="7.0342260" lon="125.4523100">
    <ele>256.2</ele>
    <time>2025-11-20T08:45:05Z</time>
   </trkpt>
   <trkpt lat="7.0342210" lon="125.4523170">
    <ele>256.2</ele>
    <time>2025-11-20T08:45:06Z</time>
   </trkpt>
   <trkpt lat="7.0342210" lon="125.4523260">
    <ele>256.1</ele>
    <time>2025-11-20T08:45:07Z</time>
   </trkpt>
   <trkpt lat="7.0342100" lon="125.4523400">
    <ele>256.1</ele>
    <time>2025-11-20T08:45:08Z</time>
   </trkpt>
   <trkpt lat="7.0342010" lon="125.4523510">
    <ele>256.1</ele>
    <time>2025-11-20T08:45:09Z</time>
   </trkpt>
   <trkpt lat="7.0341940" lon="125.4523650">
    <ele>256.0</ele>
    <time>2025-11-20T08:45:10Z</time>
   </trkpt>
   <trkpt lat="7.0341960" lon="125.4523660">
    <ele>256.0</ele>
    <time>2025-11-20T08:45:11Z</time>
   </trkpt>
   <trkpt lat="7.0341930" lon="125.4523750">
    <ele>256.0</ele>
    <time>2025-11-20T08:45:12Z</time>
   </trkpt>
   <trkpt lat="7.0341860" lon="125.4523820">
    <ele>256.0</ele>
    <time>2025-11-20T08:45:13Z</time>
   </trkpt>
   <trkpt lat="7.0341780" lon="125.4523930">
    <ele>256.0</ele>
    <time>2025-11-20T08:45:14Z</time>
   </trkpt>
   <trkpt lat="7.0341810" lon="125.4524050">
    <ele>256.0</ele>
    <time>2025-11-20T08:45:15Z</time>
   </trkpt>
   <trkpt lat="7.0341730" lon="125.4524080">
    <ele>255.9</ele>
    <time>2025-11-20T08:45:16Z</time>
   </trkpt>
   <trkpt lat="7.0341690" lon="125.4524280">
    <ele>255.9</ele>
    <time>2025-11-20T08:45:17Z</time>
   </trkpt>
   <trkpt lat="7.0341690" lon="125.4524420">
    <ele>255.9</ele>
    <time>2025-11-20T08:45:18Z</time>
   </trkpt>
   <trkpt lat="7.0341690" lon="125.4524520">
    <ele>255.9</ele>
    <time>2025-11-20T08:45:19Z</time>
   </trkpt>
   <trkpt lat="7.0341640" lon="125.4524610">
    <ele>255.9</ele>
    <time>2025-11-20T08:45:20Z</time>
   </trkpt>
   <trkpt lat="7.0341620" lon="125.4524660">
    <ele>255.9</ele>
    <time>2025-11-20T08:45:21Z</time>
   </trkpt>
   <trkpt lat="7.0341560" lon="125.4524720">
    <ele>255.8</ele>
    <time>2025-11-20T08:45:22Z</time>
   </trkpt>
   <trkpt lat="7.0341500" lon="125.4524750">
    <ele>255.8</ele>
    <time>2025-11-20T08:45:23Z</time>
   </trkpt>
   <trkpt lat="7.0341480" lon="125.4524820">
    <ele>255.8</ele>
    <time>2025-11-20T08:45:24Z</time>
   </trkpt>
   <trkpt lat="7.0341430" lon="125.4524910">
    <ele>255.8</ele>
    <time>2025-11-20T08:45:25Z</time>
   </trkpt>
   <trkpt lat="7.0341370" lon="125.4524950">
    <ele>255.8</ele>
    <time>2025-11-20T08:45:26Z</time>
   </trkpt>
   <trkpt lat="7.0341300" lon="125.4525070">
    <ele>255.8</ele>
    <time>2025-11-20T08:45:27Z</time>
   </trkpt>
   <trkpt lat="7.0341240" lon="125.4525130">
    <ele>255.8</ele>
    <time>2025-11-20T08:45:28Z</time>
   </trkpt>
   <trkpt lat="7.0341230" lon="125.4525240">
    <ele>255.8</ele>
    <time>2025-11-20T08:45:29Z</time>
   </trkpt>
   <trkpt lat="7.0341190" lon="125.4525310">
    <ele>255.8</ele>
    <time>2025-11-20T08:45:30Z</time>
   </trkpt>
   <trkpt lat="7.0341150" lon="125.4525420">
    <ele>255.8</ele>
    <time>2025-11-20T08:45:31Z</time>
   </trkpt>
   <trkpt lat="7.0341130" lon="125.4525520">
    <ele>255.8</ele>
    <time>2025-11-20T08:45:32Z</time>
   </trkpt>
   <trkpt lat="7.0341140" lon="125.4525630">
    <ele>255.8</ele>
    <time>2025-11-20T08:45:33Z</time>
   </trkpt>
   <trkpt lat="7.0341160" lon="125.4525730">
    <ele>255.8</ele>
    <time>2025-11-20T08:45:34Z</time>
   </trkpt>
   <trkpt lat="7.0341190" lon="125.4525860">
    <ele>255.8</ele>
    <time>2025-11-20T08:45:35Z</time>
   </trkpt>
   <trkpt lat="7.0341200" lon="125.4525910">
    <ele>255.8</ele>
    <time>2025-11-20T08:45:36Z</time>
   </trkpt>
   <trkpt lat="7.0341120" lon="125.4526020">
    <ele>255.8</ele>
    <time>2025-11-20T08:45:37Z</time>
   </trkpt>
   <trkpt lat="7.0340990" lon="125.4526060">
    <ele>255.8</ele>
    <time>2025-11-20T08:45:38Z</time>
   </trkpt>
   <trkpt lat="7.0340800" lon="125.4526080">
    <ele>255.7</ele>
    <time>2025-11-20T08:45:39Z</time>
   </trkpt>
   <trkpt lat="7.0340710" lon="125.4526050">
    <ele>255.7</ele>
    <time>2025-11-20T08:45:40Z</time>
   </trkpt>
   <trkpt lat="7.0340630" lon="125.4526010">
    <ele>255.7</ele>
    <time>2025-11-20T08:45:41Z</time>
   </trkpt>
   <trkpt lat="7.0340550" lon="125.4526140">
    <ele>255.7</ele>
    <time>2025-11-20T08:45:42Z</time>
   </trkpt>
   <trkpt lat="7.0340560" lon="125.4526350">
    <ele>255.7</ele>
    <time>2025-11-20T08:45:43Z</time>
   </trkpt>
   <trkpt lat="7.0340440" lon="125.4526540">
    <ele>255.7</ele>
    <time>2025-11-20T08:45:44Z</time>
   </trkpt>
   <trkpt lat="7.0340400" lon="125.4526610">
    <ele>255.7</ele>
    <time>2025-11-20T08:45:45Z</time>
   </trkpt>
   <trkpt lat="7.0340360" lon="125.4526690">
    <ele>255.7</ele>
    <time>2025-11-20T08:45:46Z</time>
   </trkpt>
   <trkpt lat="7.0340320" lon="125.4526910">
    <ele>255.7</ele>
    <time>2025-11-20T08:45:47Z</time>
   </trkpt>
   <trkpt lat="7.0340310" lon="125.4526960">
    <ele>255.7</ele>
    <time>2025-11-20T08:45:48Z</time>
   </trkpt>
   <trkpt lat="7.0340290" lon="125.4527000">
    <ele>255.7</ele>
    <time>2025-11-20T08:45:49Z</time>
   </trkpt>
   <trkpt lat="7.0340280" lon="125.4527050">
    <ele>255.8</ele>
    <time>2025-11-20T08:45:50Z</time>
   </trkpt>
   <trkpt lat="7.0340190" lon="125.4527270">
    <ele>255.8</ele>
    <time>2025-11-20T08:45:51Z</time>
   </trkpt>
   <trkpt lat="7.0340160" lon="125.4527330">
    <ele>255.8</ele>
    <time>2025-11-20T08:45:52Z</time>
   </trkpt>
   <trkpt lat="7.0340130" lon="125.4527390">
    <ele>255.8</ele>
    <time>2025-11-20T08:45:53Z</time>
   </trkpt>
   <trkpt lat="7.0340090" lon="125.4527450">
    <ele>255.8</ele>
    <time>2025-11-20T08:45:54Z</time>
   </trkpt>
   <trkpt lat="7.0340070" lon="125.4527580">
    <ele>255.8</ele>
    <time>2025-11-20T08:45:55Z</time>
   </trkpt>
   <trkpt lat="7.0340040" lon="125.4527670">
    <ele>255.8</ele>
    <time>2025-11-20T08:45:56Z</time>
   </trkpt>
   <trkpt lat="7.0340010" lon="125.4527760">
    <ele>255.8</ele>
    <time>2025-11-20T08:45:57Z</time>
   </trkpt>
   <trkpt lat="7.0339950" lon="125.4527890">
    <ele>255.8</ele>
    <time>2025-11-20T08:45:58Z</time>
   </trkpt>
   <trkpt lat="7.0339910" lon="125.4527980">
    <ele>255.8</ele>
    <time>2025-11-20T08:45:59Z</time>
   </trkpt>
   <trkpt lat="7.0339870" lon="125.4528050">
    <ele>255.9</ele>
    <time>2025-11-20T08:46:00Z</time>
   </trkpt>
   <trkpt lat="7.0339850" lon="125.4528110">
    <ele>255.9</ele>
    <time>2025-11-20T08:46:01Z</time>
   </trkpt>
   <trkpt lat="7.0339800" lon="125.4528230">
    <ele>255.9</ele>
    <time>2025-11-20T08:46:02Z</time>
   </trkpt>
   <trkpt lat="7.0339760" lon="125.4528400">
    <ele>255.9</ele>
    <time>2025-11-20T08:46:03Z</time>
   </trkpt>
   <trkpt lat="7.0339730" lon="125.4528460">
    <ele>255.9</ele>
    <time>2025-11-20T08:46:04Z</time>
   </trkpt>
   <trkpt lat="7.0339690" lon="125.4528520">
    <ele>255.9</ele>
    <time>2025-11-20T08:46:05Z</time>
   </trkpt>
   <trkpt lat="7.0339660" lon="125.4528580">
    <ele>255.9</ele>
    <time>2025-11-20T08:46:06Z</time>
   </trkpt>
   <trkpt lat="7.0339600" lon="125.4528770">
    <ele>255.9</ele>
    <time>2025-11-20T08:46:07Z</time>
   </trkpt>
   <trkpt lat="7.0339580" lon="125.4528820">
    <ele>255.9</ele>
    <time>2025-11-20T08:46:08Z</time>
   </trkpt>
   <trkpt lat="7.0339550" lon="125.4528880">
    <ele>255.9</ele>
    <time>2025-11-20T08:46:09Z</time>
   </trkpt>
   <trkpt lat="7.0339520" lon="125.4528930">
    <ele>256.0</ele>
    <time>2025-11-20T08:46:10Z</time>
   </trkpt>
   <trkpt lat="7.0339470" lon="125.4529030">
    <ele>256.0</ele>
    <time>2025-11-20T08:46:11Z</time>
   </trkpt>
   <trkpt lat="7.0339420" lon="125.4529090">
    <ele>256.0</ele>
    <time>2025-11-20T08:46:12Z</time>
   </trkpt>
   <trkpt lat="7.0339370" lon="125.4529210">
    <ele>256.0</ele>
    <time>2025-11-20T08:46:13Z</time>
   </trkpt>
   <trkpt lat="7.0339300" lon="125.4529350">
    <ele>256.0</ele>
    <time>2025-11-20T08:46:14Z</time>
   </trkpt>
   <trkpt lat="7.0339280" lon="125.4529420">
    <ele>256.0</ele>
    <time>2025-11-20T08:46:15Z</time>
   </trkpt>
   <trkpt lat="7.0339270" lon="125.4529490">
    <ele>256.0</ele>
    <time>2025-11-20T08:46:16Z</time>
   </trkpt>
   <trkpt lat="7.0339250" lon="125.4529560">
    <ele>256.0</ele>
    <time>2025-11-20T08:46:17Z</time>
   </trkpt>
   <trkpt lat="7.0339200" lon="125.4529690">
    <ele>256.0</ele>
    <time>2025-11-20T08:46:18Z</time>
   </trkpt>
   <trkpt lat="7.0339130" lon="125.4529850">
    <ele>256.0</ele>
    <time>2025-11-20T08:46:19Z</time>
   </trkpt>
   <trkpt lat="7.0339030" lon="125.4529890">
    <ele>256.0</ele>
    <time>2025-11-20T08:46:20Z</time>
   </trkpt>
   <trkpt lat="7.0339060" lon="125.4530040">
    <ele>256.0</ele>
    <time>2025-11-20T08:46:21Z</time>
   </trkpt>
   <trkpt lat="7.0339070" lon="125.4530160">
    <ele>256.0</ele>
    <time>2025-11-20T08:46:22Z</time>
   </trkpt>
   <trkpt lat="7.0339080" lon="125.4530300">
    <ele>256.0</ele>
    <time>2025-11-20T08:46:23Z</time>
   </trkpt>
   <trkpt lat="7.0339050" lon="125.4530340">
    <ele>256.0</ele>
    <time>2025-11-20T08:46:24Z</time>
   </trkpt>
   <trkpt lat="7.0339020" lon="125.4530470">
    <ele>256.0</ele>
    <time>2025-11-20T08:46:25Z</time>
   </trkpt>
   <trkpt lat="7.0339010" lon="125.4530540">
    <ele>256.0</ele>
    <time>2025-11-20T08:46:26Z</time>
   </trkpt>
   <trkpt lat="7.0338980" lon="125.4530660">
    <ele>256.0</ele>
    <time>2025-11-20T08:46:27Z</time>
   </trkpt>
   <trkpt lat="7.0339010" lon="125.4530750">
    <ele>256.0</ele>
    <time>2025-11-20T08:46:28Z</time>
   </trkpt>
   <trkpt lat="7.0339040" lon="125.4530940">
    <ele>256.0</ele>
    <time>2025-11-20T08:46:29Z</time>
   </trkpt>
   <trkpt lat="7.0339050" lon="125.4531000">
    <ele>255.9</ele>
    <time>2025-11-20T08:46:30Z</time>
   </trkpt>
   <trkpt lat="7.0339050" lon="125.4531070">
    <ele>255.9</ele>
    <time>2025-11-20T08:46:31Z</time>
   </trkpt>
   <trkpt lat="7.0339050" lon="125.4531130">
    <ele>255.9</ele>
    <time>2025-11-20T08:46:32Z</time>
   </trkpt>
   <trkpt lat="7.0339090" lon="125.4531320">
    <ele>255.9</ele>
    <time>2025-11-20T08:46:33Z</time>
   </trkpt>
   <trkpt lat="7.0339070" lon="125.4531370">
    <ele>255.9</ele>
    <time>2025-11-20T08:46:34Z</time>
   </trkpt>
   <trkpt lat="7.0339060" lon="125.4531460">
    <ele>255.9</ele>
    <time>2025-11-20T08:46:35Z</time>
   </trkpt>
   <trkpt lat="7.0339040" lon="125.4531590">
    <ele>255.9</ele>
    <time>2025-11-20T08:46:36Z</time>
   </trkpt>
   <trkpt lat="7.0339020" lon="125.4531740">
    <ele>255.8</ele>
    <time>2025-11-20T08:46:37Z</time>
   </trkpt>
   <trkpt lat="7.0339010" lon="125.4531800">
    <ele>255.8</ele>
    <time>2025-11-20T08:46:38Z</time>
   </trkpt>
   <trkpt lat="7.0339020" lon="125.4531890">
    <ele>255.8</ele>
    <time>2025-11-20T08:46:39Z</time>
   </trkpt>
   <trkpt lat="7.0339060" lon="125.4531990">
    <ele>255.8</ele>
    <time>2025-11-20T08:46:40Z</time>
   </trkpt>
   <trkpt lat="7.0339100" lon="125.4532060">
    <ele>255.7</ele>
    <time>2025-11-20T08:46:41Z</time>
   </trkpt>
   <trkpt lat="7.0339190" lon="125.4532270">
    <ele>255.7</ele>
    <time>2025-11-20T08:46:42Z</time>
   </trkpt>
   <trkpt lat="7.0339190" lon="125.4532360">
    <ele>255.6</ele>
    <time>2025-11-20T08:46:43Z</time>
   </trkpt>
   <trkpt lat="7.0339200" lon="125.4532440">
    <ele>255.6</ele>
    <time>2025-11-20T08:46:44Z</time>
   </trkpt>
   <trkpt lat="7.0339180" lon="125.4532530">
    <ele>255.6</ele>
    <time>2025-11-20T08:46:45Z</time>
   </trkpt>
   <trkpt lat="7.0339240" lon="125.4532650">
    <ele>255.6</ele>
    <time>2025-11-20T08:46:46Z</time>
   </trkpt>
   <trkpt lat="7.0339310" lon="125.4532760">
    <ele>255.5</ele>
    <time>2025-11-20T08:46:47Z</time>
   </trkpt>
   <trkpt lat="7.0339320" lon="125.4532840">
    <ele>255.5</ele>
    <time>2025-11-20T08:46:48Z</time>
   </trkpt>
   <trkpt lat="7.0339370" lon="125.4532950">
    <ele>255.5</ele>
    <time>2025-11-20T08:46:49Z</time>
   </trkpt>
   <trkpt lat="7.0339390" lon="125.4533020">
    <ele>255.5</ele>
    <time>2025-11-20T08:46:50Z</time>
   </trkpt>
   <trkpt lat="7.0339420" lon="125.4533110">
    <ele>255.4</ele>
    <time>2025-11-20T08:46:51Z</time>
   </trkpt>
   <trkpt lat="7.0339420" lon="125.4533170">
    <ele>255.4</ele>
    <time>2025-11-20T08:46:52Z</time>
   </trkpt>
   <trkpt lat="7.0339410" lon="125.4533260">
    <ele>255.3</ele>
    <time>2025-11-20T08:46:53Z</time>
   </trkpt>
   <trkpt lat="7.0339420" lon="125.4533340">
    <ele>255.3</ele>
    <time>2025-11-20T08:46:54Z</time>
   </trkpt>
   <trkpt lat="7.0339410" lon="125.4533430">
    <ele>255.2</ele>
    <time>2025-11-20T08:46:55Z</time>
   </trkpt>
   <trkpt lat="7.0339360" lon="125.4533530">
    <ele>255.1</ele>
    <time>2025-11-20T08:46:56Z</time>
   </trkpt>
   <trkpt lat="7.0339220" lon="125.4533640">
    <ele>255.0</ele>
    <time>2025-11-20T08:46:57Z</time>
   </trkpt>
   <trkpt lat="7.0339180" lon="125.4533600">
    <ele>255.0</ele>
    <time>2025-11-20T08:46:58Z</time>
   </trkpt>
   <trkpt lat="7.0339220" lon="125.4533690">
    <ele>254.9</ele>
    <time>2025-11-20T08:46:59Z</time>
   </trkpt>
   <trkpt lat="7.0339280" lon="125.4533810">
    <ele>254.8</ele>
    <time>2025-11-20T08:47:00Z</time>
   </trkpt>
   <trkpt lat="7.0339350" lon="125.4533910">
    <ele>254.8</ele>
    <time>2025-11-20T08:47:01Z</time>
   </trkpt>
   <trkpt lat="7.0339370" lon="125.4534000">
    <ele>254.7</ele>
    <time>2025-11-20T08:47:03Z</time>
   </trkpt>
   <trkpt lat="7.0339400" lon="125.4534110">
    <ele>254.6</ele>
    <time>2025-11-20T08:47:04Z</time>
   </trkpt>
   <trkpt lat="7.0339380" lon="125.4534220">
    <ele>254.5</ele>
    <time>2025-11-20T08:47:05Z</time>
   </trkpt>
   <trkpt lat="7.0339440" lon="125.4534420">
    <ele>254.4</ele>
    <time>2025-11-20T08:47:06Z</time>
   </trkpt>
   <trkpt lat="7.0339450" lon="125.4534500">
    <ele>254.3</ele>
    <time>2025-11-20T08:47:07Z</time>
   </trkpt>
   <trkpt lat="7.0339470" lon="125.4534590">
    <ele>254.2</ele>
    <time>2025-11-20T08:47:08Z</time>
   </trkpt>
   <trkpt lat="7.0339490" lon="125.4534640">
    <ele>254.2</ele>
    <time>2025-11-20T08:47:09Z</time>
   </trkpt>
   <trkpt lat="7.0339500" lon="125.4534720">
    <ele>254.1</ele>
    <time>2025-11-20T08:47:10Z</time>
   </trkpt>
   <trkpt lat="7.0339520" lon="125.4534860">
    <ele>254.0</ele>
    <time>2025-11-20T08:47:11Z</time>
   </trkpt>
   <trkpt lat="7.0339550" lon="125.4535010">
    <ele>253.9</ele>
    <time>2025-11-20T08:47:12Z</time>
   </trkpt>
   <trkpt lat="7.0339620" lon="125.4535150">
    <ele>253.7</ele>
    <time>2025-11-20T08:47:13Z</time>
   </trkpt>
   <trkpt lat="7.0339690" lon="125.4535240">
    <ele>253.7</ele>
    <time>2025-11-20T08:47:14Z</time>
   </trkpt>
   <trkpt lat="7.0339740" lon="125.4535360">
    <ele>253.6</ele>
    <time>2025-11-20T08:47:15Z</time>
   </trkpt>
   <trkpt lat="7.0339760" lon="125.4535470">
    <ele>253.5</ele>
    <time>2025-11-20T08:47:16Z</time>
   </trkpt>
   <trkpt lat="7.0339800" lon="125.4535570">
    <ele>253.4</ele>
    <time>2025-11-20T08:47:17Z</time>
   </trkpt>
   <trkpt lat="7.0339830" lon="125.4535660">
    <ele>253.3</ele>
    <time>2025-11-20T08:47:18Z</time>
   </trkpt>
   <trkpt lat="7.0339770" lon="125.4535740">
    <ele>253.2</ele>
    <time>2025-11-20T08:47:19Z</time>
   </trkpt>
   <trkpt lat="7.0339790" lon="125.4535890">
    <ele>253.1</ele>
    <time>2025-11-20T08:47:20Z</time>
   </trkpt>
   <trkpt lat="7.0339840" lon="125.4535970">
    <ele>253.0</ele>
    <time>2025-11-20T08:47:21Z</time>
   </trkpt>
   <trkpt lat="7.0339860" lon="125.4536070">
    <ele>252.9</ele>
    <time>2025-11-20T08:47:22Z</time>
   </trkpt>
   <trkpt lat="7.0339940" lon="125.4536130">
    <ele>252.9</ele>
    <time>2025-11-20T08:47:23Z</time>
   </trkpt>
   <trkpt lat="7.0339970" lon="125.4536240">
    <ele>252.8</ele>
    <time>2025-11-20T08:47:24Z</time>
   </trkpt>
   <trkpt lat="7.0339990" lon="125.4536360">
    <ele>252.7</ele>
    <time>2025-11-20T08:47:25Z</time>
   </trkpt>
   <trkpt lat="7.0340010" lon="125.4536470">
    <ele>252.6</ele>
    <time>2025-11-20T08:47:26Z</time>
   </trkpt>
   <trkpt lat="7.0340050" lon="125.4536500">
    <ele>252.5</ele>
    <time>2025-11-20T08:47:27Z</time>
   </trkpt>
   <trkpt lat="7.0340050" lon="125.4536510">
    <ele>252.5</ele>
    <time>2025-11-20T08:47:28Z</time>
   </trkpt>
   <trkpt lat="7.0340030" lon="125.4536500">
    <ele>252.5</ele>
    <time>2025-11-20T08:47:29Z</time>
   </trkpt>
   <trkpt lat="7.0340070" lon="125.4536550">
    <ele>252.5</ele>
    <time>2025-11-20T08:47:30Z</time>
   </trkpt>
   <trkpt lat="7.0340090" lon="125.4536650">
    <ele>252.4</ele>
    <time>2025-11-20T08:47:31Z</time>
   </trkpt>
   <trkpt lat="7.0340100" lon="125.4536790">
    <ele>252.3</ele>
    <time>2025-11-20T08:47:32Z</time>
   </trkpt>
   <trkpt lat="7.0340140" lon="125.4536890">
    <ele>252.2</ele>
    <time>2025-11-20T08:47:33Z</time>
   </trkpt>
   <trkpt lat="7.0340180" lon="125.4536990">
    <ele>252.1</ele>
    <time>2025-11-20T08:47:34Z</time>
   </trkpt>
   <trkpt lat="7.0340210" lon="125.4537070">
    <ele>252.0</ele>
    <time>2025-11-20T08:47:35Z</time>
   </trkpt>
   <trkpt lat="7.0340270" lon="125.4537190">
    <ele>251.9</ele>
    <time>2025-11-20T08:47:36Z</time>
   </trkpt>
   <trkpt lat="7.0340310" lon="125.4537330">
    <ele>251.8</ele>
    <time>2025-11-20T08:47:37Z</time>
   </trkpt>
   <trkpt lat="7.0340360" lon="125.4537480">
    <ele>251.7</ele>
    <time>2025-11-20T08:47:38Z</time>
   </trkpt>
   <trkpt lat="7.0340360" lon="125.4537530">
    <ele>251.7</ele>
    <time>2025-11-20T08:47:39Z</time>
   </trkpt>
   <trkpt lat="7.0340380" lon="125.4537650">
    <ele>251.6</ele>
    <time>2025-11-20T08:47:40Z</time>
   </trkpt>
   <trkpt lat="7.0340430" lon="125.4537760">
    <ele>251.5</ele>
    <time>2025-11-20T08:47:41Z</time>
   </trkpt>
   <trkpt lat="7.0340430" lon="125.4537860">
    <ele>251.5</ele>
    <time>2025-11-20T08:47:42Z</time>
   </trkpt>
   <trkpt lat="7.0340510" lon="125.4537970">
    <ele>251.4</ele>
    <time>2025-11-20T08:47:43Z</time>
   </trkpt>
   <trkpt lat="7.0340530" lon="125.4538100">
    <ele>251.3</ele>
    <time>2025-11-20T08:47:44Z</time>
   </trkpt>
   <trkpt lat="7.0340540" lon="125.4538200">
    <ele>251.2</ele>
    <time>2025-11-20T08:47:45Z</time>
   </trkpt>
   <trkpt lat="7.0340590" lon="125.4538290">
    <ele>251.2</ele>
    <time>2025-11-20T08:47:46Z</time>
   </trkpt>
   <trkpt lat="7.0340600" lon="125.4538450">
    <ele>251.1</ele>
    <time>2025-11-20T08:47:47Z</time>
   </trkpt>
   <trkpt lat="7.0340600" lon="125.4538520">
    <ele>251.0</ele>
    <time>2025-11-20T08:47:48Z</time>
   </trkpt>
   <trkpt lat="7.0340600" lon="125.4538600">
    <ele>251.0</ele>
    <time>2025-11-20T08:47:49Z</time>
   </trkpt>
   <trkpt lat="7.0340600" lon="125.4538680">
    <ele>250.9</ele>
    <time>2025-11-20T08:47:50Z</time>
   </trkpt>
   <trkpt lat="7.0340580" lon="125.4538890">
    <ele>250.8</ele>
    <time>2025-11-20T08:47:51Z</time>
   </trkpt>
   <trkpt lat="7.0340640" lon="125.4538950">
    <ele>250.8</ele>
    <time>2025-11-20T08:47:52Z</time>
   </trkpt>
   <trkpt lat="7.0340650" lon="125.4539030">
    <ele>250.7</ele>
    <time>2025-11-20T08:47:53Z</time>
   </trkpt>
   <trkpt lat="7.0340680" lon="125.4539180">
    <ele>250.7</ele>
    <time>2025-11-20T08:47:54Z</time>
   </trkpt>
   <trkpt lat="7.0340720" lon="125.4539260">
    <ele>250.6</ele>
    <time>2025-11-20T08:47:55Z</time>
   </trkpt>
   <trkpt lat="7.0340800" lon="125.4539360">
    <ele>250.6</ele>
    <time>2025-11-20T08:47:56Z</time>
   </trkpt>
   <trkpt lat="7.0340840" lon="125.4539470">
    <ele>250.5</ele>
    <time>2025-11-20T08:47:57Z</time>
   </trkpt>
   <trkpt lat="7.0340840" lon="125.4539520">
    <ele>250.5</ele>
    <time>2025-11-20T08:47:58Z</time>
   </trkpt>
   <trkpt lat="7.0340860" lon="125.4539600">
    <ele>250.4</ele>
    <time>2025-11-20T08:47:59Z</time>
   </trkpt>
   <trkpt lat="7.0340890" lon="125.4539690">
    <ele>250.4</ele>
    <time>2025-11-20T08:48:00Z</time>
   </trkpt>
   <trkpt lat="7.0340930" lon="125.4539790">
    <ele>250.3</ele>
    <time>2025-11-20T08:48:01Z</time>
   </trkpt>
   <trkpt lat="7.0341000" lon="125.4539950">
    <ele>250.3</ele>
    <time>2025-11-20T08:48:02Z</time>
   </trkpt>
   <trkpt lat="7.0341020" lon="125.4540010">
    <ele>250.2</ele>
    <time>2025-11-20T08:48:03Z</time>
   </trkpt>
   <trkpt lat="7.0341050" lon="125.4540080">
    <ele>250.2</ele>
    <time>2025-11-20T08:48:04Z</time>
   </trkpt>
   <trkpt lat="7.0341070" lon="125.4540150">
    <ele>250.2</ele>
    <time>2025-11-20T08:48:05Z</time>
   </trkpt>
   <trkpt lat="7.0341070" lon="125.4540240">
    <ele>250.1</ele>
    <time>2025-11-20T08:48:06Z</time>
   </trkpt>
   <trkpt lat="7.0341060" lon="125.4540320">
    <ele>250.1</ele>
    <time>2025-11-20T08:48:07Z</time>
   </trkpt>
   <trkpt lat="7.0341070" lon="125.4540390">
    <ele>250.0</ele>
    <time>2025-11-20T08:48:08Z</time>
   </trkpt>
   <trkpt lat="7.0341100" lon="125.4540460">
    <ele>250.0</ele>
    <time>2025-11-20T08:48:09Z</time>
   </trkpt>
   <trkpt lat="7.0341180" lon="125.4540560">
    <ele>250.0</ele>
    <time>2025-11-20T08:48:10Z</time>
   </trkpt>
   <trkpt lat="7.0341220" lon="125.4540620">
    <ele>249.9</ele>
    <time>2025-11-20T08:48:11Z</time>
   </trkpt>
   <trkpt lat="7.0341280" lon="125.4540730">
    <ele>249.9</ele>
    <time>2025-11-20T08:48:12Z</time>
   </trkpt>
   <trkpt lat="7.0341330" lon="125.4540840">
    <ele>249.8</ele>
    <time>2025-11-20T08:48:13Z</time>
   </trkpt>
   <trkpt lat="7.0341350" lon="125.4540860">
    <ele>249.8</ele>
    <time>2025-11-20T08:48:14Z</time>
   </trkpt>
   <trkpt lat="7.0341370" lon="125.4541010">
    <ele>249.7</ele>
    <time>2025-11-20T08:48:15Z</time>
   </trkpt>
   <trkpt lat="7.0341440" lon="125.4541230">
    <ele>249.6</ele>
    <time>2025-11-20T08:48:16Z</time>
   </trkpt>
   <trkpt lat="7.0341490" lon="125.4541300">
    <ele>249.6</ele>
    <time>2025-11-20T08:48:17Z</time>
   </trkpt>
   <trkpt lat="7.0341540" lon="125.4541370">
    <ele>249.5</ele>
    <time>2025-11-20T08:48:18Z</time>
   </trkpt>
   <trkpt lat="7.0341560" lon="125.4541510">
    <ele>249.5</ele>
    <time>2025-11-20T08:48:19Z</time>
   </trkpt>
   <trkpt lat="7.0341570" lon="125.4541680">
    <ele>249.4</ele>
    <time>2025-11-20T08:48:20Z</time>
   </trkpt>
   <trkpt lat="7.0341600" lon="125.4541720">
    <ele>249.4</ele>
    <time>2025-11-20T08:48:21Z</time>
   </trkpt>
   <trkpt lat="7.0341670" lon="125.4541760">
    <ele>249.3</ele>
    <time>2025-11-20T08:48:22Z</time>
   </trkpt>
   <trkpt lat="7.0341660" lon="125.4541860">
    <ele>249.3</ele>
    <time>2025-11-20T08:48:23Z</time>
   </trkpt>
   <trkpt lat="7.0341700" lon="125.4541910">
    <ele>249.3</ele>
    <time>2025-11-20T08:48:24Z</time>
   </trkpt>
   <trkpt lat="7.0341720" lon="125.4541970">
    <ele>249.2</ele>
    <time>2025-11-20T08:48:25Z</time>
   </trkpt>
   <trkpt lat="7.0341760" lon="125.4542150">
    <ele>249.1</ele>
    <time>2025-11-20T08:48:26Z</time>
   </trkpt>
   <trkpt lat="7.0341840" lon="125.4542300">
    <ele>249.1</ele>
    <time>2025-11-20T08:48:27Z</time>
   </trkpt>
   <trkpt lat="7.0341920" lon="125.4542380">
    <ele>249.0</ele>
    <time>2025-11-20T08:48:28Z</time>
   </trkpt>
   <trkpt lat="7.0341940" lon="125.4542460">
    <ele>249.0</ele>
    <time>2025-11-20T08:48:29Z</time>
   </trkpt>
   <trkpt lat="7.0341970" lon="125.4542560">
    <ele>248.9</ele>
    <time>2025-11-20T08:48:30Z</time>
   </trkpt>
   <trkpt lat="7.0342000" lon="125.4542620">
    <ele>248.9</ele>
    <time>2025-11-20T08:48:31Z</time>
   </trkpt>
   <trkpt lat="7.0342030" lon="125.4542690">
    <ele>248.9</ele>
    <time>2025-11-20T08:48:32Z</time>
   </trkpt>
   <trkpt lat="7.0342070" lon="125.4542770">
    <ele>248.8</ele>
    <time>2025-11-20T08:48:33Z</time>
   </trkpt>
   <trkpt lat="7.0342110" lon="125.4542840">
    <ele>248.8</ele>
    <time>2025-11-20T08:48:34Z</time>
   </trkpt>
   <trkpt lat="7.0342130" lon="125.4542950">
    <ele>248.7</ele>
    <time>2025-11-20T08:48:35Z</time>
   </trkpt>
   <trkpt lat="7.0342210" lon="125.4543060">
    <ele>248.7</ele>
    <time>2025-11-20T08:48:36Z</time>
   </trkpt>
   <trkpt lat="7.0342240" lon="125.4543150">
    <ele>248.6</ele>
    <time>2025-11-20T08:48:37Z</time>
   </trkpt>
   <trkpt lat="7.0342250" lon="125.4543220">
    <ele>248.6</ele>
    <time>2025-11-20T08:48:38Z</time>
   </trkpt>
   <trkpt lat="7.0342280" lon="125.4543050">
    <ele>248.5</ele>
    <time>2025-11-20T08:48:39Z</time>
   </trkpt>
   <trkpt lat="7.0342260" lon="125.4543270">
    <ele>248.3</ele>
    <time>2025-11-20T08:48:40Z</time>
   </trkpt>
   <trkpt lat="7.0342280" lon="125.4543290">
    <ele>248.3</ele>
    <time>2025-11-20T08:48:41Z</time>
   </trkpt>
   <trkpt lat="7.0342370" lon="125.4543470">
    <ele>248.2</ele>
    <time>2025-11-20T08:48:42Z</time>
   </trkpt>
   <trkpt lat="7.0342400" lon="125.4543700">
    <ele>248.1</ele>
    <time>2025-11-20T08:48:43Z</time>
   </trkpt>
   <trkpt lat="7.0342450" lon="125.4543760">
    <ele>248.0</ele>
    <time>2025-11-20T08:48:44Z</time>
   </trkpt>
   <trkpt lat="7.0342510" lon="125.4543830">
    <ele>248.0</ele>
    <time>2025-11-20T08:48:45Z</time>
   </trkpt>
   <trkpt lat="7.0342460" lon="125.4543910">
    <ele>247.9</ele>
    <time>2025-11-20T08:48:46Z</time>
   </trkpt>
   <trkpt lat="7.0342510" lon="125.4543980">
    <ele>247.9</ele>
    <time>2025-11-20T08:48:47Z</time>
   </trkpt>
   <trkpt lat="7.0342520" lon="125.4544070">
    <ele>247.8</ele>
    <time>2025-11-20T08:48:48Z</time>
   </trkpt>
   <trkpt lat="7.0342540" lon="125.4544120">
    <ele>247.8</ele>
    <time>2025-11-20T08:48:49Z</time>
   </trkpt>
   <trkpt lat="7.0342590" lon="125.4544290">
    <ele>247.6</ele>
    <time>2025-11-20T08:48:50Z</time>
   </trkpt>
   <trkpt lat="7.0342610" lon="125.4544410">
    <ele>247.6</ele>
    <time>2025-11-20T08:48:51Z</time>
   </trkpt>
   <trkpt lat="7.0342640" lon="125.4544520">
    <ele>247.5</ele>
    <time>2025-11-20T08:48:52Z</time>
   </trkpt>
   <trkpt lat="7.0342670" lon="125.4544600">
    <ele>247.4</ele>
    <time>2025-11-20T08:48:53Z</time>
   </trkpt>
   <trkpt lat="7.0342680" lon="125.4544720">
    <ele>247.3</ele>
    <time>2025-11-20T08:48:54Z</time>
   </trkpt>
   <trkpt lat="7.0342710" lon="125.4544870">
    <ele>247.2</ele>
    <time>2025-11-20T08:48:55Z</time>
   </trkpt>
   <trkpt lat="7.0342740" lon="125.4544980">
    <ele>247.1</ele>
    <time>2025-11-20T08:48:56Z</time>
   </trkpt>
   <trkpt lat="7.0342780" lon="125.4545060">
    <ele>247.1</ele>
    <time>2025-11-20T08:48:57Z</time>
   </trkpt>
   <trkpt lat="7.0342810" lon="125.4545190">
    <ele>246.9</ele>
    <time>2025-11-20T08:48:58Z</time>
   </trkpt>
   <trkpt lat="7.0342860" lon="125.4545310">
    <ele>246.8</ele>
    <time>2025-11-20T08:48:59Z</time>
   </trkpt>
   <trkpt lat="7.0342950" lon="125.4545400">
    <ele>246.7</ele>
    <time>2025-11-20T08:49:00Z</time>
   </trkpt>
   <trkpt lat="7.0342980" lon="125.4545500">
    <ele>246.6</ele>
    <time>2025-11-20T08:49:01Z</time>
   </trkpt>
   <trkpt lat="7.0342970" lon="125.4545600">
    <ele>246.6</ele>
    <time>2025-11-20T08:49:02Z</time>
   </trkpt>
   <trkpt lat="7.0342990" lon="125.4545700">
    <ele>246.5</ele>
    <time>2025-11-20T08:49:03Z</time>
   </trkpt>
   <trkpt lat="7.0343030" lon="125.4545800">
    <ele>246.4</ele>
    <time>2025-11-20T08:49:04Z</time>
   </trkpt>
   <trkpt lat="7.0343050" lon="125.4545870">
    <ele>246.3</ele>
    <time>2025-11-20T08:49:05Z</time>
   </trkpt>
   <trkpt lat="7.0343150" lon="125.4545940">
    <ele>246.2</ele>
    <time>2025-11-20T08:49:06Z</time>
   </trkpt>
   <trkpt lat="7.0343240" lon="125.4546050">
    <ele>246.1</ele>
    <time>2025-11-20T08:49:07Z</time>
   </trkpt>
   <trkpt lat="7.0343230" lon="125.4546150">
    <ele>246.0</ele>
    <time>2025-11-20T08:49:09Z</time>
   </trkpt>
   <trkpt lat="7.0343290" lon="125.4546210">
    <ele>245.9</ele>
    <time>2025-11-20T08:49:10Z</time>
   </trkpt>
   <trkpt lat="7.0343340" lon="125.4546270">
    <ele>245.9</ele>
    <time>2025-11-20T08:49:11Z</time>
   </trkpt>
   <trkpt lat="7.0343400" lon="125.4546330">
    <ele>245.8</ele>
    <time>2025-11-20T08:49:12Z</time>
   </trkpt>
   <trkpt lat="7.0343450" lon="125.4546390">
    <ele>245.7</ele>
    <time>2025-11-20T08:49:13Z</time>
   </trkpt>
   <trkpt lat="7.0343510" lon="125.4546450">
    <ele>245.6</ele>
    <time>2025-11-20T08:49:14Z</time>
   </trkpt>
   <trkpt lat="7.0343490" lon="125.4546550">
    <ele>245.5</ele>
    <time>2025-11-20T08:49:15Z</time>
   </trkpt>
   <trkpt lat="7.0343510" lon="125.4546640">
    <ele>245.4</ele>
    <time>2025-11-20T08:49:16Z</time>
   </trkpt>
   <trkpt lat="7.0343570" lon="125.4546720">
    <ele>245.3</ele>
    <time>2025-11-20T08:49:17Z</time>
   </trkpt>
   <trkpt lat="7.0343630" lon="125.4546830">
    <ele>245.2</ele>
    <time>2025-11-20T08:49:18Z</time>
   </trkpt>
   <trkpt lat="7.0343700" lon="125.4546900">
    <ele>245.1</ele>
    <time>2025-11-20T08:49:19Z</time>
   </trkpt>
   <trkpt lat="7.0343710" lon="125.4546970">
    <ele>245.1</ele>
    <time>2025-11-20T08:49:20Z</time>
   </trkpt>
   <trkpt lat="7.0343740" lon="125.4547070">
    <ele>245.0</ele>
    <time>2025-11-20T08:49:21Z</time>
   </trkpt>
   <trkpt lat="7.0343790" lon="125.4547150">
    <ele>244.9</ele>
    <time>2025-11-20T08:49:22Z</time>
   </trkpt>
   <trkpt lat="7.0343820" lon="125.4547220">
    <ele>244.8</ele>
    <time>2025-11-20T08:49:23Z</time>
   </trkpt>
   <trkpt lat="7.0343870" lon="125.4547280">
    <ele>244.7</ele>
    <time>2025-11-20T08:49:24Z</time>
   </trkpt>
   <trkpt lat="7.0343920" lon="125.4547380">
    <ele>244.6</ele>
    <time>2025-11-20T08:49:25Z</time>
   </trkpt>
   <trkpt lat="7.0343920" lon="125.4547510">
    <ele>244.5</ele>
    <time>2025-11-20T08:49:26Z</time>
   </trkpt>
   <trkpt lat="7.0344000" lon="125.4547670">
    <ele>244.3</ele>
    <time>2025-11-20T08:49:27Z</time>
   </trkpt>
   <trkpt lat="7.0344090" lon="125.4547800">
    <ele>244.2</ele>
    <time>2025-11-20T08:49:28Z</time>
   </trkpt>
   <trkpt lat="7.0344150" lon="125.4547870">
    <ele>244.1</ele>
    <time>2025-11-20T08:49:29Z</time>
   </trkpt>
   <trkpt lat="7.0344210" lon="125.4547930">
    <ele>244.0</ele>
    <time>2025-11-20T08:49:30Z</time>
   </trkpt>
   <trkpt lat="7.0344250" lon="125.4548000">
    <ele>243.9</ele>
    <time>2025-11-20T08:49:31Z</time>
   </trkpt>
   <trkpt lat="7.0344290" lon="125.4548090">
    <ele>243.8</ele>
    <time>2025-11-20T08:49:32Z</time>
   </trkpt>
   <trkpt lat="7.0344310" lon="125.4548190">
    <ele>243.7</ele>
    <time>2025-11-20T08:49:33Z</time>
   </trkpt>
   <trkpt lat="7.0344340" lon="125.4548280">
    <ele>243.7</ele>
    <time>2025-11-20T08:49:34Z</time>
   </trkpt>
   <trkpt lat="7.0344390" lon="125.4548390">
    <ele>243.5</ele>
    <time>2025-11-20T08:49:35Z</time>
   </trkpt>
   <trkpt lat="7.0344420" lon="125.4548500">
    <ele>243.4</ele>
    <time>2025-11-20T08:49:36Z</time>
   </trkpt>
   <trkpt lat="7.0344530" lon="125.4548680">
    <ele>243.3</ele>
    <time>2025-11-20T08:49:37Z</time>
   </trkpt>
   <trkpt lat="7.0344580" lon="125.4548770">
    <ele>243.2</ele>
    <time>2025-11-20T08:49:38Z</time>
   </trkpt>
   <trkpt lat="7.0344620" lon="125.4548870">
    <ele>243.1</ele>
    <time>2025-11-20T08:49:39Z</time>
   </trkpt>
   <trkpt lat="7.0344610" lon="125.4548940">
    <ele>243.0</ele>
    <time>2025-11-20T08:49:40Z</time>
   </trkpt>
   <trkpt lat="7.0344670" lon="125.4549030">
    <ele>242.9</ele>
    <time>2025-11-20T08:49:41Z</time>
   </trkpt>
   <trkpt lat="7.0344730" lon="125.4549130">
    <ele>242.8</ele>
    <time>2025-11-20T08:49:42Z</time>
   </trkpt>
   <trkpt lat="7.0344760" lon="125.4549270">
    <ele>242.7</ele>
    <time>2025-11-20T08:49:43Z</time>
   </trkpt>
   <trkpt lat="7.0344780" lon="125.4549340">
    <ele>242.7</ele>
    <time>2025-11-20T08:49:44Z</time>
   </trkpt>
   <trkpt lat="7.0344790" lon="125.4549420">
    <ele>242.6</ele>
    <time>2025-11-20T08:49:45Z</time>
   </trkpt>
   <trkpt lat="7.0344800" lon="125.4549500">
    <ele>242.5</ele>
    <time>2025-11-20T08:49:46Z</time>
   </trkpt>
   <trkpt lat="7.0344880" lon="125.4549570">
    <ele>242.4</ele>
    <time>2025-11-20T08:49:47Z</time>
   </trkpt>
   <trkpt lat="7.0344980" lon="125.4549620">
    <ele>242.4</ele>
    <time>2025-11-20T08:49:48Z</time>
   </trkpt>
   <trkpt lat="7.0344990" lon="125.4549770">
    <ele>242.2</ele>
    <time>2025-11-20T08:49:49Z</time>
   </trkpt>
   <trkpt lat="7.0344990" lon="125.4549880">
    <ele>242.1</ele>
    <time>2025-11-20T08:49:50Z</time>
   </trkpt>
   <trkpt lat="7.0345000" lon="125.4549990">
    <ele>242.1</ele>
    <time>2025-11-20T08:49:51Z</time>
   </trkpt>
   <trkpt lat="7.0344970" lon="125.4550040">
    <ele>242.0</ele>
    <time>2025-11-20T08:49:52Z</time>
   </trkpt>
   <trkpt lat="7.0344950" lon="125.4550120">
    <ele>242.0</ele>
    <time>2025-11-20T08:49:53Z</time>
   </trkpt>
   <trkpt lat="7.0344960" lon="125.4550230">
    <ele>241.9</ele>
    <time>2025-11-20T08:49:54Z</time>
   </trkpt>
   <trkpt lat="7.0344980" lon="125.4550330">
    <ele>241.8</ele>
    <time>2025-11-20T08:49:55Z</time>
   </trkpt>
   <trkpt lat="7.0345020" lon="125.4550430">
    <ele>241.7</ele>
    <time>2025-11-20T08:49:56Z</time>
   </trkpt>
   <trkpt lat="7.0345100" lon="125.4550550">
    <ele>241.6</ele>
    <time>2025-11-20T08:49:57Z</time>
   </trkpt>
   <trkpt lat="7.0345190" lon="125.4550570">
    <ele>241.5</ele>
    <time>2025-11-20T08:49:58Z</time>
   </trkpt>
   <trkpt lat="7.0345170" lon="125.4550630">
    <ele>241.5</ele>
    <time>2025-11-20T08:49:59Z</time>
   </trkpt>
   <trkpt lat="7.0345130" lon="125.4550630">
    <ele>241.5</ele>
    <time>2025-11-20T08:50:00Z</time>
   </trkpt>
   <trkpt lat="7.0345190" lon="125.4550700">
    <ele>241.4</ele>
    <time>2025-11-20T08:50:01Z</time>
   </trkpt>
   <trkpt lat="7.0345270" lon="125.4550820">
    <ele>241.3</ele>
    <time>2025-11-20T08:50:02Z</time>
   </trkpt>
   <trkpt lat="7.0345280" lon="125.4550920">
    <ele>241.2</ele>
    <time>2025-11-20T08:50:03Z</time>
   </trkpt>
   <trkpt lat="7.0345300" lon="125.4551010">
    <ele>241.1</ele>
    <time>2025-11-20T08:50:04Z</time>
   </trkpt>
   <trkpt lat="7.0345240" lon="125.4550990">
    <ele>241.1</ele>
    <time>2025-11-20T08:50:05Z</time>
   </trkpt>
   <trkpt lat="7.0345210" lon="125.4551100">
    <ele>241.0</ele>
    <time>2025-11-20T08:50:06Z</time>
   </trkpt>
   <trkpt lat="7.0345230" lon="125.4551260">
    <ele>240.9</ele>
    <time>2025-11-20T08:50:07Z</time>
   </trkpt>
   <trkpt lat="7.0345310" lon="125.4551410">
    <ele>240.8</ele>
    <time>2025-11-20T08:50:08Z</time>
   </trkpt>
   <trkpt lat="7.0345310" lon="125.4551550">
    <ele>240.7</ele>
    <time>2025-11-20T08:50:09Z</time>
   </trkpt>
   <trkpt lat="7.0345350" lon="125.4551750">
    <ele>240.5</ele>
    <time>2025-11-20T08:50:10Z</time>
   </trkpt>
   <trkpt lat="7.0345370" lon="125.4551840">
    <ele>240.5</ele>
    <time>2025-11-20T08:50:11Z</time>
   </trkpt>
   <trkpt lat="7.0345380" lon="125.4551940">
    <ele>240.4</ele>
    <time>2025-11-20T08:50:12Z</time>
   </trkpt>
   <trkpt lat="7.0345460" lon="125.4552090">
    <ele>240.3</ele>
    <time>2025-11-20T08:50:13Z</time>
   </trkpt>
   <trkpt lat="7.0345490" lon="125.4552130">
    <ele>240.2</ele>
    <time>2025-11-20T08:50:14Z</time>
   </trkpt>
   <trkpt lat="7.0345560" lon="125.4552200">
    <ele>240.2</ele>
    <time>2025-11-20T08:50:15Z</time>
   </trkpt>
   <trkpt lat="7.0345640" lon="125.4552370">
    <ele>240.0</ele>
    <time>2025-11-20T08:50:16Z</time>
   </trkpt>
   <trkpt lat="7.0345640" lon="125.4552470">
    <ele>240.0</ele>
    <time>2025-11-20T08:50:17Z</time>
   </trkpt>
   <trkpt lat="7.0345660" lon="125.4552570">
    <ele>239.9</ele>
    <time>2025-11-20T08:50:18Z</time>
   </trkpt>
   <trkpt lat="7.0345650" lon="125.4552700">
    <ele>239.8</ele>
    <time>2025-11-20T08:50:19Z</time>
   </trkpt>
   <trkpt lat="7.0345700" lon="125.4552800">
    <ele>239.7</ele>
    <time>2025-11-20T08:50:20Z</time>
   </trkpt>
   <trkpt lat="7.0345760" lon="125.4552910">
    <ele>239.7</ele>
    <time>2025-11-20T08:50:21Z</time>
   </trkpt>
   <trkpt lat="7.0345830" lon="125.4553020">
    <ele>239.6</ele>
    <time>2025-11-20T08:50:22Z</time>
   </trkpt>
   <trkpt lat="7.0345870" lon="125.4553110">
    <ele>239.5</ele>
    <time>2025-11-20T08:50:23Z</time>
   </trkpt>
   <trkpt lat="7.0345890" lon="125.4553200">
    <ele>239.4</ele>
    <time>2025-11-20T08:50:24Z</time>
   </trkpt>
   <trkpt lat="7.0345870" lon="125.4553360">
    <ele>239.3</ele>
    <time>2025-11-20T08:50:25Z</time>
   </trkpt>
   <trkpt lat="7.0345880" lon="125.4553460">
    <ele>239.3</ele>
    <time>2025-11-20T08:50:26Z</time>
   </trkpt>
   <trkpt lat="7.0345880" lon="125.4553570">
    <ele>239.2</ele>
    <time>2025-11-20T08:50:27Z</time>
   </trkpt>
   <trkpt lat="7.0345930" lon="125.4553690">
    <ele>239.1</ele>
    <time>2025-11-20T08:50:28Z</time>
   </trkpt>
   <trkpt lat="7.0345950" lon="125.4553790">
    <ele>239.0</ele>
    <time>2025-11-20T08:50:29Z</time>
   </trkpt>
   <trkpt lat="7.0346000" lon="125.4553890">
    <ele>238.9</ele>
    <time>2025-11-20T08:50:30Z</time>
   </trkpt>
   <trkpt lat="7.0346010" lon="125.4554000">
    <ele>238.9</ele>
    <time>2025-11-20T08:50:31Z</time>
   </trkpt>
   <trkpt lat="7.0346030" lon="125.4554140">
    <ele>238.8</ele>
    <time>2025-11-20T08:50:32Z</time>
   </trkpt>
   <trkpt lat="7.0346080" lon="125.4554280">
    <ele>238.7</ele>
    <time>2025-11-20T08:50:33Z</time>
   </trkpt>
   <trkpt lat="7.0346090" lon="125.4554450">
    <ele>238.6</ele>
    <time>2025-11-20T08:50:34Z</time>
   </trkpt>
   <trkpt lat="7.0346080" lon="125.4554560">
    <ele>238.5</ele>
    <time>2025-11-20T08:50:35Z</time>
   </trkpt>
   <trkpt lat="7.0346100" lon="125.4554700">
    <ele>238.4</ele>
    <time>2025-11-20T08:50:36Z</time>
   </trkpt>
   <trkpt lat="7.0346120" lon="125.4554810">
    <ele>238.3</ele>
    <time>2025-11-20T08:50:37Z</time>
   </trkpt>
   <trkpt lat="7.0346130" lon="125.4554930">
    <ele>238.2</ele>
    <time>2025-11-20T08:50:38Z</time>
   </trkpt>
   <trkpt lat="7.0346170" lon="125.4555050">
    <ele>238.1</ele>
    <time>2025-11-20T08:50:39Z</time>
   </trkpt>
   <trkpt lat="7.0346180" lon="125.4555150">
    <ele>238.1</ele>
    <time>2025-11-20T08:50:40Z</time>
   </trkpt>
   <trkpt lat="7.0346210" lon="125.4555240">
    <ele>238.0</ele>
    <time>2025-11-20T08:50:41Z</time>
   </trkpt>
   <trkpt lat="7.0346260" lon="125.4555330">
    <ele>237.9</ele>
    <time>2025-11-20T08:50:42Z</time>
   </trkpt>
   <trkpt lat="7.0346270" lon="125.4555440">
    <ele>237.9</ele>
    <time>2025-11-20T08:50:43Z</time>
   </trkpt>
   <trkpt lat="7.0346250" lon="125.4555550">
    <ele>237.8</ele>
    <time>2025-11-20T08:50:44Z</time>
   </trkpt>
   <trkpt lat="7.0346290" lon="125.4555670">
    <ele>237.7</ele>
    <time>2025-11-20T08:50:45Z</time>
   </trkpt>
   <trkpt lat="7.0346320" lon="125.4555750">
    <ele>237.7</ele>
    <time>2025-11-20T08:50:46Z</time>
   </trkpt>
   <trkpt lat="7.0346350" lon="125.4555960">
    <ele>237.5</ele>
    <time>2025-11-20T08:50:47Z</time>
   </trkpt>
   <trkpt lat="7.0346350" lon="125.4556040">
    <ele>237.5</ele>
    <time>2025-11-20T08:50:48Z</time>
   </trkpt>
   <trkpt lat="7.0346360" lon="125.4556130">
    <ele>237.4</ele>
    <time>2025-11-20T08:50:49Z</time>
   </trkpt>
   <trkpt lat="7.0346380" lon="125.4556260">
    <ele>237.3</ele>
    <time>2025-11-20T08:50:50Z</time>
   </trkpt>
   <trkpt lat="7.0346400" lon="125.4556340">
    <ele>237.3</ele>
    <time>2025-11-20T08:50:51Z</time>
   </trkpt>
   <trkpt lat="7.0346430" lon="125.4556410">
    <ele>237.2</ele>
    <time>2025-11-20T08:50:52Z</time>
   </trkpt>
   <trkpt lat="7.0346450" lon="125.4556490">
    <ele>237.2</ele>
    <time>2025-11-20T08:50:53Z</time>
   </trkpt>
   <trkpt lat="7.0346450" lon="125.4556580">
    <ele>237.1</ele>
    <time>2025-11-20T08:50:54Z</time>
   </trkpt>
   <trkpt lat="7.0346400" lon="125.4556730">
    <ele>237.0</ele>
    <time>2025-11-20T08:50:55Z</time>
   </trkpt>
   <trkpt lat="7.0346410" lon="125.4556810">
    <ele>236.9</ele>
    <time>2025-11-20T08:50:56Z</time>
   </trkpt>
   <trkpt lat="7.0346430" lon="125.4557020">
    <ele>236.8</ele>
    <time>2025-11-20T08:50:57Z</time>
   </trkpt>
   <trkpt lat="7.0346450" lon="125.4557110">
    <ele>236.7</ele>
    <time>2025-11-20T08:50:58Z</time>
   </trkpt>
   <trkpt lat="7.0346460" lon="125.4557190">
    <ele>236.7</ele>
    <time>2025-11-20T08:50:59Z</time>
   </trkpt>
   <trkpt lat="7.0346460" lon="125.4557340">
    <ele>236.6</ele>
    <time>2025-11-20T08:51:00Z</time>
   </trkpt>
   <trkpt lat="7.0346440" lon="125.4557400">
    <ele>236.5</ele>
    <time>2025-11-20T08:51:01Z</time>
   </trkpt>
   <trkpt lat="7.0346420" lon="125.4557510">
    <ele>236.5</ele>
    <time>2025-11-20T08:51:02Z</time>
   </trkpt>
   <trkpt lat="7.0346390" lon="125.4557550">
    <ele>236.4</ele>
    <time>2025-11-20T08:51:03Z</time>
   </trkpt>
   <trkpt lat="7.0346370" lon="125.4557650">
    <ele>236.3</ele>
    <time>2025-11-20T08:51:04Z</time>
   </trkpt>
   <trkpt lat="7.0346360" lon="125.4557730">
    <ele>236.3</ele>
    <time>2025-11-20T08:51:05Z</time>
   </trkpt>
   <trkpt lat="7.0346370" lon="125.4557830">
    <ele>236.2</ele>
    <time>2025-11-20T08:51:06Z</time>
   </trkpt>
   <trkpt lat="7.0346320" lon="125.4557960">
    <ele>236.1</ele>
    <time>2025-11-20T08:51:07Z</time>
   </trkpt>
   <trkpt lat="7.0346230" lon="125.4558100">
    <ele>235.9</ele>
    <time>2025-11-20T08:51:08Z</time>
   </trkpt>
   <trkpt lat="7.0346200" lon="125.4558140">
    <ele>235.9</ele>
    <time>2025-11-20T08:51:09Z</time>
   </trkpt>
   <trkpt lat="7.0346200" lon="125.4558190">
    <ele>235.9</ele>
    <time>2025-11-20T08:51:10Z</time>
   </trkpt>
   <trkpt lat="7.0346170" lon="125.4558290">
    <ele>235.8</ele>
    <time>2025-11-20T08:51:11Z</time>
   </trkpt>
   <trkpt lat="7.0346210" lon="125.4558380">
    <ele>235.7</ele>
    <time>2025-11-20T08:51:12Z</time>
   </trkpt>
   <trkpt lat="7.0346230" lon="125.4558480">
    <ele>235.6</ele>
    <time>2025-11-20T08:51:13Z</time>
   </trkpt>
   <trkpt lat="7.0346240" lon="125.4558560">
    <ele>235.5</ele>
    <time>2025-11-20T08:51:15Z</time>
   </trkpt>
   <trkpt lat="7.0346260" lon="125.4558650">
    <ele>235.4</ele>
    <time>2025-11-20T08:51:16Z</time>
   </trkpt>
   <trkpt lat="7.0346190" lon="125.4558810">
    <ele>235.3</ele>
    <time>2025-11-20T08:51:17Z</time>
   </trkpt>
   <trkpt lat="7.0346180" lon="125.4558920">
    <ele>235.2</ele>
    <time>2025-11-20T08:51:18Z</time>
   </trkpt>
   <trkpt lat="7.0346170" lon="125.4559030">
    <ele>235.0</ele>
    <time>2025-11-20T08:51:19Z</time>
   </trkpt>
   <trkpt lat="7.0346250" lon="125.4559180">
    <ele>234.9</ele>
    <time>2025-11-20T08:51:20Z</time>
   </trkpt>
   <trkpt lat="7.0346280" lon="125.4559280">
    <ele>234.8</ele>
    <time>2025-11-20T08:51:21Z</time>
   </trkpt>
   <trkpt lat="7.0346300" lon="125.4559380">
    <ele>234.7</ele>
    <time>2025-11-20T08:51:22Z</time>
   </trkpt>
   <trkpt lat="7.0346280" lon="125.4559550">
    <ele>234.5</ele>
    <time>2025-11-20T08:51:23Z</time>
   </trkpt>
   <trkpt lat="7.0346290" lon="125.4559660">
    <ele>234.4</ele>
    <time>2025-11-20T08:51:24Z</time>
   </trkpt>
   <trkpt lat="7.0346310" lon="125.4559770">
    <ele>234.2</ele>
    <time>2025-11-20T08:51:25Z</time>
   </trkpt>
   <trkpt lat="7.0346340" lon="125.4559830">
    <ele>234.2</ele>
    <time>2025-11-20T08:51:26Z</time>
   </trkpt>
   <trkpt lat="7.0346340" lon="125.4560020">
    <ele>233.9</ele>
    <time>2025-11-20T08:51:27Z</time>
   </trkpt>
   <trkpt lat="7.0346320" lon="125.4560100">
    <ele>233.8</ele>
    <time>2025-11-20T08:51:28Z</time>
   </trkpt>
   <trkpt lat="7.0346350" lon="125.4560300">
    <ele>233.6</ele>
    <time>2025-11-20T08:51:29Z</time>
   </trkpt>
   <trkpt lat="7.0346380" lon="125.4560390">
    <ele>233.5</ele>
    <time>2025-11-20T08:51:30Z</time>
   </trkpt>
   <trkpt lat="7.0346410" lon="125.4560470">
    <ele>233.4</ele>
    <time>2025-11-20T08:51:31Z</time>
   </trkpt>
   <trkpt lat="7.0346450" lon="125.4560580">
    <ele>233.2</ele>
    <time>2025-11-20T08:51:32Z</time>
   </trkpt>
   <trkpt lat="7.0346460" lon="125.4560680">
    <ele>233.1</ele>
    <time>2025-11-20T08:51:33Z</time>
   </trkpt>
   <trkpt lat="7.0346460" lon="125.4560760">
    <ele>233.0</ele>
    <time>2025-11-20T08:51:34Z</time>
   </trkpt>
   <trkpt lat="7.0346510" lon="125.4560990">
    <ele>232.7</ele>
    <time>2025-11-20T08:51:35Z</time>
   </trkpt>
   <trkpt lat="7.0346540" lon="125.4561050">
    <ele>232.6</ele>
    <time>2025-11-20T08:51:36Z</time>
   </trkpt>
   <trkpt lat="7.0346570" lon="125.4561120">
    <ele>232.5</ele>
    <time>2025-11-20T08:51:37Z</time>
   </trkpt>
   <trkpt lat="7.0346620" lon="125.4561360">
    <ele>232.2</ele>
    <time>2025-11-20T08:51:38Z</time>
   </trkpt>
   <trkpt lat="7.0346630" lon="125.4561460">
    <ele>232.1</ele>
    <time>2025-11-20T08:51:39Z</time>
   </trkpt>
   <trkpt lat="7.0346630" lon="125.4561550">
    <ele>231.9</ele>
    <time>2025-11-20T08:51:40Z</time>
   </trkpt>
   <trkpt lat="7.0346610" lon="125.4561660">
    <ele>231.8</ele>
    <time>2025-11-20T08:51:41Z</time>
   </trkpt>
   <trkpt lat="7.0346640" lon="125.4561730">
    <ele>231.7</ele>
    <time>2025-11-20T08:51:42Z</time>
   </trkpt>
   <trkpt lat="7.0346690" lon="125.4561870">
    <ele>231.5</ele>
    <time>2025-11-20T08:51:43Z</time>
   </trkpt>
   <trkpt lat="7.0346730" lon="125.4561990">
    <ele>231.3</ele>
    <time>2025-11-20T08:51:44Z</time>
   </trkpt>
   <trkpt lat="7.0346720" lon="125.4562070">
    <ele>231.2</ele>
    <time>2025-11-20T08:51:45Z</time>
   </trkpt>
   <trkpt lat="7.0346710" lon="125.4562160">
    <ele>231.1</ele>
    <time>2025-11-20T08:51:46Z</time>
   </trkpt>
   <trkpt lat="7.0346720" lon="125.4562230">
    <ele>231.0</ele>
    <time>2025-11-20T08:51:47Z</time>
   </trkpt>
   <trkpt lat="7.0346710" lon="125.4562320">
    <ele>230.8</ele>
    <time>2025-11-20T08:51:48Z</time>
   </trkpt>
   <trkpt lat="7.0346690" lon="125.4562350">
    <ele>230.8</ele>
    <time>2025-11-20T08:51:49Z</time>
   </trkpt>
   <trkpt lat="7.0346720" lon="125.4562510">
    <ele>230.6</ele>
    <time>2025-11-20T08:51:50Z</time>
   </trkpt>
   <trkpt lat="7.0346750" lon="125.4562610">
    <ele>230.4</ele>
    <time>2025-11-20T08:51:51Z</time>
   </trkpt>
   <trkpt lat="7.0346730" lon="125.4562770">
    <ele>230.2</ele>
    <time>2025-11-20T08:51:52Z</time>
   </trkpt>
   <trkpt lat="7.0346740" lon="125.4562840">
    <ele>230.1</ele>
    <time>2025-11-20T08:51:53Z</time>
   </trkpt>
   <trkpt lat="7.0346730" lon="125.4563040">
    <ele>229.8</ele>
    <time>2025-11-20T08:51:54Z</time>
   </trkpt>
   <trkpt lat="7.0346740" lon="125.4563130">
    <ele>229.7</ele>
    <time>2025-11-20T08:51:55Z</time>
   </trkpt>
   <trkpt lat="7.0346740" lon="125.4563220">
    <ele>229.5</ele>
    <time>2025-11-20T08:51:56Z</time>
   </trkpt>
   <trkpt lat="7.0346760" lon="125.4563420">
    <ele>229.2</ele>
    <time>2025-11-20T08:51:57Z</time>
   </trkpt>
   <trkpt lat="7.0346770" lon="125.4563500">
    <ele>229.1</ele>
    <time>2025-11-20T08:51:58Z</time>
   </trkpt>
   <trkpt lat="7.0346770" lon="125.4563590">
    <ele>229.0</ele>
    <time>2025-11-20T08:51:59Z</time>
   </trkpt>
   <trkpt lat="7.0346830" lon="125.4563670">
    <ele>228.8</ele>
    <time>2025-11-20T08:52:00Z</time>
   </trkpt>
   <trkpt lat="7.0346870" lon="125.4563780">
    <ele>228.6</ele>
    <time>2025-11-20T08:52:01Z</time>
   </trkpt>
   <trkpt lat="7.0346830" lon="125.4563880">
    <ele>228.5</ele>
    <time>2025-11-20T08:52:02Z</time>
   </trkpt>
   <trkpt lat="7.0346810" lon="125.4563960">
    <ele>228.4</ele>
    <time>2025-11-20T08:52:03Z</time>
   </trkpt>
   <trkpt lat="7.0346860" lon="125.4563990">
    <ele>228.3</ele>
    <time>2025-11-20T08:52:04Z</time>
   </trkpt>
   <trkpt lat="7.0346850" lon="125.4564090">
    <ele>228.1</ele>
    <time>2025-11-20T08:52:05Z</time>
   </trkpt>
   <trkpt lat="7.0346800" lon="125.4564230">
    <ele>227.9</ele>
    <time>2025-11-20T08:52:06Z</time>
   </trkpt>
   <trkpt lat="7.0346760" lon="125.4564280">
    <ele>227.8</ele>
    <time>2025-11-20T08:52:07Z</time>
   </trkpt>
   <trkpt lat="7.0346700" lon="125.4564380">
    <ele>227.6</ele>
    <time>2025-11-20T08:52:08Z</time>
   </trkpt>
   <trkpt lat="7.0346680" lon="125.4564540">
    <ele>227.4</ele>
    <time>2025-11-20T08:52:09Z</time>
   </trkpt>
   <trkpt lat="7.0346690" lon="125.4564610">
    <ele>227.3</ele>
    <time>2025-11-20T08:52:10Z</time>
   </trkpt>
   <trkpt lat="7.0346660" lon="125.4564720">
    <ele>227.1</ele>
    <time>2025-11-20T08:52:11Z</time>
   </trkpt>
   <trkpt lat="7.0346660" lon="125.4564810">
    <ele>226.9</ele>
    <time>2025-11-20T08:52:12Z</time>
   </trkpt>
   <trkpt lat="7.0346670" lon="125.4564900">
    <ele>226.8</ele>
    <time>2025-11-20T08:52:13Z</time>
   </trkpt>
   <trkpt lat="7.0346640" lon="125.4565100">
    <ele>226.5</ele>
    <time>2025-11-20T08:52:14Z</time>
   </trkpt>
   <trkpt lat="7.0346640" lon="125.4565200">
    <ele>226.4</ele>
    <time>2025-11-20T08:52:15Z</time>
   </trkpt>
   <trkpt lat="7.0346650" lon="125.4565290">
    <ele>226.2</ele>
    <time>2025-11-20T08:52:16Z</time>
   </trkpt>
   <trkpt lat="7.0346680" lon="125.4565370">
    <ele>226.1</ele>
    <time>2025-11-20T08:52:17Z</time>
   </trkpt>
   <trkpt lat="7.0346740" lon="125.4565470">
    <ele>225.9</ele>
    <time>2025-11-20T08:52:18Z</time>
   </trkpt>
   <trkpt lat="7.0346740" lon="125.4565560">
    <ele>225.8</ele>
    <time>2025-11-20T08:52:19Z</time>
   </trkpt>
   <trkpt lat="7.0346770" lon="125.4565660">
    <ele>225.6</ele>
    <time>2025-11-20T08:52:20Z</time>
   </trkpt>
   <trkpt lat="7.0346780" lon="125.4565810">
    <ele>225.4</ele>
    <time>2025-11-20T08:52:21Z</time>
   </trkpt>
   <trkpt lat="7.0346750" lon="125.4565910">
    <ele>225.2</ele>
    <time>2025-11-20T08:52:22Z</time>
   </trkpt>
   <trkpt lat="7.0346770" lon="125.4566040">
    <ele>225.0</ele>
    <time>2025-11-20T08:52:23Z</time>
   </trkpt>
   <trkpt lat="7.0346780" lon="125.4566150">
    <ele>224.9</ele>
    <time>2025-11-20T08:52:24Z</time>
   </trkpt>
   <trkpt lat="7.0346760" lon="125.4566270">
    <ele>224.7</ele>
    <time>2025-11-20T08:52:25Z</time>
   </trkpt>
   <trkpt lat="7.0346740" lon="125.4566330">
    <ele>224.6</ele>
    <time>2025-11-20T08:52:26Z</time>
   </trkpt>
   <trkpt lat="7.0346690" lon="125.4566460">
    <ele>224.3</ele>
    <time>2025-11-20T08:52:27Z</time>
   </trkpt>
   <trkpt lat="7.0346670" lon="125.4566590">
    <ele>224.1</ele>
    <time>2025-11-20T08:52:28Z</time>
   </trkpt>
   <trkpt lat="7.0346620" lon="125.4566670">
    <ele>224.0</ele>
    <time>2025-11-20T08:52:29Z</time>
   </trkpt>
   <trkpt lat="7.0346570" lon="125.4566750">
    <ele>223.8</ele>
    <time>2025-11-20T08:52:30Z</time>
   </trkpt>
   <trkpt lat="7.0346580" lon="125.4566850">
    <ele>223.7</ele>
    <time>2025-11-20T08:52:31Z</time>
   </trkpt>
   <trkpt lat="7.0346530" lon="125.4567090">
    <ele>223.3</ele>
    <time>2025-11-20T08:52:32Z</time>
   </trkpt>
   <trkpt lat="7.0346510" lon="125.4567180">
    <ele>223.1</ele>
    <time>2025-11-20T08:52:33Z</time>
   </trkpt>
   <trkpt lat="7.0346490" lon="125.4567270">
    <ele>223.0</ele>
    <time>2025-11-20T08:52:34Z</time>
   </trkpt>
   <trkpt lat="7.0346470" lon="125.4567320">
    <ele>222.9</ele>
    <time>2025-11-20T08:52:35Z</time>
   </trkpt>
   <trkpt lat="7.0346460" lon="125.4567380">
    <ele>222.8</ele>
    <time>2025-11-20T08:52:36Z</time>
   </trkpt>
   <trkpt lat="7.0346470" lon="125.4567470">
    <ele>222.6</ele>
    <time>2025-11-20T08:52:37Z</time>
   </trkpt>
   <trkpt lat="7.0346470" lon="125.4567570">
    <ele>222.5</ele>
    <time>2025-11-20T08:52:38Z</time>
   </trkpt>
   <trkpt lat="7.0346480" lon="125.4567790">
    <ele>222.1</ele>
    <time>2025-11-20T08:52:39Z</time>
   </trkpt>
   <trkpt lat="7.0346480" lon="125.4567870">
    <ele>222.0</ele>
    <time>2025-11-20T08:52:40Z</time>
   </trkpt>
   <trkpt lat="7.0346490" lon="125.4567960">
    <ele>221.9</ele>
    <time>2025-11-20T08:52:41Z</time>
   </trkpt>
   <trkpt lat="7.0346460" lon="125.4568090">
    <ele>221.6</ele>
    <time>2025-11-20T08:52:42Z</time>
   </trkpt>
   <trkpt lat="7.0346490" lon="125.4568180">
    <ele>221.5</ele>
    <time>2025-11-20T08:52:43Z</time>
   </trkpt>
   <trkpt lat="7.0346480" lon="125.4568280">
    <ele>221.3</ele>
    <time>2025-11-20T08:52:44Z</time>
   </trkpt>
   <trkpt lat="7.0346490" lon="125.4568560">
    <ele>220.9</ele>
    <time>2025-11-20T08:52:45Z</time>
   </trkpt>
   <trkpt lat="7.0346480" lon="125.4568650">
    <ele>220.7</ele>
    <time>2025-11-20T08:52:46Z</time>
   </trkpt>
   <trkpt lat="7.0346480" lon="125.4568730">
    <ele>220.6</ele>
    <time>2025-11-20T08:52:47Z</time>
   </trkpt>
   <trkpt lat="7.0346460" lon="125.4568850">
    <ele>220.4</ele>
    <time>2025-11-20T08:52:48Z</time>
   </trkpt>
   <trkpt lat="7.0346360" lon="125.4568940">
    <ele>220.2</ele>
    <time>2025-11-20T08:52:49Z</time>
   </trkpt>
   <trkpt lat="7.0346300" lon="125.4569000">
    <ele>220.0</ele>
    <time>2025-11-20T08:52:50Z</time>
   </trkpt>
   <trkpt lat="7.0346280" lon="125.4569130">
    <ele>219.8</ele>
    <time>2025-11-20T08:52:51Z</time>
   </trkpt>
   <trkpt lat="7.0346280" lon="125.4569150">
    <ele>219.8</ele>
    <time>2025-11-20T08:52:52Z</time>
   </trkpt>
   <trkpt lat="7.0346270" lon="125.4569240">
    <ele>219.6</ele>
    <time>2025-11-20T08:52:53Z</time>
   </trkpt>
   <trkpt lat="7.0346230" lon="125.4569340">
    <ele>219.5</ele>
    <time>2025-11-20T08:52:54Z</time>
   </trkpt>
   <trkpt lat="7.0346180" lon="125.4569390">
    <ele>219.4</ele>
    <time>2025-11-20T08:52:55Z</time>
   </trkpt>
   <trkpt lat="7.0346150" lon="125.4569540">
    <ele>219.1</ele>
    <time>2025-11-20T08:52:56Z</time>
   </trkpt>
   <trkpt lat="7.0346150" lon="125.4569680">
    <ele>218.9</ele>
    <time>2025-11-20T08:52:57Z</time>
   </trkpt>
   <trkpt lat="7.0346180" lon="125.4569790">
    <ele>218.7</ele>
    <time>2025-11-20T08:52:58Z</time>
   </trkpt>
   <trkpt lat="7.0346140" lon="125.4569910">
    <ele>218.5</ele>
    <time>2025-11-20T08:52:59Z</time>
   </trkpt>
   <trkpt lat="7.0346140" lon="125.4570010">
    <ele>218.3</ele>
    <time>2025-11-20T08:53:00Z</time>
   </trkpt>
   <trkpt lat="7.0346100" lon="125.4570110">
    <ele>218.1</ele>
    <time>2025-11-20T08:53:01Z</time>
   </trkpt>
   <trkpt lat="7.0346090" lon="125.4570210">
    <ele>218.0</ele>
    <time>2025-11-20T08:53:02Z</time>
   </trkpt>
   <trkpt lat="7.0346110" lon="125.4570370">
    <ele>217.7</ele>
    <time>2025-11-20T08:53:03Z</time>
   </trkpt>
   <trkpt lat="7.0346030" lon="125.4570440">
    <ele>217.5</ele>
    <time>2025-11-20T08:53:04Z</time>
   </trkpt>
   <trkpt lat="7.0346030" lon="125.4570530">
    <ele>217.4</ele>
    <time>2025-11-20T08:53:05Z</time>
   </trkpt>
   <trkpt lat="7.0346030" lon="125.4570590">
    <ele>217.3</ele>
    <time>2025-11-20T08:53:06Z</time>
   </trkpt>
   <trkpt lat="7.0346010" lon="125.4570680">
    <ele>217.2</ele>
    <time>2025-11-20T08:53:07Z</time>
   </trkpt>
   <trkpt lat="7.0346010" lon="125.4570770">
    <ele>217.0</ele>
    <time>2025-11-20T08:53:08Z</time>
   </trkpt>
   <trkpt lat="7.0346000" lon="125.4570910">
    <ele>216.8</ele>
    <time>2025-11-20T08:53:09Z</time>
   </trkpt>
   <trkpt lat="7.0346000" lon="125.4570990">
    <ele>216.7</ele>
    <time>2025-11-20T08:53:10Z</time>
   </trkpt>
   <trkpt lat="7.0345950" lon="125.4571150">
    <ele>216.4</ele>
    <time>2025-11-20T08:53:11Z</time>
   </trkpt>
   <trkpt lat="7.0345960" lon="125.4571270">
    <ele>216.2</ele>
    <time>2025-11-20T08:53:12Z</time>
   </trkpt>
   <trkpt lat="7.0345950" lon="125.4571350">
    <ele>216.1</ele>
    <time>2025-11-20T08:53:13Z</time>
   </trkpt>
   <trkpt lat="7.0345940" lon="125.4571430">
    <ele>216.0</ele>
    <time>2025-11-20T08:53:14Z</time>
   </trkpt>
   <trkpt lat="7.0345920" lon="125.4571500">
    <ele>215.8</ele>
    <time>2025-11-20T08:53:15Z</time>
   </trkpt>
   <trkpt lat="7.0345950" lon="125.4571610">
    <ele>215.7</ele>
    <time>2025-11-20T08:53:16Z</time>
   </trkpt>
   <trkpt lat="7.0346040" lon="125.4571780">
    <ele>215.4</ele>
    <time>2025-11-20T08:53:17Z</time>
   </trkpt>
   <trkpt lat="7.0346090" lon="125.4571870">
    <ele>215.2</ele>
    <time>2025-11-20T08:53:18Z</time>
   </trkpt>
   <trkpt lat="7.0346140" lon="125.4571960">
    <ele>215.1</ele>
    <time>2025-11-20T08:53:19Z</time>
   </trkpt>
   <trkpt lat="7.0346220" lon="125.4572020">
    <ele>215.0</ele>
    <time>2025-11-20T08:53:21Z</time>
   </trkpt>
   <trkpt lat="7.0346330" lon="125.4572140">
    <ele>214.7</ele>
    <time>2025-11-20T08:53:22Z</time>
   </trkpt>
   <trkpt lat="7.0346420" lon="125.4572130">
    <ele>214.6</ele>
    <time>2025-11-20T08:53:23Z</time>
   </trkpt>
   <trkpt lat="7.0346530" lon="125.4572210">
    <ele>214.4</ele>
    <time>2025-11-20T08:53:24Z</time>
   </trkpt>
   <trkpt lat="7.0346600" lon="125.4572270">
    <ele>214.3</ele>
    <time>2025-11-20T08:53:25Z</time>
   </trkpt>
   <trkpt lat="7.0346660" lon="125.4572320">
    <ele>214.2</ele>
    <time>2025-11-20T08:53:26Z</time>
   </trkpt>
   <trkpt lat="7.0346730" lon="125.4572380">
    <ele>214.1</ele>
    <time>2025-11-20T08:53:27Z</time>
   </trkpt>
   <trkpt lat="7.0346840" lon="125.4572460">
    <ele>213.9</ele>
    <time>2025-11-20T08:53:28Z</time>
   </trkpt>
   <trkpt lat="7.0346890" lon="125.4572560">
    <ele>213.8</ele>
    <time>2025-11-20T08:53:29Z</time>
   </trkpt>
   <trkpt lat="7.0346920" lon="125.4572680">
    <ele>213.6</ele>
    <time>2025-11-20T08:53:30Z</time>
   </trkpt>
   <trkpt lat="7.0346960" lon="125.4572710">
    <ele>213.6</ele>
    <time>2025-11-20T08:53:31Z</time>
   </trkpt>
   <trkpt lat="7.0346970" lon="125.4572770">
    <ele>213.5</ele>
    <time>2025-11-20T08:53:32Z</time>
   </trkpt>
   <trkpt lat="7.0346910" lon="125.4572820">
    <ele>213.4</ele>
    <time>2025-11-20T08:53:33Z</time>
   </trkpt>
   <trkpt lat="7.0346890" lon="125.4572970">
    <ele>213.2</ele>
    <time>2025-11-20T08:53:34Z</time>
   </trkpt>
   <trkpt lat="7.0346840" lon="125.4573120">
    <ele>213.0</ele>
    <time>2025-11-20T08:53:35Z</time>
   </trkpt>
   <trkpt lat="7.0346780" lon="125.4573150">
    <ele>212.9</ele>
    <time>2025-11-20T08:53:36Z</time>
   </trkpt>
   <trkpt lat="7.0346790" lon="125.4573230">
    <ele>212.8</ele>
    <time>2025-11-20T08:53:37Z</time>
   </trkpt>
   <trkpt lat="7.0346810" lon="125.4573340">
    <ele>212.7</ele>
    <time>2025-11-20T08:53:38Z</time>
   </trkpt>
   <trkpt lat="7.0346770" lon="125.4573450">
    <ele>212.6</ele>
    <time>2025-11-20T08:53:39Z</time>
   </trkpt>
   <trkpt lat="7.0346750" lon="125.4573580">
    <ele>212.5</ele>
    <time>2025-11-20T08:53:40Z</time>
   </trkpt>
   <trkpt lat="7.0346670" lon="125.4573740">
    <ele>212.4</ele>
    <time>2025-11-20T08:53:41Z</time>
   </trkpt>
   <trkpt lat="7.0346660" lon="125.4573810">
    <ele>212.3</ele>
    <time>2025-11-20T08:53:42Z</time>
   </trkpt>
   <trkpt lat="7.0346660" lon="125.4573890">
    <ele>212.3</ele>
    <time>2025-11-20T08:53:43Z</time>
   </trkpt>
   <trkpt lat="7.0346650" lon="125.4573960">
    <ele>212.2</ele>
    <time>2025-11-20T08:53:44Z</time>
   </trkpt>
   <trkpt lat="7.0346600" lon="125.4574060">
    <ele>212.1</ele>
    <time>2025-11-20T08:53:45Z</time>
   </trkpt>
   <trkpt lat="7.0346530" lon="125.4574270">
    <ele>211.9</ele>
    <time>2025-11-20T08:53:46Z</time>
   </trkpt>
   <trkpt lat="7.0346460" lon="125.4574370">
    <ele>211.8</ele>
    <time>2025-11-20T08:53:47Z</time>
   </trkpt>
   <trkpt lat="7.0346470" lon="125.4574420">
    <ele>211.8</ele>
    <time>2025-11-20T08:53:48Z</time>
   </trkpt>
   <trkpt lat="7.0346410" lon="125.4574520">
    <ele>211.7</ele>
    <time>2025-11-20T08:53:49Z</time>
   </trkpt>
   <trkpt lat="7.0346350" lon="125.4574660">
    <ele>211.6</ele>
    <time>2025-11-20T08:53:50Z</time>
   </trkpt>
   <trkpt lat="7.0346370" lon="125.4574790">
    <ele>211.5</ele>
    <time>2025-11-20T08:53:51Z</time>
   </trkpt>
   <trkpt lat="7.0346360" lon="125.4574880">
    <ele>211.4</ele>
    <time>2025-11-20T08:53:52Z</time>
   </trkpt>
   <trkpt lat="7.0346330" lon="125.4575000">
    <ele>211.3</ele>
    <time>2025-11-20T08:53:53Z</time>
   </trkpt>
   <trkpt lat="7.0346310" lon="125.4575090">
    <ele>211.2</ele>
    <time>2025-11-20T08:53:54Z</time>
   </trkpt>
   <trkpt lat="7.0346280" lon="125.4575100">
    <ele>211.2</ele>
    <time>2025-11-20T08:53:55Z</time>
   </trkpt>
   <trkpt lat="7.0346230" lon="125.4575210">
    <ele>211.1</ele>
    <time>2025-11-20T08:53:56Z</time>
   </trkpt>
   <trkpt lat="7.0346210" lon="125.4575350">
    <ele>211.0</ele>
    <time>2025-11-20T08:53:57Z</time>
   </trkpt>
   <trkpt lat="7.0346170" lon="125.4575490">
    <ele>210.8</ele>
    <time>2025-11-20T08:53:58Z</time>
   </trkpt>
   <trkpt lat="7.0346100" lon="125.4575510">
    <ele>210.8</ele>
    <time>2025-11-20T08:53:59Z</time>
   </trkpt>
   <trkpt lat="7.0346110" lon="125.4575600">
    <ele>210.7</ele>
    <time>2025-11-20T08:54:00Z</time>
   </trkpt>
   <trkpt lat="7.0346050" lon="125.4575670">
    <ele>210.6</ele>
    <time>2025-11-20T08:54:01Z</time>
   </trkpt>
   <trkpt lat="7.0346010" lon="125.4575800">
    <ele>210.5</ele>
    <time>2025-11-20T08:54:02Z</time>
   </trkpt>
   <trkpt lat="7.0345990" lon="125.4575910">
    <ele>210.4</ele>
    <time>2025-11-20T08:54:03Z</time>
   </trkpt>
   <trkpt lat="7.0345960" lon="125.4576030">
    <ele>210.3</ele>
    <time>2025-11-20T08:54:04Z</time>
   </trkpt>
   <trkpt lat="7.0346020" lon="125.4576160">
    <ele>210.2</ele>
    <time>2025-11-20T08:54:05Z</time>
   </trkpt>
   <trkpt lat="7.0345970" lon="125.4576230">
    <ele>210.1</ele>
    <time>2025-11-20T08:54:06Z</time>
   </trkpt>
   <trkpt lat="7.0345920" lon="125.4576280">
    <ele>210.0</ele>
    <time>2025-11-20T08:54:07Z</time>
   </trkpt>
   <trkpt lat="7.0345890" lon="125.4576380">
    <ele>209.9</ele>
    <time>2025-11-20T08:54:08Z</time>
   </trkpt>
   <trkpt lat="7.0345910" lon="125.4576470">
    <ele>209.8</ele>
    <time>2025-11-20T08:54:09Z</time>
   </trkpt>
   <trkpt lat="7.0345930" lon="125.4576560">
    <ele>209.8</ele>
    <time>2025-11-20T08:54:10Z</time>
   </trkpt>
   <trkpt lat="7.0345950" lon="125.4576660">
    <ele>209.7</ele>
    <time>2025-11-20T08:54:11Z</time>
   </trkpt>
   <trkpt lat="7.0345970" lon="125.4576790">
    <ele>209.5</ele>
    <time>2025-11-20T08:54:12Z</time>
   </trkpt>
   <trkpt lat="7.0345920" lon="125.4576970">
    <ele>209.3</ele>
    <time>2025-11-20T08:54:13Z</time>
   </trkpt>
   <trkpt lat="7.0345890" lon="125.4577070">
    <ele>209.2</ele>
    <time>2025-11-20T08:54:14Z</time>
   </trkpt>
   <trkpt lat="7.0345860" lon="125.4577160">
    <ele>209.1</ele>
    <time>2025-11-20T08:54:15Z</time>
   </trkpt>
   <trkpt lat="7.0345820" lon="125.4577270">
    <ele>209.0</ele>
    <time>2025-11-20T08:54:16Z</time>
   </trkpt>
   <trkpt lat="7.0345830" lon="125.4577380">
    <ele>208.9</ele>
    <time>2025-11-20T08:54:17Z</time>
   </trkpt>
   <trkpt lat="7.0345800" lon="125.4577510">
    <ele>208.7</ele>
    <time>2025-11-20T08:54:18Z</time>
   </trkpt>
   <trkpt lat="7.0345690" lon="125.4577610">
    <ele>208.5</ele>
    <time>2025-11-20T08:54:19Z</time>
   </trkpt>
   <trkpt lat="7.0345630" lon="125.4577670">
    <ele>208.4</ele>
    <time>2025-11-20T08:54:20Z</time>
   </trkpt>
   <trkpt lat="7.0345580" lon="125.4577700">
    <ele>208.4</ele>
    <time>2025-11-20T08:54:21Z</time>
   </trkpt>
   <trkpt lat="7.0345530" lon="125.4577760">
    <ele>208.3</ele>
    <time>2025-11-20T08:54:22Z</time>
   </trkpt>
   <trkpt lat="7.0345440" lon="125.4577860">
    <ele>208.1</ele>
    <time>2025-11-20T08:54:23Z</time>
   </trkpt>
   <trkpt lat="7.0345360" lon="125.4577920">
    <ele>208.0</ele>
    <time>2025-11-20T08:54:24Z</time>
   </trkpt>
   <trkpt lat="7.0345300" lon="125.4577940">
    <ele>207.9</ele>
    <time>2025-11-20T08:54:25Z</time>
   </trkpt>
   <trkpt lat="7.0345170" lon="125.4578000">
    <ele>207.7</ele>
    <time>2025-11-20T08:54:26Z</time>
   </trkpt>
   <trkpt lat="7.0345130" lon="125.4578050">
    <ele>207.6</ele>
    <time>2025-11-20T08:54:27Z</time>
   </trkpt>
   <trkpt lat="7.0345150" lon="125.4578180">
    <ele>207.5</ele>
    <time>2025-11-20T08:54:28Z</time>
   </trkpt>
   <trkpt lat="7.0345130" lon="125.4578280">
    <ele>207.3</ele>
    <time>2025-11-20T08:54:29Z</time>
   </trkpt>
   <trkpt lat="7.0345100" lon="125.4578410">
    <ele>207.2</ele>
    <time>2025-11-20T08:54:30Z</time>
   </trkpt>
   <trkpt lat="7.0345140" lon="125.4578530">
    <ele>207.0</ele>
    <time>2025-11-20T08:54:31Z</time>
   </trkpt>
   <trkpt lat="7.0345130" lon="125.4578730">
    <ele>206.7</ele>
    <time>2025-11-20T08:54:32Z</time>
   </trkpt>
   <trkpt lat="7.0345070" lon="125.4578730">
    <ele>206.7</ele>
    <time>2025-11-20T08:54:33Z</time>
   </trkpt>
   <trkpt lat="7.0345030" lon="125.4578790">
    <ele>206.6</ele>
    <time>2025-11-20T08:54:34Z</time>
   </trkpt>
   <trkpt lat="7.0344990" lon="125.4578890">
    <ele>206.4</ele>
    <time>2025-11-20T08:54:35Z</time>
   </trkpt>
   <trkpt lat="7.0345000" lon="125.4578970">
    <ele>206.3</ele>
    <time>2025-11-20T08:54:36Z</time>
   </trkpt>
   <trkpt lat="7.0345010" lon="125.4579070">
    <ele>206.2</ele>
    <time>2025-11-20T08:54:37Z</time>
   </trkpt>
   <trkpt lat="7.0345000" lon="125.4579130">
    <ele>206.1</ele>
    <time>2025-11-20T08:54:38Z</time>
   </trkpt>
   <trkpt lat="7.0345000" lon="125.4579160">
    <ele>206.1</ele>
    <time>2025-11-20T08:54:39Z</time>
   </trkpt>
   <trkpt lat="7.0345030" lon="125.4579290">
    <ele>205.9</ele>
    <time>2025-11-20T08:54:40Z</time>
   </trkpt>
   <trkpt lat="7.0345010" lon="125.4579360">
    <ele>205.8</ele>
    <time>2025-11-20T08:54:41Z</time>
   </trkpt>
   <trkpt lat="7.0344950" lon="125.4579440">
    <ele>205.7</ele>
    <time>2025-11-20T08:54:42Z</time>
   </trkpt>
   <trkpt lat="7.0344980" lon="125.4579600">
    <ele>205.5</ele>
    <time>2025-11-20T08:54:43Z</time>
   </trkpt>
   <trkpt lat="7.0344980" lon="125.4579670">
    <ele>205.4</ele>
    <time>2025-11-20T08:54:44Z</time>
   </trkpt>
   <trkpt lat="7.0345050" lon="125.4579720">
    <ele>205.3</ele>
    <time>2025-11-20T08:54:45Z</time>
   </trkpt>
   <trkpt lat="7.0345020" lon="125.4579740">
    <ele>205.2</ele>
    <time>2025-11-20T08:54:46Z</time>
   </trkpt>
   <trkpt lat="7.0344990" lon="125.4579810">
    <ele>205.1</ele>
    <time>2025-11-20T08:54:47Z</time>
   </trkpt>
   <trkpt lat="7.0344910" lon="125.4579860">
    <ele>205.0</ele>
    <time>2025-11-20T08:54:48Z</time>
   </trkpt>
   <trkpt lat="7.0344900" lon="125.4579930">
    <ele>204.9</ele>
    <time>2025-11-20T08:54:49Z</time>
   </trkpt>
   <trkpt lat="7.0344870" lon="125.4580020">
    <ele>204.8</ele>
    <time>2025-11-20T08:54:50Z</time>
   </trkpt>
   <trkpt lat="7.0344770" lon="125.4580050">
    <ele>204.7</ele>
    <time>2025-11-20T08:54:51Z</time>
   </trkpt>
   <trkpt lat="7.0344760" lon="125.4580180">
    <ele>204.5</ele>
    <time>2025-11-20T08:54:52Z</time>
   </trkpt>
   <trkpt lat="7.0344740" lon="125.4580350">
    <ele>204.2</ele>
    <time>2025-11-20T08:54:53Z</time>
   </trkpt>
   <trkpt lat="7.0344760" lon="125.4580410">
    <ele>204.2</ele>
    <time>2025-11-20T08:54:54Z</time>
   </trkpt>
   <trkpt lat="7.0344770" lon="125.4580480">
    <ele>204.1</ele>
    <time>2025-11-20T08:54:55Z</time>
   </trkpt>
   <trkpt lat="7.0344780" lon="125.4580550">
    <ele>204.0</ele>
    <time>2025-11-20T08:54:56Z</time>
   </trkpt>
   <trkpt lat="7.0344760" lon="125.4580630">
    <ele>203.8</ele>
    <time>2025-11-20T08:54:57Z</time>
   </trkpt>
   <trkpt lat="7.0344780" lon="125.4580710">
    <ele>203.7</ele>
    <time>2025-11-20T08:54:58Z</time>
   </trkpt>
   <trkpt lat="7.0344790" lon="125.4580770">
    <ele>203.6</ele>
    <time>2025-11-20T08:54:59Z</time>
   </trkpt>
   <trkpt lat="7.0344780" lon="125.4580890">
    <ele>203.5</ele>
    <time>2025-11-20T08:55:00Z</time>
   </trkpt>
   <trkpt lat="7.0344730" lon="125.4580910">
    <ele>203.4</ele>
    <time>2025-11-20T08:55:01Z</time>
   </trkpt>
   <trkpt lat="7.0344720" lon="125.4580920">
    <ele>203.3</ele>
    <time>2025-11-20T08:55:02Z</time>
   </trkpt>
   <trkpt lat="7.0344730" lon="125.4581080">
    <ele>203.1</ele>
    <time>2025-11-20T08:55:03Z</time>
   </trkpt>
   <trkpt lat="7.0344650" lon="125.4581190">
    <ele>202.9</ele>
    <time>2025-11-20T08:55:04Z</time>
   </trkpt>
   <trkpt lat="7.0344650" lon="125.4581420">
    <ele>202.5</ele>
    <time>2025-11-20T08:55:05Z</time>
   </trkpt>
   <trkpt lat="7.0344640" lon="125.4581500">
    <ele>202.4</ele>
    <time>2025-11-20T08:55:06Z</time>
   </trkpt>
   <trkpt lat="7.0344640" lon="125.4581570">
    <ele>202.3</ele>
    <time>2025-11-20T08:55:07Z</time>
   </trkpt>
   <trkpt lat="7.0344670" lon="125.4581720">
    <ele>202.1</ele>
    <time>2025-11-20T08:55:08Z</time>
   </trkpt>
   <trkpt lat="7.0344670" lon="125.4581800">
    <ele>202.0</ele>
    <time>2025-11-20T08:55:09Z</time>
   </trkpt>
   <trkpt lat="7.0344630" lon="125.4581870">
    <ele>201.8</ele>
    <time>2025-11-20T08:55:10Z</time>
   </trkpt>
   <trkpt lat="7.0344530" lon="125.4581970">
    <ele>201.6</ele>
    <time>2025-11-20T08:55:11Z</time>
   </trkpt>
   <trkpt lat="7.0344480" lon="125.4582040">
    <ele>201.5</ele>
    <time>2025-11-20T08:55:12Z</time>
   </trkpt>
   <trkpt lat="7.0344440" lon="125.4582120">
    <ele>201.3</ele>
    <time>2025-11-20T08:55:13Z</time>
   </trkpt>
   <trkpt lat="7.0344390" lon="125.4582190">
    <ele>201.2</ele>
    <time>2025-11-20T08:55:14Z</time>
   </trkpt>
   <trkpt lat="7.0344350" lon="125.4582260">
    <ele>201.1</ele>
    <time>2025-11-20T08:55:15Z</time>
   </trkpt>
   <trkpt lat="7.0344370" lon="125.4582390">
    <ele>200.9</ele>
    <time>2025-11-20T08:55:16Z</time>
   </trkpt>
   <trkpt lat="7.0344330" lon="125.4582520">
    <ele>200.7</ele>
    <time>2025-11-20T08:55:17Z</time>
   </trkpt>
   <trkpt lat="7.0344300" lon="125.4582680">
    <ele>200.5</ele>
    <time>2025-11-20T08:55:18Z</time>
   </trkpt>
   <trkpt lat="7.0344270" lon="125.4582730">
    <ele>200.4</ele>
    <time>2025-11-20T08:55:19Z</time>
   </trkpt>
   <trkpt lat="7.0344270" lon="125.4582840">
    <ele>200.2</ele>
    <time>2025-11-20T08:55:20Z</time>
   </trkpt>
   <trkpt lat="7.0344300" lon="125.4582970">
    <ele>200.0</ele>
    <time>2025-11-20T08:55:21Z</time>
   </trkpt>
   <trkpt lat="7.0344240" lon="125.4583020">
    <ele>199.9</ele>
    <time>2025-11-20T08:55:22Z</time>
   </trkpt>
   <trkpt lat="7.0344200" lon="125.4583040">
    <ele>199.8</ele>
    <time>2025-11-20T08:55:23Z</time>
   </trkpt>
   <trkpt lat="7.0344190" lon="125.4583190">
    <ele>199.6</ele>
    <time>2025-11-20T08:55:24Z</time>
   </trkpt>
   <trkpt lat="7.0344180" lon="125.4583310">
    <ele>199.4</ele>
    <time>2025-11-20T08:55:25Z</time>
   </trkpt>
   <trkpt lat="7.0344160" lon="125.4583380">
    <ele>199.3</ele>
    <time>2025-11-20T08:55:27Z</time>
   </trkpt>
   <trkpt lat="7.0344190" lon="125.4583450">
    <ele>199.2</ele>
    <time>2025-11-20T08:55:28Z</time>
   </trkpt>
   <trkpt lat="7.0344130" lon="125.4583440">
    <ele>199.1</ele>
    <time>2025-11-20T08:55:29Z</time>
   </trkpt>
   <trkpt lat="7.0344110" lon="125.4583510">
    <ele>199.0</ele>
    <time>2025-11-20T08:55:30Z</time>
   </trkpt>
   <trkpt lat="7.0344070" lon="125.4583540">
    <ele>199.0</ele>
    <time>2025-11-20T08:55:31Z</time>
   </trkpt>
   <trkpt lat="7.0344040" lon="125.4583590">
    <ele>198.9</ele>
    <time>2025-11-20T08:55:32Z</time>
   </trkpt>
   <trkpt lat="7.0344000" lon="125.4583670">
    <ele>198.7</ele>
    <time>2025-11-20T08:55:33Z</time>
   </trkpt>
   <trkpt lat="7.0343970" lon="125.4583760">
    <ele>198.6</ele>
    <time>2025-11-20T08:55:34Z</time>
   </trkpt>
   <trkpt lat="7.0343950" lon="125.4583860">
    <ele>198.5</ele>
    <time>2025-11-20T08:55:35Z</time>
   </trkpt>
   <trkpt lat="7.0343890" lon="125.4583850">
    <ele>198.4</ele>
    <time>2025-11-20T08:55:36Z</time>
   </trkpt>
   <trkpt lat="7.0343880" lon="125.4583930">
    <ele>198.3</ele>
    <time>2025-11-20T08:55:37Z</time>
   </trkpt>
   <trkpt lat="7.0343870" lon="125.4584060">
    <ele>198.1</ele>
    <time>2025-11-20T08:55:38Z</time>
   </trkpt>
   <trkpt lat="7.0343870" lon="125.4584120">
    <ele>198.0</ele>
    <time>2025-11-20T08:55:39Z</time>
   </trkpt>
   <trkpt lat="7.0343820" lon="125.4584260">
    <ele>197.8</ele>
    <time>2025-11-20T08:55:40Z</time>
   </trkpt>
   <trkpt lat="7.0343890" lon="125.4584400">
    <ele>197.5</ele>
    <time>2025-11-20T08:55:41Z</time>
   </trkpt>
   <trkpt lat="7.0343880" lon="125.4584480">
    <ele>197.4</ele>
    <time>2025-11-20T08:55:42Z</time>
   </trkpt>
   <trkpt lat="7.0343810" lon="125.4584590">
    <ele>197.2</ele>
    <time>2025-11-20T08:55:43Z</time>
   </trkpt>
   <trkpt lat="7.0343740" lon="125.4584710">
    <ele>197.0</ele>
    <time>2025-11-20T08:55:44Z</time>
   </trkpt>
   <trkpt lat="7.0343650" lon="125.4584920">
    <ele>196.7</ele>
    <time>2025-11-20T08:55:45Z</time>
   </trkpt>
   <trkpt lat="7.0343680" lon="125.4585040">
    <ele>196.5</ele>
    <time>2025-11-20T08:55:46Z</time>
   </trkpt>
   <trkpt lat="7.0343690" lon="125.4585120">
    <ele>196.4</ele>
    <time>2025-11-20T08:55:47Z</time>
   </trkpt>
   <trkpt lat="7.0343680" lon="125.4585070">
    <ele>196.3</ele>
    <time>2025-11-20T08:55:48Z</time>
   </trkpt>
   <trkpt lat="7.0343620" lon="125.4585080">
    <ele>196.2</ele>
    <time>2025-11-20T08:55:49Z</time>
   </trkpt>
   <trkpt lat="7.0343610" lon="125.4585110">
    <ele>196.2</ele>
    <time>2025-11-20T08:55:50Z</time>
   </trkpt>
   <trkpt lat="7.0343640" lon="125.4585120">
    <ele>196.1</ele>
    <time>2025-11-20T08:55:51Z</time>
   </trkpt>
   <trkpt lat="7.0343680" lon="125.4585250">
    <ele>195.9</ele>
    <time>2025-11-20T08:55:52Z</time>
   </trkpt>
   <trkpt lat="7.0343670" lon="125.4585360">
    <ele>195.8</ele>
    <time>2025-11-20T08:55:53Z</time>
   </trkpt>
   <trkpt lat="7.0343780" lon="125.4585490">
    <ele>195.5</ele>
    <time>2025-11-20T08:55:54Z</time>
   </trkpt>
   <trkpt lat="7.0343810" lon="125.4585520">
    <ele>195.5</ele>
    <time>2025-11-20T08:55:55Z</time>
   </trkpt>
   <trkpt lat="7.0343800" lon="125.4585540">
    <ele>195.4</ele>
    <time>2025-11-20T08:55:56Z</time>
   </trkpt>
   <trkpt lat="7.0343820" lon="125.4585640">
    <ele>195.3</ele>
    <time>2025-11-20T08:55:57Z</time>
   </trkpt>
   <trkpt lat="7.0343850" lon="125.4585780">
    <ele>195.1</ele>
    <time>2025-11-20T08:55:58Z</time>
   </trkpt>
   <trkpt lat="7.0343850" lon="125.4585880">
    <ele>194.9</ele>
    <time>2025-11-20T08:55:59Z</time>
   </trkpt>
   <trkpt lat="7.0343820" lon="125.4585970">
    <ele>194.8</ele>
    <time>2025-11-20T08:56:00Z</time>
   </trkpt>
   <trkpt lat="7.0343740" lon="125.4586080">
    <ele>194.6</ele>
    <time>2025-11-20T08:56:01Z</time>
   </trkpt>
   <trkpt lat="7.0343750" lon="125.4586100">
    <ele>194.5</ele>
    <time>2025-11-20T08:56:02Z</time>
   </trkpt>
   <trkpt lat="7.0343740" lon="125.4586180">
    <ele>194.4</ele>
    <time>2025-11-20T08:56:03Z</time>
   </trkpt>
   <trkpt lat="7.0343680" lon="125.4586250">
    <ele>194.3</ele>
    <time>2025-11-20T08:56:04Z</time>
   </trkpt>
   <trkpt lat="7.0343650" lon="125.4586310">
    <ele>194.2</ele>
    <time>2025-11-20T08:56:05Z</time>
   </trkpt>
   <trkpt lat="7.0343610" lon="125.4586370">
    <ele>194.1</ele>
    <time>2025-11-20T08:56:06Z</time>
   </trkpt>
   <trkpt lat="7.0343580" lon="125.4586430">
    <ele>194.0</ele>
    <time>2025-11-20T08:56:07Z</time>
   </trkpt>
   <trkpt lat="7.0343540" lon="125.4586490">
    <ele>193.9</ele>
    <time>2025-11-20T08:56:08Z</time>
   </trkpt>
   <trkpt lat="7.0343500" lon="125.4586580">
    <ele>193.7</ele>
    <time>2025-11-20T08:56:09Z</time>
   </trkpt>
   <trkpt lat="7.0343480" lon="125.4586650">
    <ele>193.6</ele>
    <time>2025-11-20T08:56:10Z</time>
   </trkpt>
   <trkpt lat="7.0343460" lon="125.4586740">
    <ele>193.5</ele>
    <time>2025-11-20T08:56:11Z</time>
   </trkpt>
   <trkpt lat="7.0343460" lon="125.4586830">
    <ele>193.4</ele>
    <time>2025-11-20T08:56:12Z</time>
   </trkpt>
   <trkpt lat="7.0343490" lon="125.4587030">
    <ele>193.1</ele>
    <time>2025-11-20T08:56:13Z</time>
   </trkpt>
   <trkpt lat="7.0343510" lon="125.4587150">
    <ele>192.9</ele>
    <time>2025-11-20T08:56:14Z</time>
   </trkpt>
   <trkpt lat="7.0343520" lon="125.4587260">
    <ele>192.7</ele>
    <time>2025-11-20T08:56:15Z</time>
   </trkpt>
   <trkpt lat="7.0343500" lon="125.4587330">
    <ele>192.6</ele>
    <time>2025-11-20T08:56:16Z</time>
   </trkpt>
   <trkpt lat="7.0343380" lon="125.4587360">
    <ele>192.5</ele>
    <time>2025-11-20T08:56:17Z</time>
   </trkpt>
   <trkpt lat="7.0343340" lon="125.4587460">
    <ele>192.3</ele>
    <time>2025-11-20T08:56:18Z</time>
   </trkpt>
   <trkpt lat="7.0343330" lon="125.4587560">
    <ele>192.2</ele>
    <time>2025-11-20T08:56:19Z</time>
   </trkpt>
   <trkpt lat="7.0343360" lon="125.4587560">
    <ele>192.1</ele>
    <time>2025-11-20T08:56:20Z</time>
   </trkpt>
   <trkpt lat="7.0343350" lon="125.4587750">
    <ele>191.9</ele>
    <time>2025-11-20T08:56:21Z</time>
   </trkpt>
   <trkpt lat="7.0343370" lon="125.4587860">
    <ele>191.7</ele>
    <time>2025-11-20T08:56:22Z</time>
   </trkpt>
   <trkpt lat="7.0343390" lon="125.4587950">
    <ele>191.6</ele>
    <time>2025-11-20T08:56:23Z</time>
   </trkpt>
   <trkpt lat="7.0343420" lon="125.4588070">
    <ele>191.4</ele>
    <time>2025-11-20T08:56:24Z</time>
   </trkpt>
   <trkpt lat="7.0343470" lon="125.4588180">
    <ele>191.2</ele>
    <time>2025-11-20T08:56:25Z</time>
   </trkpt>
   <trkpt lat="7.0343430" lon="125.4588280">
    <ele>191.1</ele>
    <time>2025-11-20T08:56:26Z</time>
   </trkpt>
   <trkpt lat="7.0343360" lon="125.4588400">
    <ele>190.9</ele>
    <time>2025-11-20T08:56:27Z</time>
   </trkpt>
   <trkpt lat="7.0343280" lon="125.4588470">
    <ele>190.7</ele>
    <time>2025-11-20T08:56:28Z</time>
   </trkpt>
   <trkpt lat="7.0343310" lon="125.4588640">
    <ele>190.5</ele>
    <time>2025-11-20T08:56:29Z</time>
   </trkpt>
   <trkpt lat="7.0343240" lon="125.4588790">
    <ele>190.3</ele>
    <time>2025-11-20T08:56:30Z</time>
   </trkpt>
   <trkpt lat="7.0343150" lon="125.4588820">
    <ele>190.2</ele>
    <time>2025-11-20T08:56:31Z</time>
   </trkpt>
   <trkpt lat="7.0343060" lon="125.4588900">
    <ele>190.0</ele>
    <time>2025-11-20T08:56:32Z</time>
   </trkpt>
   <trkpt lat="7.0343010" lon="125.4588930">
    <ele>190.0</ele>
    <time>2025-11-20T08:56:33Z</time>
   </trkpt>
   <trkpt lat="7.0342960" lon="125.4588920">
    <ele>189.9</ele>
    <time>2025-11-20T08:56:34Z</time>
   </trkpt>
   <trkpt lat="7.0342840" lon="125.4589020">
    <ele>189.7</ele>
    <time>2025-11-20T08:56:35Z</time>
   </trkpt>
   <trkpt lat="7.0342800" lon="125.4589080">
    <ele>189.6</ele>
    <time>2025-11-20T08:56:36Z</time>
   </trkpt>
   <trkpt lat="7.0342770" lon="125.4589140">
    <ele>189.5</ele>
    <time>2025-11-20T08:56:37Z</time>
   </trkpt>
   <trkpt lat="7.0342730" lon="125.4589200">
    <ele>189.4</ele>
    <time>2025-11-20T08:56:38Z</time>
   </trkpt>
   <trkpt lat="7.0342700" lon="125.4589260">
    <ele>189.3</ele>
    <time>2025-11-20T08:56:39Z</time>
   </trkpt>
   <trkpt lat="7.0342640" lon="125.4589330">
    <ele>189.2</ele>
    <time>2025-11-20T08:56:40Z</time>
   </trkpt>
   <trkpt lat="7.0342590" lon="125.4589390">
    <ele>189.1</ele>
    <time>2025-11-20T08:56:41Z</time>
   </trkpt>
   <trkpt lat="7.0342530" lon="125.4589380">
    <ele>189.0</ele>
    <time>2025-11-20T08:56:42Z</time>
   </trkpt>
   <trkpt lat="7.0342450" lon="125.4589380">
    <ele>188.9</ele>
    <time>2025-11-20T08:56:43Z</time>
   </trkpt>
   <trkpt lat="7.0342390" lon="125.4589410">
    <ele>188.8</ele>
    <time>2025-11-20T08:56:44Z</time>
   </trkpt>
   <trkpt lat="7.0342310" lon="125.4589450">
    <ele>188.7</ele>
    <time>2025-11-20T08:56:45Z</time>
   </trkpt>
   <trkpt lat="7.0342190" lon="125.4589510">
    <ele>188.5</ele>
    <time>2025-11-20T08:56:46Z</time>
   </trkpt>
   <trkpt lat="7.0342090" lon="125.4589560">
    <ele>188.4</ele>
    <time>2025-11-20T08:56:47Z</time>
   </trkpt>
   <trkpt lat="7.0342030" lon="125.4589640">
    <ele>188.3</ele>
    <time>2025-11-20T08:56:48Z</time>
   </trkpt>
   <trkpt lat="7.0341980" lon="125.4589760">
    <ele>188.1</ele>
    <time>2025-11-20T08:56:49Z</time>
   </trkpt>
   <trkpt lat="7.0341900" lon="125.4589860">
    <ele>187.9</ele>
    <time>2025-11-20T08:56:50Z</time>
   </trkpt>
   <trkpt lat="7.0341840" lon="125.4589920">
    <ele>187.8</ele>
    <time>2025-11-20T08:56:51Z</time>
   </trkpt>
   <trkpt lat="7.0341790" lon="125.4589970">
    <ele>187.7</ele>
    <time>2025-11-20T08:56:52Z</time>
   </trkpt>
   <trkpt lat="7.0341710" lon="125.4590140">
    <ele>187.5</ele>
    <time>2025-11-20T08:56:53Z</time>
   </trkpt>
   <trkpt lat="7.0341680" lon="125.4590230">
    <ele>187.3</ele>
    <time>2025-11-20T08:56:54Z</time>
   </trkpt>
   <trkpt lat="7.0341650" lon="125.4590320">
    <ele>187.2</ele>
    <time>2025-11-20T08:56:55Z</time>
   </trkpt>
   <trkpt lat="7.0341570" lon="125.4590380">
    <ele>187.1</ele>
    <time>2025-11-20T08:56:56Z</time>
   </trkpt>
   <trkpt lat="7.0341570" lon="125.4590380">
    <ele>187.1</ele>
    <time>2025-11-20T08:56:57Z</time>
   </trkpt>
   <trkpt lat="7.0341500" lon="125.4590540">
    <ele>186.8</ele>
    <time>2025-11-20T08:56:58Z</time>
   </trkpt>
   <trkpt lat="7.0341480" lon="125.4590570">
    <ele>186.8</ele>
    <time>2025-11-20T08:56:59Z</time>
   </trkpt>
   <trkpt lat="7.0341400" lon="125.4590650">
    <ele>186.6</ele>
    <time>2025-11-20T08:57:00Z</time>
   </trkpt>
   <trkpt lat="7.0341330" lon="125.4590730">
    <ele>186.5</ele>
    <time>2025-11-20T08:57:01Z</time>
   </trkpt>
   <trkpt lat="7.0341320" lon="125.4590780">
    <ele>186.4</ele>
    <time>2025-11-20T08:57:02Z</time>
   </trkpt>
   <trkpt lat="7.0341290" lon="125.4590880">
    <ele>186.3</ele>
    <time>2025-11-20T08:57:03Z</time>
   </trkpt>
   <trkpt lat="7.0341250" lon="125.4590960">
    <ele>186.2</ele>
    <time>2025-11-20T08:57:04Z</time>
   </trkpt>
   <trkpt lat="7.0341220" lon="125.4590990">
    <ele>186.1</ele>
    <time>2025-11-20T08:57:05Z</time>
   </trkpt>
   <trkpt lat="7.0341200" lon="125.4591030">
    <ele>186.1</ele>
    <time>2025-11-20T08:57:06Z</time>
   </trkpt>
   <trkpt lat="7.0341250" lon="125.4591110">
    <ele>185.9</ele>
    <time>2025-11-20T08:57:07Z</time>
   </trkpt>
   <trkpt lat="7.0341290" lon="125.4591230">
    <ele>185.8</ele>
    <time>2025-11-20T08:57:08Z</time>
   </trkpt>
   <trkpt lat="7.0341300" lon="125.4591240">
    <ele>185.7</ele>
    <time>2025-11-20T08:57:09Z</time>
   </trkpt>
   <trkpt lat="7.0341320" lon="125.4591320">
    <ele>185.6</ele>
    <time>2025-11-20T08:57:10Z</time>
   </trkpt>
   <trkpt lat="7.0341340" lon="125.4591390">
    <ele>185.5</ele>
    <time>2025-11-20T08:57:11Z</time>
   </trkpt>
   <trkpt lat="7.0341230" lon="125.4591400">
    <ele>185.4</ele>
    <time>2025-11-20T08:57:12Z</time>
   </trkpt>
   <trkpt lat="7.0341170" lon="125.4591380">
    <ele>185.3</ele>
    <time>2025-11-20T08:57:13Z</time>
   </trkpt>
   <trkpt lat="7.0341090" lon="125.4591450">
    <ele>185.2</ele>
    <time>2025-11-20T08:57:14Z</time>
   </trkpt>
   <trkpt lat="7.0341050" lon="125.4591500">
    <ele>185.1</ele>
    <time>2025-11-20T08:57:15Z</time>
   </trkpt>
   <trkpt lat="7.0341000" lon="125.4591550">
    <ele>185.0</ele>
    <time>2025-11-20T08:57:16Z</time>
   </trkpt>
   <trkpt lat="7.0341000" lon="125.4591570">
    <ele>185.0</ele>
    <time>2025-11-20T08:57:17Z</time>
   </trkpt>
   <trkpt lat="7.0340960" lon="125.4591680">
    <ele>184.8</ele>
    <time>2025-11-20T08:57:18Z</time>
   </trkpt>
   <trkpt lat="7.0340950" lon="125.4591780">
    <ele>184.7</ele>
    <time>2025-11-20T08:57:19Z</time>
   </trkpt>
   <trkpt lat="7.0340920" lon="125.4591870">
    <ele>184.6</ele>
    <time>2025-11-20T08:57:20Z</time>
   </trkpt>
   <trkpt lat="7.0340870" lon="125.4591980">
    <ele>184.4</ele>
    <time>2025-11-20T08:57:21Z</time>
   </trkpt>
   <trkpt lat="7.0340870" lon="125.4592070">
    <ele>184.3</ele>
    <time>2025-11-20T08:57:22Z</time>
   </trkpt>
   <trkpt lat="7.0340850" lon="125.4592300">
    <ele>184.0</ele>
    <time>2025-11-20T08:57:23Z</time>
   </trkpt>
   <trkpt lat="7.0340840" lon="125.4592400">
    <ele>183.9</ele>
    <time>2025-11-20T08:57:24Z</time>
   </trkpt>
   <trkpt lat="7.0340820" lon="125.4592490">
    <ele>183.8</ele>
    <time>2025-11-20T08:57:25Z</time>
   </trkpt>
   <trkpt lat="7.0340710" lon="125.4592480">
    <ele>183.6</ele>
    <time>2025-11-20T08:57:26Z</time>
   </trkpt>
   <trkpt lat="7.0340700" lon="125.4592670">
    <ele>183.4</ele>
    <time>2025-11-20T08:57:27Z</time>
   </trkpt>
   <trkpt lat="7.0340720" lon="125.4592730">
    <ele>183.3</ele>
    <time>2025-11-20T08:57:28Z</time>
   </trkpt>
   <trkpt lat="7.0340680" lon="125.4592830">
    <ele>183.2</ele>
    <time>2025-11-20T08:57:29Z</time>
   </trkpt>
   <trkpt lat="7.0340590" lon="125.4592900">
    <ele>183.0</ele>
    <time>2025-11-20T08:57:30Z</time>
   </trkpt>
   <trkpt lat="7.0340580" lon="125.4593030">
    <ele>182.9</ele>
    <time>2025-11-20T08:57:31Z</time>
   </trkpt>
   <trkpt lat="7.0340550" lon="125.4593140">
    <ele>182.7</ele>
    <time>2025-11-20T08:57:32Z</time>
   </trkpt>
   <trkpt lat="7.0340480" lon="125.4593280">
    <ele>182.5</ele>
    <time>2025-11-20T08:57:33Z</time>
   </trkpt>
   <trkpt lat="7.0340440" lon="125.4593350">
    <ele>182.4</ele>
    <time>2025-11-20T08:57:34Z</time>
   </trkpt>
   <trkpt lat="7.0340390" lon="125.4593410">
    <ele>182.3</ele>
    <time>2025-11-20T08:57:35Z</time>
   </trkpt>
   <trkpt lat="7.0340340" lon="125.4593470">
    <ele>182.2</ele>
    <time>2025-11-20T08:57:36Z</time>
   </trkpt>
   <trkpt lat="7.0340270" lon="125.4593560">
    <ele>182.1</ele>
    <time>2025-11-20T08:57:37Z</time>
   </trkpt>
   <trkpt lat="7.0340160" lon="125.4593700">
    <ele>181.9</ele>
    <time>2025-11-20T08:57:38Z</time>
   </trkpt>
   <trkpt lat="7.0340090" lon="125.4593720">
    <ele>181.8</ele>
    <time>2025-11-20T08:57:39Z</time>
   </trkpt>
   <trkpt lat="7.0340090" lon="125.4593820">
    <ele>181.7</ele>
    <time>2025-11-20T08:57:40Z</time>
   </trkpt>
   <trkpt lat="7.0340130" lon="125.4593850">
    <ele>181.6</ele>
    <time>2025-11-20T08:57:41Z</time>
   </trkpt>
   <trkpt lat="7.0340090" lon="125.4593950">
    <ele>181.5</ele>
    <time>2025-11-20T08:57:42Z</time>
   </trkpt>
   <trkpt lat="7.0340030" lon="125.4593980">
    <ele>181.4</ele>
    <time>2025-11-20T08:57:43Z</time>
   </trkpt>
   <trkpt lat="7.0339990" lon="125.4594120">
    <ele>181.2</ele>
    <time>2025-11-20T08:57:44Z</time>
   </trkpt>
   <trkpt lat="7.0339950" lon="125.4594180">
    <ele>181.1</ele>
    <time>2025-11-20T08:57:45Z</time>
   </trkpt>
   <trkpt lat="7.0339910" lon="125.4594310">
    <ele>181.0</ele>
    <time>2025-11-20T08:57:46Z</time>
   </trkpt>
   <trkpt lat="7.0339910" lon="125.4594410">
    <ele>180.8</ele>
    <time>2025-11-20T08:57:47Z</time>
   </trkpt>
   <trkpt lat="7.0339900" lon="125.4594550">
    <ele>180.7</ele>
    <time>2025-11-20T08:57:48Z</time>
   </trkpt>
   <trkpt lat="7.0339840" lon="125.4594620">
    <ele>180.6</ele>
    <time>2025-11-20T08:57:49Z</time>
   </trkpt>
   <trkpt lat="7.0339770" lon="125.4594710">
    <ele>180.4</ele>
    <time>2025-11-20T08:57:50Z</time>
   </trkpt>
   <trkpt lat="7.0339720" lon="125.4594750">
    <ele>180.4</ele>
    <time>2025-11-20T08:57:51Z</time>
   </trkpt>
   <trkpt lat="7.0339620" lon="125.4594840">
    <ele>180.2</ele>
    <time>2025-11-20T08:57:52Z</time>
   </trkpt>
   <trkpt lat="7.0339570" lon="125.4594920">
    <ele>180.1</ele>
    <time>2025-11-20T08:57:53Z</time>
   </trkpt>
   <trkpt lat="7.0339540" lon="125.4594950">
    <ele>180.1</ele>
    <time>2025-11-20T08:57:54Z</time>
   </trkpt>
   <trkpt lat="7.0339540" lon="125.4595110">
    <ele>179.9</ele>
    <time>2025-11-20T08:57:55Z</time>
   </trkpt>
   <trkpt lat="7.0339500" lon="125.4595230">
    <ele>179.8</ele>
    <time>2025-11-20T08:57:56Z</time>
   </trkpt>
   <trkpt lat="7.0339420" lon="125.4595290">
    <ele>179.7</ele>
    <time>2025-11-20T08:57:57Z</time>
   </trkpt>
   <trkpt lat="7.0339390" lon="125.4595360">
    <ele>179.6</ele>
    <time>2025-11-20T08:57:58Z</time>
   </trkpt>
   <trkpt lat="7.0339390" lon="125.4595460">
    <ele>179.5</ele>
    <time>2025-11-20T08:57:59Z</time>
   </trkpt>
   <trkpt lat="7.0339410" lon="125.4595570">
    <ele>179.4</ele>
    <time>2025-11-20T08:58:00Z</time>
   </trkpt>
   <trkpt lat="7.0339420" lon="125.4595680">
    <ele>179.3</ele>
    <time>2025-11-20T08:58:01Z</time>
   </trkpt>
   <trkpt lat="7.0339430" lon="125.4595870">
    <ele>179.1</ele>
    <time>2025-11-20T08:58:02Z</time>
   </trkpt>
   <trkpt lat="7.0339450" lon="125.4596000">
    <ele>179.0</ele>
    <time>2025-11-20T08:58:03Z</time>
   </trkpt>
   <trkpt lat="7.0339460" lon="125.4596130">
    <ele>178.8</ele>
    <time>2025-11-20T08:58:04Z</time>
   </trkpt>
   <trkpt lat="7.0339470" lon="125.4596210">
    <ele>178.8</ele>
    <time>2025-11-20T08:58:05Z</time>
   </trkpt>
   <trkpt lat="7.0339470" lon="125.4596310">
    <ele>178.7</ele>
    <time>2025-11-20T08:58:06Z</time>
   </trkpt>
   <trkpt lat="7.0339440" lon="125.4596440">
    <ele>178.5</ele>
    <time>2025-11-20T08:58:07Z</time>
   </trkpt>
   <trkpt lat="7.0339380" lon="125.4596550">
    <ele>178.4</ele>
    <time>2025-11-20T08:58:08Z</time>
   </trkpt>
   <trkpt lat="7.0339380" lon="125.4596580">
    <ele>178.4</ele>
    <time>2025-11-20T08:58:09Z</time>
   </trkpt>
   <trkpt lat="7.0339320" lon="125.4596640">
    <ele>178.3</ele>
    <time>2025-11-20T08:58:10Z</time>
   </trkpt>
   <trkpt lat="7.0339260" lon="125.4596700">
    <ele>178.2</ele>
    <time>2025-11-20T08:58:11Z</time>
   </trkpt>
   <trkpt lat="7.0339190" lon="125.4596810">
    <ele>178.1</ele>
    <time>2025-11-20T08:58:12Z</time>
   </trkpt>
   <trkpt lat="7.0339170" lon="125.4596820">
    <ele>178.1</ele>
    <time>2025-11-20T08:58:13Z</time>
   </trkpt>
   <trkpt lat="7.0339170" lon="125.4596780">
    <ele>178.1</ele>
    <time>2025-11-20T08:58:14Z</time>
   </trkpt>
   <trkpt lat="7.0339080" lon="125.4596970">
    <ele>177.9</ele>
    <time>2025-11-20T08:58:15Z</time>
   </trkpt>
   <trkpt lat="7.0339050" lon="125.4597080">
    <ele>177.8</ele>
    <time>2025-11-20T08:58:16Z</time>
   </trkpt>
   <trkpt lat="7.0339030" lon="125.4597160">
    <ele>177.7</ele>
    <time>2025-11-20T08:58:17Z</time>
   </trkpt>
   <trkpt lat="7.0338990" lon="125.4597240">
    <ele>177.6</ele>
    <time>2025-11-20T08:58:18Z</time>
   </trkpt>
   <trkpt lat="7.0338890" lon="125.4597300">
    <ele>177.5</ele>
    <time>2025-11-20T08:58:19Z</time>
   </trkpt>
   <trkpt lat="7.0338830" lon="125.4597350">
    <ele>177.5</ele>
    <time>2025-11-20T08:58:20Z</time>
   </trkpt>
   <trkpt lat="7.0338750" lon="125.4597400">
    <ele>177.4</ele>
    <time>2025-11-20T08:58:21Z</time>
   </trkpt>
   <trkpt lat="7.0338640" lon="125.4597490">
    <ele>177.3</ele>
    <time>2025-11-20T08:58:22Z</time>
   </trkpt>
   <trkpt lat="7.0338510" lon="125.4597600">
    <ele>177.1</ele>
    <time>2025-11-20T08:58:23Z</time>
   </trkpt>
   <trkpt lat="7.0338440" lon="125.4597810">
    <ele>177.0</ele>
    <time>2025-11-20T08:58:24Z</time>
   </trkpt>
   <trkpt lat="7.0338420" lon="125.4597900">
    <ele>176.9</ele>
    <time>2025-11-20T08:58:25Z</time>
   </trkpt>
   <trkpt lat="7.0338390" lon="125.4597980">
    <ele>176.8</ele>
    <time>2025-11-20T08:58:26Z</time>
   </trkpt>
   <trkpt lat="7.0338320" lon="125.4598070">
    <ele>176.7</ele>
    <time>2025-11-20T08:58:27Z</time>
   </trkpt>
   <trkpt lat="7.0338260" lon="125.4598180">
    <ele>176.7</ele>
    <time>2025-11-20T08:58:28Z</time>
   </trkpt>
   <trkpt lat="7.0338250" lon="125.4598250">
    <ele>176.6</ele>
    <time>2025-11-20T08:58:29Z</time>
   </trkpt>
   <trkpt lat="7.0338170" lon="125.4598470">
    <ele>176.4</ele>
    <time>2025-11-20T08:58:30Z</time>
   </trkpt>
   <trkpt lat="7.0338110" lon="125.4598560">
    <ele>176.4</ele>
    <time>2025-11-20T08:58:31Z</time>
   </trkpt>
   <trkpt lat="7.0338060" lon="125.4598650">
    <ele>176.3</ele>
    <time>2025-11-20T08:58:32Z</time>
   </trkpt>
   <trkpt lat="7.0338050" lon="125.4598690">
    <ele>176.3</ele>
    <time>2025-11-20T08:58:33Z</time>
   </trkpt>
   <trkpt lat="7.0338020" lon="125.4598800">
    <ele>176.2</ele>
    <time>2025-11-20T08:58:34Z</time>
   </trkpt>
   <trkpt lat="7.0337960" lon="125.4598920">
    <ele>176.1</ele>
    <time>2025-11-20T08:58:35Z</time>
   </trkpt>
   <trkpt lat="7.0337880" lon="125.4599050">
    <ele>176.0</ele>
    <time>2025-11-20T08:58:36Z</time>
   </trkpt>
   <trkpt lat="7.0337850" lon="125.4599140">
    <ele>175.9</ele>
    <time>2025-11-20T08:58:37Z</time>
   </trkpt>
   <trkpt lat="7.0337820" lon="125.4599210">
    <ele>175.8</ele>
    <time>2025-11-20T08:58:38Z</time>
   </trkpt>
   <trkpt lat="7.0337730" lon="125.4599350">
    <ele>175.7</ele>
    <time>2025-11-20T08:58:39Z</time>
   </trkpt>
   <trkpt lat="7.0337700" lon="125.4599410">
    <ele>175.7</ele>
    <time>2025-11-20T08:58:40Z</time>
   </trkpt>
   <trkpt lat="7.0337670" lon="125.4599480">
    <ele>175.6</ele>
    <time>2025-11-20T08:58:41Z</time>
   </trkpt>
   <trkpt lat="7.0337640" lon="125.4599540">
    <ele>175.6</ele>
    <time>2025-11-20T08:58:42Z</time>
   </trkpt>
   <trkpt lat="7.0337570" lon="125.4599700">
    <ele>175.4</ele>
    <time>2025-11-20T08:58:43Z</time>
   </trkpt>
   <trkpt lat="7.0337530" lon="125.4599800">
    <ele>175.4</ele>
    <time>2025-11-20T08:58:44Z</time>
   </trkpt>
   <trkpt lat="7.0337480" lon="125.4599890">
    <ele>175.3</ele>
    <time>2025-11-20T08:58:45Z</time>
   </trkpt>
   <trkpt lat="7.0337440" lon="125.4600040">
    <ele>175.2</ele>
    <time>2025-11-20T08:58:46Z</time>
   </trkpt>
   <trkpt lat="7.0337340" lon="125.4600130">
    <ele>175.1</ele>
    <time>2025-11-20T08:58:47Z</time>
   </trkpt>
   <trkpt lat="7.0337290" lon="125.4600320">
    <ele>174.9</ele>
    <time>2025-11-20T08:58:48Z</time>
   </trkpt>
   <trkpt lat="7.0337270" lon="125.4600420">
    <ele>174.9</ele>
    <time>2025-11-20T08:58:49Z</time>
   </trkpt>
   <trkpt lat="7.0337240" lon="125.4600520">
    <ele>174.8</ele>
    <time>2025-11-20T08:58:50Z</time>
   </trkpt>
   <trkpt lat="7.0337060" lon="125.4600720">
    <ele>174.6</ele>
    <time>2025-11-20T08:58:51Z</time>
   </trkpt>
   <trkpt lat="7.0337020" lon="125.4600770">
    <ele>174.6</ele>
    <time>2025-11-20T08:58:52Z</time>
   </trkpt>
   <trkpt lat="7.0336970" lon="125.4600820">
    <ele>174.5</ele>
    <time>2025-11-20T08:58:53Z</time>
   </trkpt>
   <trkpt lat="7.0336920" lon="125.4600970">
    <ele>174.4</ele>
    <time>2025-11-20T08:58:54Z</time>
   </trkpt>
   <trkpt lat="7.0336840" lon="125.4601100">
    <ele>174.3</ele>
    <time>2025-11-20T08:58:55Z</time>
   </trkpt>
   <trkpt lat="7.0336870" lon="125.4601160">
    <ele>174.3</ele>
    <time>2025-11-20T08:58:56Z</time>
   </trkpt>
   <trkpt lat="7.0336760" lon="125.4601190">
    <ele>174.2</ele>
    <time>2025-11-20T08:58:57Z</time>
   </trkpt>
   <trkpt lat="7.0336650" lon="125.4601260">
    <ele>174.1</ele>
    <time>2025-11-20T08:58:58Z</time>
   </trkpt>
   <trkpt lat="7.0336700" lon="125.4601300">
    <ele>174.0</ele>
    <time>2025-11-20T08:58:59Z</time>
   </trkpt>
   <trkpt lat="7.0336650" lon="125.4601340">
    <ele>174.0</ele>
    <time>2025-11-20T08:59:00Z</time>
   </trkpt>
   <trkpt lat="7.0336570" lon="125.4601410">
    <ele>173.9</ele>
    <time>2025-11-20T08:59:01Z</time>
   </trkpt>
   <trkpt lat="7.0336480" lon="125.4601480">
    <ele>173.8</ele>
    <time>2025-11-20T08:59:02Z</time>
   </trkpt>
   <trkpt lat="7.0336430" lon="125.4601600">
    <ele>173.8</ele>
    <time>2025-11-20T08:59:03Z</time>
   </trkpt>
   <trkpt lat="7.0336420" lon="125.4601700">
    <ele>173.7</ele>
    <time>2025-11-20T08:59:04Z</time>
   </trkpt>
   <trkpt lat="7.0336470" lon="125.4601700">
    <ele>173.7</ele>
    <time>2025-11-20T08:59:05Z</time>
   </trkpt>
   <trkpt lat="7.0336430" lon="125.4601860">
    <ele>173.5</ele>
    <time>2025-11-20T08:59:06Z</time>
   </trkpt>
   <trkpt lat="7.0336370" lon="125.4601900">
    <ele>173.5</ele>
    <time>2025-11-20T08:59:07Z</time>
   </trkpt>
   <trkpt lat="7.0336340" lon="125.4601810">
    <ele>173.4</ele>
    <time>2025-11-20T08:59:08Z</time>
   </trkpt>
   <trkpt lat="7.0336310" lon="125.4601810">
    <ele>173.4</ele>
    <time>2025-11-20T08:59:09Z</time>
   </trkpt>
   <trkpt lat="7.0336290" lon="125.4601800">
    <ele>173.4</ele>
    <time>2025-11-20T08:59:10Z</time>
   </trkpt>
   <trkpt lat="7.0336260" lon="125.4601790">
    <ele>173.4</ele>
    <time>2025-11-20T08:59:11Z</time>
   </trkpt>
   <trkpt lat="7.0336240" lon="125.4601790">
    <ele>173.4</ele>
    <time>2025-11-20T08:59:12Z</time>
   </trkpt>
   <trkpt lat="7.0336210" lon="125.4601780">
    <ele>173.3</ele>
    <time>2025-11-20T08:59:13Z</time>
   </trkpt>
   <trkpt lat="7.0336190" lon="125.4601780">
    <ele>173.3</ele>
    <time>2025-11-20T08:59:14Z</time>
   </trkpt>
   <trkpt lat="7.0336170" lon="125.4601770">
    <ele>173.3</ele>
    <time>2025-11-20T08:59:15Z</time>
   </trkpt>
   <trkpt lat="7.0336140" lon="125.4601760">
    <ele>173.3</ele>
    <time>2025-11-20T08:59:16Z</time>
   </trkpt>
   <trkpt lat="7.0336120" lon="125.4601760">
    <ele>173.3</ele>
    <time>2025-11-20T08:59:17Z</time>
   </trkpt>
   <trkpt lat="7.0336090" lon="125.4601750">
    <ele>173.2</ele>
    <time>2025-11-20T08:59:18Z</time>
   </trkpt>
   <trkpt lat="7.0336070" lon="125.4601740">
    <ele>173.2</ele>
    <time>2025-11-20T08:59:19Z</time>
   </trkpt>
   <trkpt lat="7.0336040" lon="125.4601740">
    <ele>173.2</ele>
    <time>2025-11-20T08:59:20Z</time>
   </trkpt>
   <trkpt lat="7.0336020" lon="125.4601730">
    <ele>173.2</ele>
    <time>2025-11-20T08:59:21Z</time>
   </trkpt>
   <trkpt lat="7.0335990" lon="125.4601730">
    <ele>173.2</ele>
    <time>2025-11-20T08:59:22Z</time>
   </trkpt>
   <trkpt lat="7.0335970" lon="125.4601720">
    <ele>173.2</ele>
    <time>2025-11-20T08:59:23Z</time>
   </trkpt>
   <trkpt lat="7.0335950" lon="125.4601730">
    <ele>173.1</ele>
    <time>2025-11-20T08:59:24Z</time>
   </trkpt>
   <trkpt lat="7.0335960" lon="125.4601730">
    <ele>173.1</ele>
    <time>2025-11-20T08:59:25Z</time>
   </trkpt>
   <trkpt lat="7.0335960" lon="125.4601730">
    <ele>173.1</ele>
    <time>2025-11-20T08:59:26Z</time>
   </trkpt>
   <trkpt lat="7.0335960" lon="125.4601730">
    <ele>173.1</ele>
    <time>2025-11-20T08:59:27Z</time>
   </trkpt>
   <trkpt lat="7.0335960" lon="125.4601730">
    <ele>173.1</ele>
    <time>2025-11-20T08:59:28Z</time>
   </trkpt>
   <trkpt lat="7.0335960" lon="125.4601730">
    <ele>173.1</ele>
    <time>2025-11-20T08:59:29Z</time>
   </trkpt>
   <trkpt lat="7.0335960" lon="125.4601730">
    <ele>173.1</ele>
    <time>2025-11-20T08:59:30Z</time>
   </trkpt>
   <trkpt lat="7.0335960" lon="125.4601730">
    <ele>173.1</ele>
    <time>2025-11-20T08:59:31Z</time>
   </trkpt>
   <trkpt lat="7.0335960" lon="125.4601730">
    <ele>173.1</ele>
    <time>2025-11-20T08:59:32Z</time>
   </trkpt>
   <trkpt lat="7.0335960" lon="125.4601730">
    <ele>173.1</ele>
    <time>2025-11-20T08:59:33Z</time>
   </trkpt>
   <trkpt lat="7.0335960" lon="125.4601730">
    <ele>173.1</ele>
    <time>2025-11-20T08:59:34Z</time>
   </trkpt>
   <trkpt lat="7.0335960" lon="125.4601730">
    <ele>173.1</ele>
    <time>2025-11-20T08:59:35Z</time>
   </trkpt>
   <trkpt lat="7.0336010" lon="125.4601750">
    <ele>173.1</ele>
    <time>2025-11-20T08:59:36Z</time>
   </trkpt>
   <trkpt lat="7.0336000" lon="125.4601750">
    <ele>173.1</ele>
    <time>2025-11-20T08:59:37Z</time>
   </trkpt>
   <trkpt lat="7.0336000" lon="125.4601750">
    <ele>173.1</ele>
    <time>2025-11-20T08:59:38Z</time>
   </trkpt>
   <trkpt lat="7.0336000" lon="125.4601770">
    <ele>173.1</ele>
    <time>2025-11-20T08:59:39Z</time>
   </trkpt>
   <trkpt lat="7.0335970" lon="125.4601770">
    <ele>173.1</ele>
    <time>2025-11-20T08:59:40Z</time>
   </trkpt>
   <trkpt lat="7.0335970" lon="125.4601770">
    <ele>173.1</ele>
    <time>2025-11-20T08:59:41Z</time>
   </trkpt>
   <trkpt lat="7.0335970" lon="125.4601770">
    <ele>173.1</ele>
    <time>2025-11-20T08:59:42Z</time>
   </trkpt>
   <trkpt lat="7.0335970" lon="125.4601770">
    <ele>173.1</ele>
    <time>2025-11-20T08:59:43Z</time>
   </trkpt>
   <trkpt lat="7.0335970" lon="125.4601770">
    <ele>173.1</ele>
    <time>2025-11-20T08:59:44Z</time>
   </trkpt>
   <trkpt lat="7.0335970" lon="125.4601770">
    <ele>173.1</ele>
    <time>2025-11-20T08:59:45Z</time>
   </trkpt>
   <trkpt lat="7.0335970" lon="125.4601770">
    <ele>173.1</ele>
    <time>2025-11-20T08:59:46Z</time>
   </trkpt>
   <trkpt lat="7.0335970" lon="125.4601770">
    <ele>173.1</ele>
    <time>2025-11-20T08:59:47Z</time>
   </trkpt>
   <trkpt lat="7.0335970" lon="125.4601770">
    <ele>173.1</ele>
    <time>2025-11-20T08:59:48Z</time>
   </trkpt>
   <trkpt lat="7.0335970" lon="125.4601770">
    <ele>173.1</ele>
    <time>2025-11-20T08:59:49Z</time>
   </trkpt>
   <trkpt lat="7.0335970" lon="125.4601770">
    <ele>173.1</ele>
    <time>2025-11-20T08:59:50Z</time>
   </trkpt>
   <trkpt lat="7.0335970" lon="125.4601770">
    <ele>173.1</ele>
    <time>2025-11-20T08:59:51Z</time>
   </trkpt>
   <trkpt lat="7.0335970" lon="125.4601770">
    <ele>173.1</ele>
    <time>2025-11-20T08:59:52Z</time>
   </trkpt>
   <trkpt lat="7.0335970" lon="125.4601770">
    <ele>173.1</ele>
    <time>2025-11-20T08:59:53Z</time>
   </trkpt>
   <trkpt lat="7.0335970" lon="125.4601770">
    <ele>173.1</ele>
    <time>2025-11-20T08:59:54Z</time>
   </trkpt>
   <trkpt lat="7.0335970" lon="125.4601770">
    <ele>173.1</ele>
    <time>2025-11-20T08:59:55Z</time>
   </trkpt>
   <trkpt lat="7.0335890" lon="125.4601640">
    <ele>173.0</ele>
    <time>2025-11-20T08:59:56Z</time>
   </trkpt>
   <trkpt lat="7.0335910" lon="125.4601620">
    <ele>172.9</ele>
    <time>2025-11-20T08:59:57Z</time>
   </trkpt>
   <trkpt lat="7.0335910" lon="125.4601620">
    <ele>172.9</ele>
    <time>2025-11-20T08:59:58Z</time>
   </trkpt>
   <trkpt lat="7.0335910" lon="125.4601620">
    <ele>172.9</ele>
    <time>2025-11-20T08:59:59Z</time>
   </trkpt>
   <trkpt lat="7.0335910" lon="125.4601620">
    <ele>172.9</ele>
    <time>2025-11-20T09:00:00Z</time>
   </trkpt>
   <trkpt lat="7.0335910" lon="125.4601620">
    <ele>172.9</ele>
    <time>2025-11-20T09:00:01Z</time>
   </trkpt>
   <trkpt lat="7.0335950" lon="125.4601610">
    <ele>172.9</ele>
    <time>2025-11-20T09:00:02Z</time>
   </trkpt>
   <trkpt lat="7.0335920" lon="125.4601610">
    <ele>172.9</ele>
    <time>2025-11-20T09:00:03Z</time>
   </trkpt>
   <trkpt lat="7.0335890" lon="125.4601640">
    <ele>172.9</ele>
    <time>2025-11-20T09:00:04Z</time>
   </trkpt>
   <trkpt lat="7.0335890" lon="125.4601640">
    <ele>172.9</ele>
    <time>2025-11-20T09:00:05Z</time>
   </trkpt>
   <trkpt lat="7.0335890" lon="125.4601640">
    <ele>172.9</ele>
    <time>2025-11-20T09:00:06Z</time>
   </trkpt>
   <trkpt lat="7.0335890" lon="125.4601640">
    <ele>172.9</ele>
    <time>2025-11-20T09:00:07Z</time>
   </trkpt>
   <trkpt lat="7.0335890" lon="125.4601640">
    <ele>172.9</ele>
    <time>2025-11-20T09:00:08Z</time>
   </trkpt>
   <trkpt lat="7.0335890" lon="125.4601640">
    <ele>172.9</ele>
    <time>2025-11-20T09:00:09Z</time>
   </trkpt>
   <trkpt lat="7.0335890" lon="125.4601640">
    <ele>172.9</ele>
    <time>2025-11-20T09:00:10Z</time>
   </trkpt>
   <trkpt lat="7.0335890" lon="125.4601640">
    <ele>172.9</ele>
    <time>2025-11-20T09:00:11Z</time>
   </trkpt>
   <trkpt lat="7.0335890" lon="125.4601640">
    <ele>172.9</ele>
    <time>2025-11-20T09:00:12Z</time>
   </trkpt>
   <trkpt lat="7.0335620" lon="125.4601810">
    <ele>172.6</ele>
    <time>2025-11-20T09:00:13Z</time>
   </trkpt>
   <trkpt lat="7.0335620" lon="125.4601810">
    <ele>172.6</ele>
    <time>2025-11-20T09:00:14Z</time>
   </trkpt>
   <trkpt lat="7.0335620" lon="125.4601810">
    <ele>172.6</ele>
    <time>2025-11-20T09:00:15Z</time>
   </trkpt>
   <trkpt lat="7.0335620" lon="125.4601810">
    <ele>172.6</ele>
    <time>2025-11-20T09:00:16Z</time>
   </trkpt>
   <trkpt lat="7.0335620" lon="125.4601810">
    <ele>172.6</ele>
    <time>2025-11-20T09:00:17Z</time>
   </trkpt>
   <trkpt lat="7.0335620" lon="125.4601810">
    <ele>172.6</ele>
    <time>2025-11-20T09:00:18Z</time>
   </trkpt>
   <trkpt lat="7.0335520" lon="125.4601870">
    <ele>172.6</ele>
    <time>2025-11-20T09:00:19Z</time>
   </trkpt>
   <trkpt lat="7.0335520" lon="125.4601870">
    <ele>172.6</ele>
    <time>2025-11-20T09:00:20Z</time>
   </trkpt>
   <trkpt lat="7.0335520" lon="125.4601870">
    <ele>172.6</ele>
    <time>2025-11-20T09:00:21Z</time>
   </trkpt>
   <trkpt lat="7.0335520" lon="125.4601870">
    <ele>172.6</ele>
    <time>2025-11-20T09:00:22Z</time>
   </trkpt>
   <trkpt lat="7.0335520" lon="125.4601870">
    <ele>172.6</ele>
    <time>2025-11-20T09:00:23Z</time>
   </trkpt>
   <trkpt lat="7.0335520" lon="125.4601870">
    <ele>172.6</ele>
    <time>2025-11-20T09:00:24Z</time>
   </trkpt>
   <trkpt lat="7.0335520" lon="125.4601870">
    <ele>172.6</ele>
    <time>2025-11-20T09:00:25Z</time>
   </trkpt>
   <trkpt lat="7.0335520" lon="125.4601870">
    <ele>172.6</ele>
    <time>2025-11-20T09:00:26Z</time>
   </trkpt>
   <trkpt lat="7.0335520" lon="125.4601870">
    <ele>172.6</ele>
    <time>2025-11-20T09:00:27Z</time>
   </trkpt>
   <trkpt lat="7.0335520" lon="125.4601870">
    <ele>172.6</ele>
    <time>2025-11-20T09:00:28Z</time>
   </trkpt>
   <trkpt lat="7.0335520" lon="125.4601870">
    <ele>172.6</ele>
    <time>2025-11-20T09:00:29Z</time>
   </trkpt>
   <trkpt lat="7.0335520" lon="125.4601870">
    <ele>172.6</ele>
    <time>2025-11-20T09:00:30Z</time>
   </trkpt>
   <trkpt lat="7.0335520" lon="125.4601870">
    <ele>172.6</ele>
    <time>2025-11-20T09:00:31Z</time>
   </trkpt>
   <trkpt lat="7.0335520" lon="125.4601870">
    <ele>172.6</ele>
    <time>2025-11-20T09:00:32Z</time>
   </trkpt>
   <trkpt lat="7.0335600" lon="125.4601840">
    <ele>172.5</ele>
    <time>2025-11-20T09:00:33Z</time>
   </trkpt>
   <trkpt lat="7.0335610" lon="125.4601820">
    <ele>172.5</ele>
    <time>2025-11-20T09:00:34Z</time>
   </trkpt>
   <trkpt lat="7.0335800" lon="125.4601850">
    <ele>172.3</ele>
    <time>2025-11-20T09:00:35Z</time>
   </trkpt>
   <trkpt lat="7.0335960" lon="125.4601780">
    <ele>172.2</ele>
    <time>2025-11-20T09:00:36Z</time>
   </trkpt>
   <trkpt lat="7.0335950" lon="125.4601780">
    <ele>172.2</ele>
    <time>2025-11-20T09:00:37Z</time>
   </trkpt>
   <trkpt lat="7.0335770" lon="125.4601840">
    <ele>172.1</ele>
    <time>2025-11-20T09:00:38Z</time>
   </trkpt>
   <trkpt lat="7.0335900" lon="125.4601820">
    <ele>172.0</ele>
    <time>2025-11-20T09:00:39Z</time>
   </trkpt>
   <trkpt lat="7.0335840" lon="125.4601830">
    <ele>172.0</ele>
    <time>2025-11-20T09:00:40Z</time>
   </trkpt>
   <trkpt lat="7.0335840" lon="125.4601830">
    <ele>172.0</ele>
    <time>2025-11-20T09:00:41Z</time>
   </trkpt>
   <trkpt lat="7.0335840" lon="125.4601830">
    <ele>172.0</ele>
    <time>2025-11-20T09:00:42Z</time>
   </trkpt>
   <trkpt lat="7.0335840" lon="125.4601830">
    <ele>172.0</ele>
    <time>2025-11-20T09:00:43Z</time>
   </trkpt>
   <trkpt lat="7.0335780" lon="125.4601880">
    <ele>171.9</ele>
    <time>2025-11-20T09:00:44Z</time>
   </trkpt>
   <trkpt lat="7.0335810" lon="125.4601810">
    <ele>171.8</ele>
    <time>2025-11-20T09:00:45Z</time>
   </trkpt>
   <trkpt lat="7.0335890" lon="125.4601750">
    <ele>171.8</ele>
    <time>2025-11-20T09:00:46Z</time>
   </trkpt>
   <trkpt lat="7.0335930" lon="125.4601780">
    <ele>171.7</ele>
    <time>2025-11-20T09:00:47Z</time>
   </trkpt>
   <trkpt lat="7.0335920" lon="125.4601770">
    <ele>171.7</ele>
    <time>2025-11-20T09:00:48Z</time>
   </trkpt>
   <trkpt lat="7.0335930" lon="125.4601770">
    <ele>171.7</ele>
    <time>2025-11-20T09:00:49Z</time>
   </trkpt>
   <trkpt lat="7.0335930" lon="125.4601770">
    <ele>171.7</ele>
    <time>2025-11-20T09:00:50Z</time>
   </trkpt>
   <trkpt lat="7.0335930" lon="125.4601770">
    <ele>171.7</ele>
    <time>2025-11-20T09:00:51Z</time>
   </trkpt>
   <trkpt lat="7.0335930" lon="125.4601770">
    <ele>171.7</ele>
    <time>2025-11-20T09:00:52Z</time>
   </trkpt>
   <trkpt lat="7.0335930" lon="125.4601770">
    <ele>171.7</ele>
    <time>2025-11-20T09:00:53Z</time>
   </trkpt>
   <trkpt lat="7.0335930" lon="125.4601770">
    <ele>171.7</ele>
    <time>2025-11-20T09:00:54Z</time>
   </trkpt>
   <trkpt lat="7.0335930" lon="125.4601770">
    <ele>171.7</ele>
    <time>2025-11-20T09:00:55Z</time>
   </trkpt>
   <trkpt lat="7.0335930" lon="125.4601770">
    <ele>171.7</ele>
    <time>2025-11-20T09:00:56Z</time>
   </trkpt>
   <trkpt lat="7.0336050" lon="125.4601790">
    <ele>171.6</ele>
    <time>2025-11-20T09:00:57Z</time>
   </trkpt>
   <trkpt lat="7.0336080" lon="125.4601780">
    <ele>171.6</ele>
    <time>2025-11-20T09:00:58Z</time>
   </trkpt>
   <trkpt lat="7.0336120" lon="125.4601780">
    <ele>171.6</ele>
    <time>2025-11-20T09:00:59Z</time>
   </trkpt>
   <trkpt lat="7.0336090" lon="125.4601760">
    <ele>171.6</ele>
    <time>2025-11-20T09:01:00Z</time>
   </trkpt>
   <trkpt lat="7.0336180" lon="125.4601730">
    <ele>171.5</ele>
    <time>2025-11-20T09:01:01Z</time>
   </trkpt>
   <trkpt lat="7.0336170" lon="125.4601760">
    <ele>171.5</ele>
    <time>2025-11-20T09:01:02Z</time>
   </trkpt>
   <trkpt lat="7.0336200" lon="125.4601750">
    <ele>171.5</ele>
    <time>2025-11-20T09:01:03Z</time>
   </trkpt>
   <trkpt lat="7.0336140" lon="125.4601740">
    <ele>171.4</ele>
    <time>2025-11-20T09:01:04Z</time>
   </trkpt>
   <trkpt lat="7.0336150" lon="125.4601770">
    <ele>171.4</ele>
    <time>2025-11-20T09:01:05Z</time>
   </trkpt>
   <trkpt lat="7.0336150" lon="125.4601780">
    <ele>171.4</ele>
    <time>2025-11-20T09:01:06Z</time>
   </trkpt>
   <trkpt lat="7.0336170" lon="125.4601740">
    <ele>171.4</ele>
    <time>2025-11-20T09:01:07Z</time>
   </trkpt>
   <trkpt lat="7.0336120" lon="125.4601770">
    <ele>171.3</ele>
    <time>2025-11-20T09:01:08Z</time>
   </trkpt>
   <trkpt lat="7.0336120" lon="125.4601760">
    <ele>171.3</ele>
    <time>2025-11-20T09:01:09Z</time>
   </trkpt>
   <trkpt lat="7.0336130" lon="125.4601760">
    <ele>171.3</ele>
    <time>2025-11-20T09:01:10Z</time>
   </trkpt>
   <trkpt lat="7.0336130" lon="125.4601760">
    <ele>171.3</ele>
    <time>2025-11-20T09:01:11Z</time>
   </trkpt>
   <trkpt lat="7.0336130" lon="125.4601760">
    <ele>171.3</ele>
    <time>2025-11-20T09:01:12Z</time>
   </trkpt>
   <trkpt lat="7.0336150" lon="125.4601790">
    <ele>171.3</ele>
    <time>2025-11-20T09:01:13Z</time>
   </trkpt>
   <trkpt lat="7.0336160" lon="125.4601790">
    <ele>171.3</ele>
    <time>2025-11-20T09:01:14Z</time>
   </trkpt>
   <trkpt lat="7.0336130" lon="125.4601810">
    <ele>171.2</ele>
    <time>2025-11-20T09:01:15Z</time>
   </trkpt>
   <trkpt lat="7.0336090" lon="125.4601810">
    <ele>171.2</ele>
    <time>2025-11-20T09:01:16Z</time>
   </trkpt>
   <trkpt lat="7.0336050" lon="125.4601810">
    <ele>171.2</ele>
    <time>2025-11-20T09:01:17Z</time>
   </trkpt>
   <trkpt lat="7.0336060" lon="125.4601830">
    <ele>171.2</ele>
    <time>2025-11-20T09:01:18Z</time>
   </trkpt>
   <trkpt lat="7.0336010" lon="125.4601830">
    <ele>171.1</ele>
    <time>2025-11-20T09:01:19Z</time>
   </trkpt>
   <trkpt lat="7.0335980" lon="125.4601860">
    <ele>171.1</ele>
    <time>2025-11-20T09:01:20Z</time>
   </trkpt>
   <trkpt lat="7.0335970" lon="125.4601880">
    <ele>171.1</ele>
    <time>2025-11-20T09:01:21Z</time>
   </trkpt>
   <trkpt lat="7.0335980" lon="125.4601880">
    <ele>171.1</ele>
    <time>2025-11-20T09:01:22Z</time>
   </trkpt>
   <trkpt lat="7.0335980" lon="125.4601880">
    <ele>171.1</ele>
    <time>2025-11-20T09:01:23Z</time>
   </trkpt>
   <trkpt lat="7.0335980" lon="125.4601880">
    <ele>171.1</ele>
    <time>2025-11-20T09:01:24Z</time>
   </trkpt>
   <trkpt lat="7.0335880" lon="125.4601960">
    <ele>171.0</ele>
    <time>2025-11-20T09:01:25Z</time>
   </trkpt>
   <trkpt lat="7.0335880" lon="125.4601960">
    <ele>171.0</ele>
    <time>2025-11-20T09:01:26Z</time>
   </trkpt>
   <trkpt lat="7.0335880" lon="125.4601960">
    <ele>171.0</ele>
    <time>2025-11-20T09:01:27Z</time>
   </trkpt>
   <trkpt lat="7.0335850" lon="125.4601980">
    <ele>171.0</ele>
    <time>2025-11-20T09:01:28Z</time>
   </trkpt>
   <trkpt lat="7.0335850" lon="125.4601990">
    <ele>171.0</ele>
    <time>2025-11-20T09:01:29Z</time>
   </trkpt>
   <trkpt lat="7.0335890" lon="125.4601990">
    <ele>170.9</ele>
    <time>2025-11-20T09:01:30Z</time>
   </trkpt>
  </trkseg>
 </trk>
</gpx>
