<?xml version="1.0"?>
<gpx xmlns="http://www.topografix.com/GPX/1/1" xmlns:xsi="http://www.w3.org/2001/XMLSchema-instance" version="1.1" creator="AllTrails.com" xsi:schemaLocation="http://www.topografix.com/GPX/1/1 http://www.topografix.com/GPX/1/1/gpx.xsd">
  <metadata>
    <name><![CDATA[Lomoton Peak via Jose Rizal]]></name>
    <desc><![CDATA[]]></desc>
    <link href="http://www.alltrails.com">
      <text>AllTrails, LLC</text>
    </link>
    <bounds minlat="6.9125" minlon="125.39728" maxlat="6.94385" maxlon="125.432"/>
  </metadata>
  <trk>
    <name><![CDATA[Lomoton Peak via Jose Rizal]]></name>
    <src>AllTrails</src>
    <trkseg>
      <trkpt lat="6.94174" lon="125.432">
        <ele>268.07</ele>
      </trkpt>
      <trkpt lat="6.94153" lon="125.43184">
        <ele>275.01</ele>
      </trkpt>
      <trkpt lat="6.94157" lon="125.43177">
        <ele>275.26</ele>
      </trkpt>
      <trkpt lat="6.9416" lon="125.43168">
        <ele>275.93</ele>
      </trkpt>
      <trkpt lat="6.9416" lon="125.43155">
        <ele>276.66</ele>
      </trkpt>
      <trkpt lat="6.94157" lon="125.43141">
        <ele>278.74</ele>
      </trkpt>
      <trkpt lat="6.94153" lon="125.43131">
        <ele>279.45</ele>
      </trkpt>
      <trkpt lat="6.94144" lon="125.43116">
        <ele>283.39</ele>
      </trkpt>
      <trkpt lat="6.94135" lon="125.43103">
        <ele>288.7</ele>
      </trkpt>
      <trkpt lat="6.94131" lon="125.43097">
        <ele>291.2</ele>
      </trkpt>
      <trkpt lat="6.9413" lon="125.43095">
        <ele>291.98</ele>
      </trkpt>
      <trkpt lat="6.9413" lon="125.43092">
        <ele>292.25</ele>
      </trkpt>
      <trkpt lat="6.9413" lon="125.43088">
        <ele>292.62</ele>
      </trkpt>
      <trkpt lat="6.94132" lon="125.43086">
        <ele>291.29</ele>
      </trkpt>
      <trkpt lat="6.94135" lon="125.43083">
        <ele>289.07</ele>
      </trkpt>
      <trkpt lat="6.94138" lon="125.43081">
        <ele>286.63</ele>
      </trkpt>
      <trkpt lat="6.94143" lon="125.4308">
        <ele>283.93</ele>
      </trkpt>
      <trkpt lat="6.94147" lon="125.43079">
        <ele>282.15</ele>
      </trkpt>
      <trkpt lat="6.94157" lon="125.43079">
        <ele>277.59</ele>
      </trkpt>
      <trkpt lat="6.94172" lon="125.43079">
        <ele>271.72</ele>
      </trkpt>
      <trkpt lat="6.94184" lon="125.43077">
        <ele>269.25</ele>
      </trkpt>
      <trkpt lat="6.94192" lon="125.43074">
        <ele>268.09</ele>
      </trkpt>
      <trkpt lat="6.94202" lon="125.43068">
        <ele>268.23</ele>
      </trkpt>
      <trkpt lat="6.94214" lon="125.43059">
        <ele>268.27</ele>
      </trkpt>
      <trkpt lat="6.94229" lon="125.43049">
        <ele>264.48</ele>
      </trkpt>
      <trkpt lat="6.94235" lon="125.43044">
        <ele>262.47</ele>
      </trkpt>
      <trkpt lat="6.94239" lon="125.43038">
        <ele>261.53</ele>
      </trkpt>
      <trkpt lat="6.94241" lon="125.43035">
        <ele>261.13</ele>
      </trkpt>
      <trkpt lat="6.94241" lon="125.43031">
        <ele>261.56</ele>
      </trkpt>
      <trkpt lat="6.94241" lon="125.43027">
        <ele>261.97</ele>
      </trkpt>
      <trkpt lat="6.9424" lon="125.43023">
        <ele>262.58</ele>
      </trkpt>
      <trkpt lat="6.94238" lon="125.43018">
        <ele>263.59</ele>
      </trkpt>
      <trkpt lat="6.94227" lon="125.43008">
        <ele>267.88</ele>
      </trkpt>
      <trkpt lat="6.94222" lon="125.43001">
        <ele>269.98</ele>
      </trkpt>
      <trkpt lat="6.94219" lon="125.42995">
        <ele>270.29</ele>
      </trkpt>
      <trkpt lat="6.94217" lon="125.42987">
        <ele>270.02</ele>
      </trkpt>
      <trkpt lat="6.94216" lon="125.42981">
        <ele>269.67</ele>
      </trkpt>
      <trkpt lat="6.94217" lon="125.42969">
        <ele>267.98</ele>
      </trkpt>
      <trkpt lat="6.94219" lon="125.42955">
        <ele>264.27</ele>
      </trkpt>
      <trkpt lat="6.9422" lon="125.42945">
        <ele>261.62</ele>
      </trkpt>
      <trkpt lat="6.94221" lon="125.42936">
        <ele>264.59</ele>
      </trkpt>
      <trkpt lat="6.94223" lon="125.4293">
        <ele>266.83</ele>
      </trkpt>
      <trkpt lat="6.94229" lon="125.42924">
        <ele>269.96</ele>
      </trkpt>
      <trkpt lat="6.94236" lon="125.42918">
        <ele>273.01</ele>
      </trkpt>
      <trkpt lat="6.94246" lon="125.42914">
        <ele>275.31</ele>
      </trkpt>
      <trkpt lat="6.94254" lon="125.42913">
        <ele>275.49</ele>
      </trkpt>
      <trkpt lat="6.94263" lon="125.42913">
        <ele>274.52</ele>
      </trkpt>
      <trkpt lat="6.94275" lon="125.42915">
        <ele>272.72</ele>
      </trkpt>
      <trkpt lat="6.94283" lon="125.42917">
        <ele>271.52</ele>
      </trkpt>
      <trkpt lat="6.94291" lon="125.42917">
        <ele>270.96</ele>
      </trkpt>
      <trkpt lat="6.94298" lon="125.42914">
        <ele>271.08</ele>
      </trkpt>
      <trkpt lat="6.94303" lon="125.4291">
        <ele>271.43</ele>
      </trkpt>
      <trkpt lat="6.94309" lon="125.42903">
        <ele>272.22</ele>
      </trkpt>
      <trkpt lat="6.94315" lon="125.42893">
        <ele>273.1</ele>
      </trkpt>
      <trkpt lat="6.9432" lon="125.42885">
        <ele>273.48</ele>
      </trkpt>
      <trkpt lat="6.94328" lon="125.42872">
        <ele>274.2</ele>
      </trkpt>
      <trkpt lat="6.9433" lon="125.42867">
        <ele>274.63</ele>
      </trkpt>
      <trkpt lat="6.94331" lon="125.42862">
        <ele>275.21</ele>
      </trkpt>
      <trkpt lat="6.94329" lon="125.42856">
        <ele>276.18</ele>
      </trkpt>
      <trkpt lat="6.94325" lon="125.4285">
        <ele>277.4</ele>
      </trkpt>
      <trkpt lat="6.9431" lon="125.42838">
        <ele>280.86</ele>
      </trkpt>
      <trkpt lat="6.94304" lon="125.42833">
        <ele>282.26</ele>
      </trkpt>
      <trkpt lat="6.943" lon="125.42824">
        <ele>285.15</ele>
      </trkpt>
      <trkpt lat="6.943" lon="125.42817">
        <ele>287.07</ele>
      </trkpt>
      <trkpt lat="6.94302" lon="125.42809">
        <ele>289.17</ele>
      </trkpt>
      <trkpt lat="6.94305" lon="125.42797">
        <ele>292.21</ele>
      </trkpt>
      <trkpt lat="6.94304" lon="125.42783">
        <ele>295.97</ele>
      </trkpt>
      <trkpt lat="6.94301" lon="125.42763">
        <ele>301.71</ele>
      </trkpt>
      <trkpt lat="6.94296" lon="125.4274">
        <ele>305.58</ele>
      </trkpt>
      <trkpt lat="6.94292" lon="125.42725">
        <ele>305.59</ele>
      </trkpt>
      <trkpt lat="6.94283" lon="125.42707">
        <ele>307.61</ele>
      </trkpt>
      <trkpt lat="6.94273" lon="125.42693">
        <ele>309.88</ele>
      </trkpt>
      <trkpt lat="6.94264" lon="125.42683">
        <ele>313.04</ele>
      </trkpt>
      <trkpt lat="6.94254" lon="125.42678">
        <ele>316.23</ele>
      </trkpt>
      <trkpt lat="6.94245" lon="125.42669">
        <ele>320.73</ele>
      </trkpt>
      <trkpt lat="6.9424" lon="125.4266">
        <ele>322.5</ele>
      </trkpt>
      <trkpt lat="6.94234" lon="125.4265">
        <ele>323.6</ele>
      </trkpt>
      <trkpt lat="6.94226" lon="125.42643">
        <ele>324.69</ele>
      </trkpt>
      <trkpt lat="6.94211" lon="125.42632">
        <ele>329.19</ele>
      </trkpt>
      <trkpt lat="6.94178" lon="125.42603">
        <ele>330.84</ele>
      </trkpt>
      <trkpt lat="6.94164" lon="125.42591">
        <ele>328.52</ele>
      </trkpt>
      <trkpt lat="6.94154" lon="125.42584">
        <ele>328.35</ele>
      </trkpt>
      <trkpt lat="6.94142" lon="125.42575">
        <ele>329.13</ele>
      </trkpt>
      <trkpt lat="6.94134" lon="125.42566">
        <ele>327.27</ele>
      </trkpt>
      <trkpt lat="6.94126" lon="125.42557">
        <ele>325.3</ele>
      </trkpt>
      <trkpt lat="6.9412" lon="125.42541">
        <ele>325.41</ele>
      </trkpt>
      <trkpt lat="6.94118" lon="125.42533">
        <ele>325.81</ele>
      </trkpt>
      <trkpt lat="6.9412" lon="125.42526">
        <ele>325.4</ele>
      </trkpt>
      <trkpt lat="6.94123" lon="125.42524">
        <ele>324.71</ele>
      </trkpt>
      <trkpt lat="6.94128" lon="125.42524">
        <ele>323.04</ele>
      </trkpt>
      <trkpt lat="6.94137" lon="125.42526">
        <ele>319.81</ele>
      </trkpt>
      <trkpt lat="6.94146" lon="125.42527">
        <ele>317.03</ele>
      </trkpt>
      <trkpt lat="6.94158" lon="125.42527">
        <ele>313.56</ele>
      </trkpt>
      <trkpt lat="6.94166" lon="125.42525">
        <ele>311.39</ele>
      </trkpt>
      <trkpt lat="6.94175" lon="125.42521">
        <ele>309.93</ele>
      </trkpt>
      <trkpt lat="6.94182" lon="125.42517">
        <ele>308.19</ele>
      </trkpt>
      <trkpt lat="6.94195" lon="125.42508">
        <ele>303.05</ele>
      </trkpt>
      <trkpt lat="6.942" lon="125.42503">
        <ele>302.52</ele>
      </trkpt>
      <trkpt lat="6.94204" lon="125.42494">
        <ele>303.56</ele>
      </trkpt>
      <trkpt lat="6.94211" lon="125.42482">
        <ele>304.53</ele>
      </trkpt>
      <trkpt lat="6.94218" lon="125.42476">
        <ele>303.36</ele>
      </trkpt>
      <trkpt lat="6.94227" lon="125.4247">
        <ele>303.12</ele>
      </trkpt>
      <trkpt lat="6.94239" lon="125.42466">
        <ele>303.92</ele>
      </trkpt>
      <trkpt lat="6.94255" lon="125.4246">
        <ele>303.31</ele>
      </trkpt>
      <trkpt lat="6.94264" lon="125.42457">
        <ele>302.03</ele>
      </trkpt>
      <trkpt lat="6.94277" lon="125.42452">
        <ele>299.41</ele>
      </trkpt>
      <trkpt lat="6.94289" lon="125.4245">
        <ele>298.43</ele>
      </trkpt>
      <trkpt lat="6.943" lon="125.42448">
        <ele>298.1</ele>
      </trkpt>
      <trkpt lat="6.94308" lon="125.42445">
        <ele>299.41</ele>
      </trkpt>
      <trkpt lat="6.94316" lon="125.42439">
        <ele>305.04</ele>
      </trkpt>
      <trkpt lat="6.94324" lon="125.42442">
        <ele>305.0</ele>
      </trkpt>
      <trkpt lat="6.94332" lon="125.42443">
        <ele>306.36</ele>
      </trkpt>
      <trkpt lat="6.94342" lon="125.42443">
        <ele>311.04</ele>
      </trkpt>
      <trkpt lat="6.94352" lon="125.42441">
        <ele>317.02</ele>
      </trkpt>
      <trkpt lat="6.94361" lon="125.42437">
        <ele>323.43</ele>
      </trkpt>
      <trkpt lat="6.94367" lon="125.42433">
        <ele>325.77</ele>
      </trkpt>
      <trkpt lat="6.94376" lon="125.42425">
        <ele>329.37</ele>
      </trkpt>
      <trkpt lat="6.94382" lon="125.42419">
        <ele>331.47</ele>
      </trkpt>
      <trkpt lat="6.94385" lon="125.42409">
        <ele>332.81</ele>
      </trkpt>
      <trkpt lat="6.94385" lon="125.42403">
        <ele>333.34</ele>
      </trkpt>
      <trkpt lat="6.94382" lon="125.42392">
        <ele>334.03</ele>
      </trkpt>
      <trkpt lat="6.94378" lon="125.42386">
        <ele>335.66</ele>
      </trkpt>
      <trkpt lat="6.94369" lon="125.42378">
        <ele>339.01</ele>
      </trkpt>
      <trkpt lat="6.9437" lon="125.42374">
        <ele>341.49</ele>
      </trkpt>
      <trkpt lat="6.9437" lon="125.4237">
        <ele>343.79</ele>
      </trkpt>
      <trkpt lat="6.94368" lon="125.42367">
        <ele>344.95</ele>
      </trkpt>
      <trkpt lat="6.94362" lon="125.42361">
        <ele>346.35</ele>
      </trkpt>
      <trkpt lat="6.94356" lon="125.42356">
        <ele>349.48</ele>
      </trkpt>
      <trkpt lat="6.94354" lon="125.42349">
        <ele>354.05</ele>
      </trkpt>
      <trkpt lat="6.94353" lon="125.42344">
        <ele>357.34</ele>
      </trkpt>
      <trkpt lat="6.94354" lon="125.42336">
        <ele>362.13</ele>
      </trkpt>
      <trkpt lat="6.94362" lon="125.42317">
        <ele>362.9</ele>
      </trkpt>
      <trkpt lat="6.94368" lon="125.42304">
        <ele>361.87</ele>
      </trkpt>
      <trkpt lat="6.94373" lon="125.42295">
        <ele>360.75</ele>
      </trkpt>
      <trkpt lat="6.94378" lon="125.42285">
        <ele>359.56</ele>
      </trkpt>
      <trkpt lat="6.9438" lon="125.42277">
        <ele>359.25</ele>
      </trkpt>
      <trkpt lat="6.94379" lon="125.42266">
        <ele>360.29</ele>
      </trkpt>
      <trkpt lat="6.94377" lon="125.42259">
        <ele>361.53</ele>
      </trkpt>
      <trkpt lat="6.94372" lon="125.42241">
        <ele>364.49</ele>
      </trkpt>
      <trkpt lat="6.94371" lon="125.42227">
        <ele>365.26</ele>
      </trkpt>
      <trkpt lat="6.94371" lon="125.42206">
        <ele>366.12</ele>
      </trkpt>
      <trkpt lat="6.94373" lon="125.42183">
        <ele>365.82</ele>
      </trkpt>
      <trkpt lat="6.94374" lon="125.4217">
        <ele>365.51</ele>
      </trkpt>
      <trkpt lat="6.94375" lon="125.42154">
        <ele>364.32</ele>
      </trkpt>
      <trkpt lat="6.94373" lon="125.42139">
        <ele>364.59</ele>
      </trkpt>
      <trkpt lat="6.9437" lon="125.42124">
        <ele>365.49</ele>
      </trkpt>
      <trkpt lat="6.94366" lon="125.42105">
        <ele>366.78</ele>
      </trkpt>
      <trkpt lat="6.94361" lon="125.42094">
        <ele>368.83</ele>
      </trkpt>
      <trkpt lat="6.94351" lon="125.42083">
        <ele>373.02</ele>
      </trkpt>
      <trkpt lat="6.94338" lon="125.42071">
        <ele>376.25</ele>
      </trkpt>
      <trkpt lat="6.94327" lon="125.42061">
        <ele>376.48</ele>
      </trkpt>
      <trkpt lat="6.94316" lon="125.42053">
        <ele>375.7</ele>
      </trkpt>
      <trkpt lat="6.94307" lon="125.42049">
        <ele>375.68</ele>
      </trkpt>
      <trkpt lat="6.94298" lon="125.42046">
        <ele>375.81</ele>
      </trkpt>
      <trkpt lat="6.94292" lon="125.42044">
        <ele>375.92</ele>
      </trkpt>
      <trkpt lat="6.94285" lon="125.42042">
        <ele>376.19</ele>
      </trkpt>
      <trkpt lat="6.94274" lon="125.42038">
        <ele>376.4</ele>
      </trkpt>
      <trkpt lat="6.94263" lon="125.4203">
        <ele>375.28</ele>
      </trkpt>
      <trkpt lat="6.94257" lon="125.42026">
        <ele>374.67</ele>
      </trkpt>
      <trkpt lat="6.94247" lon="125.42018">
        <ele>373.37</ele>
      </trkpt>
      <trkpt lat="6.94241" lon="125.42011">
        <ele>372.18</ele>
      </trkpt>
      <trkpt lat="6.94237" lon="125.42001">
        <ele>369.66</ele>
      </trkpt>
      <trkpt lat="6.94233" lon="125.41994">
        <ele>369.84</ele>
      </trkpt>
      <trkpt lat="6.94227" lon="125.41988">
        <ele>370.71</ele>
      </trkpt>
      <trkpt lat="6.9422" lon="125.41985">
        <ele>371.85</ele>
      </trkpt>
      <trkpt lat="6.94209" lon="125.41981">
        <ele>373.52</ele>
      </trkpt>
      <trkpt lat="6.94202" lon="125.41977">
        <ele>374.33</ele>
      </trkpt>
      <trkpt lat="6.94199" lon="125.41972">
        <ele>374.33</ele>
      </trkpt>
      <trkpt lat="6.94198" lon="125.41965">
        <ele>373.97</ele>
      </trkpt>
      <trkpt lat="6.942" lon="125.41961">
        <ele>373.39</ele>
      </trkpt>
      <trkpt lat="6.94202" lon="125.41956">
        <ele>372.74</ele>
      </trkpt>
      <trkpt lat="6.94201" lon="125.4195">
        <ele>372.46</ele>
      </trkpt>
      <trkpt lat="6.94198" lon="125.41944">
        <ele>372.44</ele>
      </trkpt>
      <trkpt lat="6.94193" lon="125.4194">
        <ele>372.68</ele>
      </trkpt>
      <trkpt lat="6.94187" lon="125.41932">
        <ele>372.46</ele>
      </trkpt>
      <trkpt lat="6.94183" lon="125.41922">
        <ele>371.81</ele>
      </trkpt>
      <trkpt lat="6.94181" lon="125.41914">
        <ele>372.22</ele>
      </trkpt>
      <trkpt lat="6.94178" lon="125.41908">
        <ele>374.21</ele>
      </trkpt>
      <trkpt lat="6.94173" lon="125.41903">
        <ele>375.98</ele>
      </trkpt>
      <trkpt lat="6.94164" lon="125.419">
        <ele>377.62</ele>
      </trkpt>
      <trkpt lat="6.94154" lon="125.41894">
        <ele>380.62</ele>
      </trkpt>
      <trkpt lat="6.94142" lon="125.41883">
        <ele>384.87</ele>
      </trkpt>
      <trkpt lat="6.94132" lon="125.41872">
        <ele>388.34</ele>
      </trkpt>
      <trkpt lat="6.94113" lon="125.41842">
        <ele>394.66</ele>
      </trkpt>
      <trkpt lat="6.94103" lon="125.41831">
        <ele>396.84</ele>
      </trkpt>
      <trkpt lat="6.94092" lon="125.41825">
        <ele>399.0</ele>
      </trkpt>
      <trkpt lat="6.94072" lon="125.41822">
        <ele>401.38</ele>
      </trkpt>
      <trkpt lat="6.9406" lon="125.4182">
        <ele>403.35</ele>
      </trkpt>
      <trkpt lat="6.94051" lon="125.41816">
        <ele>405.5</ele>
      </trkpt>
      <trkpt lat="6.94046" lon="125.41812">
        <ele>407.07</ele>
      </trkpt>
      <trkpt lat="6.94036" lon="125.41803">
        <ele>409.99</ele>
      </trkpt>
      <trkpt lat="6.94028" lon="125.41786">
        <ele>414.21</ele>
      </trkpt>
      <trkpt lat="6.94027" lon="125.41772">
        <ele>417.03</ele>
      </trkpt>
      <trkpt lat="6.94028" lon="125.41754">
        <ele>420.29</ele>
      </trkpt>
      <trkpt lat="6.94033" lon="125.41738">
        <ele>424.91</ele>
      </trkpt>
      <trkpt lat="6.94038" lon="125.41727">
        <ele>428.66</ele>
      </trkpt>
      <trkpt lat="6.94042" lon="125.41715">
        <ele>432.74</ele>
      </trkpt>
      <trkpt lat="6.94041" lon="125.41707">
        <ele>435.1</ele>
      </trkpt>
      <trkpt lat="6.94039" lon="125.41699">
        <ele>437.4</ele>
      </trkpt>
      <trkpt lat="6.94034" lon="125.4169">
        <ele>439.76</ele>
      </trkpt>
      <trkpt lat="6.94029" lon="125.41676">
        <ele>443.43</ele>
      </trkpt>
      <trkpt lat="6.94024" lon="125.41659">
        <ele>448.31</ele>
      </trkpt>
      <trkpt lat="6.94016" lon="125.41643">
        <ele>452.89</ele>
      </trkpt>
      <trkpt lat="6.94009" lon="125.41633">
        <ele>455.13</ele>
      </trkpt>
      <trkpt lat="6.93993" lon="125.41617">
        <ele>457.8</ele>
      </trkpt>
      <trkpt lat="6.93983" lon="125.41601">
        <ele>461.83</ele>
      </trkpt>
      <trkpt lat="6.93979" lon="125.41589">
        <ele>465.05</ele>
      </trkpt>
      <trkpt lat="6.93975" lon="125.41577">
        <ele>468.65</ele>
      </trkpt>
      <trkpt lat="6.93976" lon="125.41571">
        <ele>471.03</ele>
      </trkpt>
      <trkpt lat="6.93978" lon="125.41563">
        <ele>474.4</ele>
      </trkpt>
      <trkpt lat="6.93978" lon="125.41553">
        <ele>478.28</ele>
      </trkpt>
      <trkpt lat="6.93976" lon="125.41546">
        <ele>480.65</ele>
      </trkpt>
      <trkpt lat="6.93972" lon="125.41537">
        <ele>483.29</ele>
      </trkpt>
      <trkpt lat="6.93971" lon="125.41529">
        <ele>486.17</ele>
      </trkpt>
      <trkpt lat="6.93974" lon="125.41519">
        <ele>490.67</ele>
      </trkpt>
      <trkpt lat="6.93977" lon="125.41511">
        <ele>494.56</ele>
      </trkpt>
      <trkpt lat="6.93982" lon="125.41506">
        <ele>498.13</ele>
      </trkpt>
      <trkpt lat="6.93989" lon="125.415">
        <ele>503.04</ele>
      </trkpt>
      <trkpt lat="6.94009" lon="125.41486">
        <ele>507.86</ele>
      </trkpt>
      <trkpt lat="6.94021" lon="125.41478">
        <ele>507.42</ele>
      </trkpt>
      <trkpt lat="6.94027" lon="125.41472">
        <ele>507.1</ele>
      </trkpt>
      <trkpt lat="6.94032" lon="125.41465">
        <ele>507.1</ele>
      </trkpt>
      <trkpt lat="6.94036" lon="125.41455">
        <ele>507.1</ele>
      </trkpt>
      <trkpt lat="6.94037" lon="125.41432">
        <ele>507.64</ele>
      </trkpt>
      <trkpt lat="6.94037" lon="125.41411">
        <ele>509.64</ele>
      </trkpt>
      <trkpt lat="6.94036" lon="125.41393">
        <ele>515.04</ele>
      </trkpt>
      <trkpt lat="6.94038" lon="125.41378">
        <ele>518.68</ele>
      </trkpt>
      <trkpt lat="6.94043" lon="125.41369">
        <ele>520.12</ele>
      </trkpt>
      <trkpt lat="6.94049" lon="125.41363">
        <ele>520.65</ele>
      </trkpt>
      <trkpt lat="6.94057" lon="125.41357">
        <ele>520.88</ele>
      </trkpt>
      <trkpt lat="6.94064" lon="125.41351">
        <ele>521.2</ele>
      </trkpt>
      <trkpt lat="6.94067" lon="125.41342">
        <ele>523.32</ele>
      </trkpt>
      <trkpt lat="6.94071" lon="125.41334">
        <ele>525.01</ele>
      </trkpt>
      <trkpt lat="6.94078" lon="125.41327">
        <ele>526.92</ele>
      </trkpt>
      <trkpt lat="6.94083" lon="125.41323">
        <ele>527.9</ele>
      </trkpt>
      <trkpt lat="6.94089" lon="125.41319">
        <ele>528.38</ele>
      </trkpt>
      <trkpt lat="6.941" lon="125.41312">
        <ele>528.92</ele>
      </trkpt>
      <trkpt lat="6.94112" lon="125.41304">
        <ele>529.45</ele>
      </trkpt>
      <trkpt lat="6.94128" lon="125.41286">
        <ele>532.76</ele>
      </trkpt>
      <trkpt lat="6.9415" lon="125.41262">
        <ele>535.82</ele>
      </trkpt>
      <trkpt lat="6.94176" lon="125.41244">
        <ele>535.58</ele>
      </trkpt>
      <trkpt lat="6.94203" lon="125.41228">
        <ele>536.59</ele>
      </trkpt>
      <trkpt lat="6.94211" lon="125.41222">
        <ele>537.53</ele>
      </trkpt>
      <trkpt lat="6.94216" lon="125.41217">
        <ele>538.79</ele>
      </trkpt>
      <trkpt lat="6.94221" lon="125.41212">
        <ele>540.05</ele>
      </trkpt>
      <trkpt lat="6.94223" lon="125.41205">
        <ele>542.91</ele>
      </trkpt>
      <trkpt lat="6.9422" lon="125.41197">
        <ele>547.28</ele>
      </trkpt>
      <trkpt lat="6.94215" lon="125.41189">
        <ele>552.11</ele>
      </trkpt>
      <trkpt lat="6.94211" lon="125.41181">
        <ele>556.72</ele>
      </trkpt>
      <trkpt lat="6.94209" lon="125.41168">
        <ele>563.23</ele>
      </trkpt>
      <trkpt lat="6.94209" lon="125.41162">
        <ele>563.86</ele>
      </trkpt>
      <trkpt lat="6.9421" lon="125.41152">
        <ele>563.64</ele>
      </trkpt>
      <trkpt lat="6.94212" lon="125.41144">
        <ele>563.21</ele>
      </trkpt>
      <trkpt lat="6.94212" lon="125.41138">
        <ele>563.21</ele>
      </trkpt>
      <trkpt lat="6.94211" lon="125.41129">
        <ele>563.42</ele>
      </trkpt>
      <trkpt lat="6.94209" lon="125.41123">
        <ele>563.86</ele>
      </trkpt>
      <trkpt lat="6.94201" lon="125.41109">
        <ele>565.58</ele>
      </trkpt>
      <trkpt lat="6.94194" lon="125.41112">
        <ele>567.1</ele>
      </trkpt>
      <trkpt lat="6.94189" lon="125.41115">
        <ele>568.15</ele>
      </trkpt>
      <trkpt lat="6.94184" lon="125.41121">
        <ele>569.12</ele>
      </trkpt>
      <trkpt lat="6.94174" lon="125.41138">
        <ele>570.7</ele>
      </trkpt>
      <trkpt lat="6.9417" lon="125.41146">
        <ele>571.4</ele>
      </trkpt>
      <trkpt lat="6.94167" lon="125.41148">
        <ele>571.94</ele>
      </trkpt>
      <trkpt lat="6.94165" lon="125.41149">
        <ele>572.54</ele>
      </trkpt>
      <trkpt lat="6.94161" lon="125.41149">
        <ele>573.84</ele>
      </trkpt>
      <trkpt lat="6.94159" lon="125.41147">
        <ele>574.48</ele>
      </trkpt>
      <trkpt lat="6.94151" lon="125.41142">
        <ele>577.08</ele>
      </trkpt>
      <trkpt lat="6.9414" lon="125.41135">
        <ele>580.51</ele>
      </trkpt>
      <trkpt lat="6.94135" lon="125.41133">
        <ele>581.88</ele>
      </trkpt>
      <trkpt lat="6.94132" lon="125.41132">
        <ele>582.67</ele>
      </trkpt>
      <trkpt lat="6.94128" lon="125.41132">
        <ele>583.79</ele>
      </trkpt>
      <trkpt lat="6.94126" lon="125.41133">
        <ele>584.4</ele>
      </trkpt>
      <trkpt lat="6.94122" lon="125.41135">
        <ele>585.64</ele>
      </trkpt>
      <trkpt lat="6.94116" lon="125.41137">
        <ele>587.47</ele>
      </trkpt>
      <trkpt lat="6.94108" lon="125.41138">
        <ele>589.83</ele>
      </trkpt>
      <trkpt lat="6.9409" lon="125.4114">
        <ele>595.19</ele>
      </trkpt>
      <trkpt lat="6.94086" lon="125.4114">
        <ele>596.35</ele>
      </trkpt>
      <trkpt lat="6.94083" lon="125.41142">
        <ele>597.41</ele>
      </trkpt>
      <trkpt lat="6.9408" lon="125.41144">
        <ele>598.25</ele>
      </trkpt>
      <trkpt lat="6.94077" lon="125.41146">
        <ele>599.08</ele>
      </trkpt>
      <trkpt lat="6.94072" lon="125.41151">
        <ele>600.58</ele>
      </trkpt>
      <trkpt lat="6.94065" lon="125.41159">
        <ele>602.65</ele>
      </trkpt>
      <trkpt lat="6.9406" lon="125.41163">
        <ele>603.91</ele>
      </trkpt>
      <trkpt lat="6.94056" lon="125.41165">
        <ele>604.8</ele>
      </trkpt>
      <trkpt lat="6.94052" lon="125.41166">
        <ele>605.72</ele>
      </trkpt>
      <trkpt lat="6.94046" lon="125.41167">
        <ele>606.92</ele>
      </trkpt>
      <trkpt lat="6.94041" lon="125.41167">
        <ele>607.99</ele>
      </trkpt>
      <trkpt lat="6.94035" lon="125.41166">
        <ele>609.37</ele>
      </trkpt>
      <trkpt lat="6.94026" lon="125.41164">
        <ele>611.04</ele>
      </trkpt>
      <trkpt lat="6.93982" lon="125.41149">
        <ele>615.32</ele>
      </trkpt>
      <trkpt lat="6.93961" lon="125.41143">
        <ele>616.82</ele>
      </trkpt>
      <trkpt lat="6.9395" lon="125.41136">
        <ele>618.75</ele>
      </trkpt>
      <trkpt lat="6.93942" lon="125.41129">
        <ele>620.73</ele>
      </trkpt>
      <trkpt lat="6.93935" lon="125.4112">
        <ele>623.32</ele>
      </trkpt>
      <trkpt lat="6.93923" lon="125.41103">
        <ele>629.77</ele>
      </trkpt>
      <trkpt lat="6.93914" lon="125.41092">
        <ele>634.41</ele>
      </trkpt>
      <trkpt lat="6.93908" lon="125.41088">
        <ele>635.34</ele>
      </trkpt>
      <trkpt lat="6.93901" lon="125.41085">
        <ele>635.96</ele>
      </trkpt>
      <trkpt lat="6.93896" lon="125.41083">
        <ele>636.26</ele>
      </trkpt>
      <trkpt lat="6.93891" lon="125.41082">
        <ele>636.11</ele>
      </trkpt>
      <trkpt lat="6.93877" lon="125.41078">
        <ele>636.36</ele>
      </trkpt>
      <trkpt lat="6.9386" lon="125.41069">
        <ele>637.57</ele>
      </trkpt>
      <trkpt lat="6.93852" lon="125.41061">
        <ele>638.88</ele>
      </trkpt>
      <trkpt lat="6.93846" lon="125.41055">
        <ele>640.17</ele>
      </trkpt>
      <trkpt lat="6.93843" lon="125.4105">
        <ele>641.16</ele>
      </trkpt>
      <trkpt lat="6.93838" lon="125.41045">
        <ele>642.44</ele>
      </trkpt>
      <trkpt lat="6.9383" lon="125.41041">
        <ele>643.93</ele>
      </trkpt>
      <trkpt lat="6.93814" lon="125.41034">
        <ele>647.2</ele>
      </trkpt>
      <trkpt lat="6.93803" lon="125.41031">
        <ele>649.34</ele>
      </trkpt>
      <trkpt lat="6.93797" lon="125.4103">
        <ele>650.26</ele>
      </trkpt>
      <trkpt lat="6.93792" lon="125.41025">
        <ele>652.36</ele>
      </trkpt>
      <trkpt lat="6.93788" lon="125.41019">
        <ele>654.82</ele>
      </trkpt>
      <trkpt lat="6.93781" lon="125.41008">
        <ele>659.61</ele>
      </trkpt>
      <trkpt lat="6.93775" lon="125.41">
        <ele>663.6</ele>
      </trkpt>
      <trkpt lat="6.93764" lon="125.40989">
        <ele>662.81</ele>
      </trkpt>
      <trkpt lat="6.93756" lon="125.40981">
        <ele>662.23</ele>
      </trkpt>
      <trkpt lat="6.93747" lon="125.40975">
        <ele>662.09</ele>
      </trkpt>
      <trkpt lat="6.93742" lon="125.40972">
        <ele>661.81</ele>
      </trkpt>
      <trkpt lat="6.93737" lon="125.40971">
        <ele>662.11</ele>
      </trkpt>
      <trkpt lat="6.93731" lon="125.40971">
        <ele>662.79</ele>
      </trkpt>
      <trkpt lat="6.93726" lon="125.40971">
        <ele>663.35</ele>
      </trkpt>
      <trkpt lat="6.93722" lon="125.40972">
        <ele>663.98</ele>
      </trkpt>
      <trkpt lat="6.93718" lon="125.40972">
        <ele>664.42</ele>
      </trkpt>
      <trkpt lat="6.93711" lon="125.40971">
        <ele>665.05</ele>
      </trkpt>
      <trkpt lat="6.93706" lon="125.4097">
        <ele>665.49</ele>
      </trkpt>
      <trkpt lat="6.93692" lon="125.40965">
        <ele>666.81</ele>
      </trkpt>
      <trkpt lat="6.93682" lon="125.40961">
        <ele>668.08</ele>
      </trkpt>
      <trkpt lat="6.93675" lon="125.40959">
        <ele>669.15</ele>
      </trkpt>
      <trkpt lat="6.93669" lon="125.40956">
        <ele>670.18</ele>
      </trkpt>
      <trkpt lat="6.93663" lon="125.40954">
        <ele>670.7</ele>
      </trkpt>
      <trkpt lat="6.93658" lon="125.40952">
        <ele>670.87</ele>
      </trkpt>
      <trkpt lat="6.93652" lon="125.40948">
        <ele>671.26</ele>
      </trkpt>
      <trkpt lat="6.9364" lon="125.40943">
        <ele>672.11</ele>
      </trkpt>
      <trkpt lat="6.93632" lon="125.40938">
        <ele>672.81</ele>
      </trkpt>
      <trkpt lat="6.9362" lon="125.40934">
        <ele>673.64</ele>
      </trkpt>
      <trkpt lat="6.93596" lon="125.40925">
        <ele>676.81</ele>
      </trkpt>
      <trkpt lat="6.93584" lon="125.40922">
        <ele>678.59</ele>
      </trkpt>
      <trkpt lat="6.93567" lon="125.40918">
        <ele>683.75</ele>
      </trkpt>
      <trkpt lat="6.93548" lon="125.40915">
        <ele>688.3</ele>
      </trkpt>
      <trkpt lat="6.93533" lon="125.40913">
        <ele>691.36</ele>
      </trkpt>
      <trkpt lat="6.93525" lon="125.40913">
        <ele>693.38</ele>
      </trkpt>
      <trkpt lat="6.93521" lon="125.40913">
        <ele>694.39</ele>
      </trkpt>
      <trkpt lat="6.93518" lon="125.40913">
        <ele>695.14</ele>
      </trkpt>
      <trkpt lat="6.93512" lon="125.4091">
        <ele>695.58</ele>
      </trkpt>
      <trkpt lat="6.93509" lon="125.40909">
        <ele>695.97</ele>
      </trkpt>
      <trkpt lat="6.93503" lon="125.40908">
        <ele>697.12</ele>
      </trkpt>
      <trkpt lat="6.93498" lon="125.40907">
        <ele>698.02</ele>
      </trkpt>
      <trkpt lat="6.93492" lon="125.40906">
        <ele>699.18</ele>
      </trkpt>
      <trkpt lat="6.93487" lon="125.40905">
        <ele>700.08</ele>
      </trkpt>
      <trkpt lat="6.93481" lon="125.40904">
        <ele>701.23</ele>
      </trkpt>
      <trkpt lat="6.93459" lon="125.40901">
        <ele>706.17</ele>
      </trkpt>
      <trkpt lat="6.93452" lon="125.409">
        <ele>707.82</ele>
      </trkpt>
      <trkpt lat="6.93445" lon="125.40898">
        <ele>709.12</ele>
      </trkpt>
      <trkpt lat="6.93439" lon="125.40896">
        <ele>709.93</ele>
      </trkpt>
      <trkpt lat="6.93435" lon="125.40894">
        <ele>710.22</ele>
      </trkpt>
      <trkpt lat="6.93429" lon="125.40892">
        <ele>711.01</ele>
      </trkpt>
      <trkpt lat="6.93423" lon="125.40893">
        <ele>712.88</ele>
      </trkpt>
      <trkpt lat="6.93416" lon="125.40895">
        <ele>715.5</ele>
      </trkpt>
      <trkpt lat="6.93404" lon="125.40898">
        <ele>721.91</ele>
      </trkpt>
      <trkpt lat="6.93397" lon="125.409">
        <ele>725.64</ele>
      </trkpt>
      <trkpt lat="6.93392" lon="125.40902">
        <ele>728.43</ele>
      </trkpt>
      <trkpt lat="6.93385" lon="125.40904">
        <ele>732.1</ele>
      </trkpt>
      <trkpt lat="6.93381" lon="125.40904">
        <ele>733.89</ele>
      </trkpt>
      <trkpt lat="6.93376" lon="125.40904">
        <ele>736.13</ele>
      </trkpt>
      <trkpt lat="6.93373" lon="125.40901">
        <ele>736.67</ele>
      </trkpt>
      <trkpt lat="6.93373" lon="125.40898">
        <ele>735.87</ele>
      </trkpt>
      <trkpt lat="6.93373" lon="125.40894">
        <ele>734.8</ele>
      </trkpt>
      <trkpt lat="6.93374" lon="125.4089">
        <ele>733.27</ele>
      </trkpt>
      <trkpt lat="6.93373" lon="125.40887">
        <ele>732.93</ele>
      </trkpt>
      <trkpt lat="6.9337" lon="125.40883">
        <ele>733.29</ele>
      </trkpt>
      <trkpt lat="6.93367" lon="125.40883">
        <ele>734.72</ele>
      </trkpt>
      <trkpt lat="6.93346" lon="125.40881">
        <ele>743.85</ele>
      </trkpt>
      <trkpt lat="6.93338" lon="125.40882">
        <ele>747.66</ele>
      </trkpt>
      <trkpt lat="6.93331" lon="125.40884">
        <ele>750.51</ele>
      </trkpt>
      <trkpt lat="6.93324" lon="125.40887">
        <ele>752.29</ele>
      </trkpt>
      <trkpt lat="6.9332" lon="125.40888">
        <ele>753.21</ele>
      </trkpt>
      <trkpt lat="6.93316" lon="125.40887">
        <ele>753.7</ele>
      </trkpt>
      <trkpt lat="6.93311" lon="125.40884">
        <ele>753.86</ele>
      </trkpt>
      <trkpt lat="6.93306" lon="125.40883">
        <ele>754.44</ele>
      </trkpt>
      <trkpt lat="6.933" lon="125.40886">
        <ele>756.23</ele>
      </trkpt>
      <trkpt lat="6.93298" lon="125.40888">
        <ele>757.12</ele>
      </trkpt>
      <trkpt lat="6.93292" lon="125.40888">
        <ele>758.18</ele>
      </trkpt>
      <trkpt lat="6.93283" lon="125.40887">
        <ele>759.47</ele>
      </trkpt>
      <trkpt lat="6.93279" lon="125.40888">
        <ele>760.49</ele>
      </trkpt>
      <trkpt lat="6.93273" lon="125.4089">
        <ele>762.02</ele>
      </trkpt>
      <trkpt lat="6.93267" lon="125.40893">
        <ele>763.85</ele>
      </trkpt>
      <trkpt lat="6.9326" lon="125.40897">
        <ele>766.27</ele>
      </trkpt>
      <trkpt lat="6.93252" lon="125.409">
        <ele>768.65</ele>
      </trkpt>
      <trkpt lat="6.93244" lon="125.40901">
        <ele>771.12</ele>
      </trkpt>
      <trkpt lat="6.93233" lon="125.40901">
        <ele>774.33</ele>
      </trkpt>
      <trkpt lat="6.93207" lon="125.40899">
        <ele>781.3</ele>
      </trkpt>
      <trkpt lat="6.9319" lon="125.40895">
        <ele>785.0</ele>
      </trkpt>
      <trkpt lat="6.93171" lon="125.40889">
        <ele>788.78</ele>
      </trkpt>
      <trkpt lat="6.93152" lon="125.40882">
        <ele>791.81</ele>
      </trkpt>
      <trkpt lat="6.93138" lon="125.40872">
        <ele>794.65</ele>
      </trkpt>
      <trkpt lat="6.93129" lon="125.40866">
        <ele>797.42</ele>
      </trkpt>
      <trkpt lat="6.93121" lon="125.40859">
        <ele>800.53</ele>
      </trkpt>
      <trkpt lat="6.93109" lon="125.40846">
        <ele>806.6</ele>
      </trkpt>
      <trkpt lat="6.93101" lon="125.40839">
        <ele>811.48</ele>
      </trkpt>
      <trkpt lat="6.9309" lon="125.40833">
        <ele>818.23</ele>
      </trkpt>
      <trkpt lat="6.93056" lon="125.40815">
        <ele>815.38</ele>
      </trkpt>
      <trkpt lat="6.9304" lon="125.40808">
        <ele>813.82</ele>
      </trkpt>
      <trkpt lat="6.93032" lon="125.40807">
        <ele>814.22</ele>
      </trkpt>
      <trkpt lat="6.93022" lon="125.40806">
        <ele>814.83</ele>
      </trkpt>
      <trkpt lat="6.93014" lon="125.40807">
        <ele>816.14</ele>
      </trkpt>
      <trkpt lat="6.92995" lon="125.40811">
        <ele>820.04</ele>
      </trkpt>
      <trkpt lat="6.92969" lon="125.40819">
        <ele>826.62</ele>
      </trkpt>
      <trkpt lat="6.92961" lon="125.40821">
        <ele>828.1</ele>
      </trkpt>
      <trkpt lat="6.92948" lon="125.40821">
        <ele>829.25</ele>
      </trkpt>
      <trkpt lat="6.92939" lon="125.40821">
        <ele>830.15</ele>
      </trkpt>
      <trkpt lat="6.92926" lon="125.40818">
        <ele>830.47</ele>
      </trkpt>
      <trkpt lat="6.92917" lon="125.40816">
        <ele>830.72</ele>
      </trkpt>
      <trkpt lat="6.92902" lon="125.40811">
        <ele>834.45</ele>
      </trkpt>
      <trkpt lat="6.92895" lon="125.40809">
        <ele>836.23</ele>
      </trkpt>
      <trkpt lat="6.92888" lon="125.40809">
        <ele>838.81</ele>
      </trkpt>
      <trkpt lat="6.92882" lon="125.4081">
        <ele>841.44</ele>
      </trkpt>
      <trkpt lat="6.92876" lon="125.40812">
        <ele>844.53</ele>
      </trkpt>
      <trkpt lat="6.92871" lon="125.40814">
        <ele>847.28</ele>
      </trkpt>
      <trkpt lat="6.92866" lon="125.40817">
        <ele>850.52</ele>
      </trkpt>
      <trkpt lat="6.92859" lon="125.40821">
        <ele>855.04</ele>
      </trkpt>
      <trkpt lat="6.92855" lon="125.40823">
        <ele>857.56</ele>
      </trkpt>
      <trkpt lat="6.92851" lon="125.40823">
        <ele>859.13</ele>
      </trkpt>
      <trkpt lat="6.92847" lon="125.40822">
        <ele>860.17</ele>
      </trkpt>
      <trkpt lat="6.92842" lon="125.40821">
        <ele>861.57</ele>
      </trkpt>
      <trkpt lat="6.92837" lon="125.40821">
        <ele>863.49</ele>
      </trkpt>
      <trkpt lat="6.92833" lon="125.40824">
        <ele>866.71</ele>
      </trkpt>
      <trkpt lat="6.92828" lon="125.40826">
        <ele>869.21</ele>
      </trkpt>
      <trkpt lat="6.9282" lon="125.40828">
        <ele>872.58</ele>
      </trkpt>
      <trkpt lat="6.92812" lon="125.40828">
        <ele>874.78</ele>
      </trkpt>
      <trkpt lat="6.92806" lon="125.40828">
        <ele>876.42</ele>
      </trkpt>
      <trkpt lat="6.92798" lon="125.40829">
        <ele>879.05</ele>
      </trkpt>
      <trkpt lat="6.92783" lon="125.40833">
        <ele>885.46</ele>
      </trkpt>
      <trkpt lat="6.92775" lon="125.40836">
        <ele>887.32</ele>
      </trkpt>
      <trkpt lat="6.92767" lon="125.40841">
        <ele>888.72</ele>
      </trkpt>
      <trkpt lat="6.9276" lon="125.40845">
        <ele>890.02</ele>
      </trkpt>
      <trkpt lat="6.9275" lon="125.40852">
        <ele>891.64</ele>
      </trkpt>
      <trkpt lat="6.92744" lon="125.40857">
        <ele>892.0</ele>
      </trkpt>
      <trkpt lat="6.92741" lon="125.4086">
        <ele>892.13</ele>
      </trkpt>
      <trkpt lat="6.92738" lon="125.40862">
        <ele>892.45</ele>
      </trkpt>
      <trkpt lat="6.92735" lon="125.40862">
        <ele>893.1</ele>
      </trkpt>
      <trkpt lat="6.92731" lon="125.40863">
        <ele>893.81</ele>
      </trkpt>
      <trkpt lat="6.92728" lon="125.40862">
        <ele>894.62</ele>
      </trkpt>
      <trkpt lat="6.9272" lon="125.40862">
        <ele>896.35</ele>
      </trkpt>
      <trkpt lat="6.92715" lon="125.40862">
        <ele>897.44</ele>
      </trkpt>
      <trkpt lat="6.92709" lon="125.40863">
        <ele>898.62</ele>
      </trkpt>
      <trkpt lat="6.92704" lon="125.40865">
        <ele>899.47</ele>
      </trkpt>
      <trkpt lat="6.92697" lon="125.40868">
        <ele>900.68</ele>
      </trkpt>
      <trkpt lat="6.92694" lon="125.40869">
        <ele>901.24</ele>
      </trkpt>
      <trkpt lat="6.92691" lon="125.40869">
        <ele>901.89</ele>
      </trkpt>
      <trkpt lat="6.92689" lon="125.40869">
        <ele>902.32</ele>
      </trkpt>
      <trkpt lat="6.92686" lon="125.40869">
        <ele>902.97</ele>
      </trkpt>
      <trkpt lat="6.92683" lon="125.4087">
        <ele>903.51</ele>
      </trkpt>
      <trkpt lat="6.92681" lon="125.40872">
        <ele>903.73</ele>
      </trkpt>
      <trkpt lat="6.92679" lon="125.40875">
        <ele>903.84</ele>
      </trkpt>
      <trkpt lat="6.92675" lon="125.40873">
        <ele>904.92</ele>
      </trkpt>
      <trkpt lat="6.9267" lon="125.40872">
        <ele>906.1</ele>
      </trkpt>
      <trkpt lat="6.92666" lon="125.40871">
        <ele>907.08</ele>
      </trkpt>
      <trkpt lat="6.92664" lon="125.40871">
        <ele>907.51</ele>
      </trkpt>
      <trkpt lat="6.92661" lon="125.4087">
        <ele>908.26</ele>
      </trkpt>
      <trkpt lat="6.92658" lon="125.40867">
        <ele>909.24</ele>
      </trkpt>
      <trkpt lat="6.92654" lon="125.40864">
        <ele>910.42</ele>
      </trkpt>
      <trkpt lat="6.92651" lon="125.40862">
        <ele>911.29</ele>
      </trkpt>
      <trkpt lat="6.92649" lon="125.40862">
        <ele>911.72</ele>
      </trkpt>
      <trkpt lat="6.92645" lon="125.40863">
        <ele>912.48</ele>
      </trkpt>
      <trkpt lat="6.92638" lon="125.40863">
        <ele>914.02</ele>
      </trkpt>
      <trkpt lat="6.92633" lon="125.40863">
        <ele>915.25</ele>
      </trkpt>
      <trkpt lat="6.92629" lon="125.40862">
        <ele>916.37</ele>
      </trkpt>
      <trkpt lat="6.92625" lon="125.4086">
        <ele>917.66</ele>
      </trkpt>
      <trkpt lat="6.92621" lon="125.40859">
        <ele>918.81</ele>
      </trkpt>
      <trkpt lat="6.92618" lon="125.40859">
        <ele>919.57</ele>
      </trkpt>
      <trkpt lat="6.92615" lon="125.4086">
        <ele>920.18</ele>
      </trkpt>
      <trkpt lat="6.92611" lon="125.4086">
        <ele>921.18</ele>
      </trkpt>
      <trkpt lat="6.92608" lon="125.4086">
        <ele>921.84</ele>
      </trkpt>
      <trkpt lat="6.92603" lon="125.40859">
        <ele>923.1</ele>
      </trkpt>
      <trkpt lat="6.926" lon="125.40857">
        <ele>924.11</ele>
      </trkpt>
      <trkpt lat="6.92596" lon="125.40855">
        <ele>925.38</ele>
      </trkpt>
      <trkpt lat="6.92592" lon="125.40855">
        <ele>926.31</ele>
      </trkpt>
      <trkpt lat="6.92588" lon="125.40855">
        <ele>927.24</ele>
      </trkpt>
      <trkpt lat="6.92586" lon="125.40856">
        <ele>927.49</ele>
      </trkpt>
      <trkpt lat="6.92582" lon="125.40856">
        <ele>928.94</ele>
      </trkpt>
      <trkpt lat="6.92579" lon="125.40855">
        <ele>931.04</ele>
      </trkpt>
      <trkpt lat="6.92574" lon="125.40853">
        <ele>934.66</ele>
      </trkpt>
      <trkpt lat="6.9257" lon="125.40853">
        <ele>937.19</ele>
      </trkpt>
      <trkpt lat="6.92564" lon="125.40853">
        <ele>940.99</ele>
      </trkpt>
      <trkpt lat="6.92555" lon="125.40854">
        <ele>946.42</ele>
      </trkpt>
      <trkpt lat="6.92547" lon="125.40854">
        <ele>951.75</ele>
      </trkpt>
      <trkpt lat="6.92541" lon="125.40854">
        <ele>955.75</ele>
      </trkpt>
      <trkpt lat="6.92535" lon="125.40852">
        <ele>960.43</ele>
      </trkpt>
      <trkpt lat="6.92527" lon="125.40849">
        <ele>966.86</ele>
      </trkpt>
      <trkpt lat="6.92518" lon="125.40845">
        <ele>974.19</ele>
      </trkpt>
      <trkpt lat="6.92513" lon="125.40843">
        <ele>978.26</ele>
      </trkpt>
      <trkpt lat="6.92509" lon="125.40842">
        <ele>981.3</ele>
      </trkpt>
      <trkpt lat="6.92505" lon="125.40841">
        <ele>984.37</ele>
      </trkpt>
      <trkpt lat="6.92501" lon="125.40839">
        <ele>987.88</ele>
      </trkpt>
      <trkpt lat="6.92497" lon="125.40838">
        <ele>990.19</ele>
      </trkpt>
      <trkpt lat="6.92494" lon="125.40837">
        <ele>991.87</ele>
      </trkpt>
      <trkpt lat="6.9249" lon="125.40837">
        <ele>993.5</ele>
      </trkpt>
      <trkpt lat="6.92486" lon="125.40838">
        <ele>994.61</ele>
      </trkpt>
      <trkpt lat="6.92482" lon="125.40839">
        <ele>995.67</ele>
      </trkpt>
      <trkpt lat="6.92477" lon="125.40841">
        <ele>996.48</ele>
      </trkpt>
      <trkpt lat="6.92473" lon="125.40841">
        <ele>998.01</ele>
      </trkpt>
      <trkpt lat="6.9247" lon="125.40841">
        <ele>999.14</ele>
      </trkpt>
      <trkpt lat="6.92467" lon="125.4084">
        <ele>1000.91</ele>
      </trkpt>
      <trkpt lat="6.92465" lon="125.40837">
        <ele>1003.67</ele>
      </trkpt>
      <trkpt lat="6.92462" lon="125.40834">
        <ele>1006.96</ele>
      </trkpt>
      <trkpt lat="6.92459" lon="125.40833">
        <ele>1008.63</ele>
      </trkpt>
      <trkpt lat="6.92456" lon="125.40833">
        <ele>1009.93</ele>
      </trkpt>
      <trkpt lat="6.92452" lon="125.40834">
        <ele>1011.22</ele>
      </trkpt>
      <trkpt lat="6.9245" lon="125.40835">
        <ele>1011.29</ele>
      </trkpt>
      <trkpt lat="6.92447" lon="125.40836">
        <ele>1011.74</ele>
      </trkpt>
      <trkpt lat="6.92443" lon="125.40836">
        <ele>1013.39</ele>
      </trkpt>
      <trkpt lat="6.92439" lon="125.40835">
        <ele>1015.91</ele>
      </trkpt>
      <trkpt lat="6.92435" lon="125.40836">
        <ele>1016.71</ele>
      </trkpt>
      <trkpt lat="6.92432" lon="125.40837">
        <ele>1017.04</ele>
      </trkpt>
      <trkpt lat="6.92428" lon="125.40838">
        <ele>1017.74</ele>
      </trkpt>
      <trkpt lat="6.92423" lon="125.40837">
        <ele>1020.72</ele>
      </trkpt>
      <trkpt lat="6.92417" lon="125.40834">
        <ele>1026.19</ele>
      </trkpt>
      <trkpt lat="6.92399" lon="125.40818">
        <ele>1028.92</ele>
      </trkpt>
      <trkpt lat="6.92385" lon="125.40803">
        <ele>1033.32</ele>
      </trkpt>
      <trkpt lat="6.92378" lon="125.40794">
        <ele>1036.81</ele>
      </trkpt>
      <trkpt lat="6.92376" lon="125.40789">
        <ele>1038.42</ele>
      </trkpt>
      <trkpt lat="6.92376" lon="125.40783">
        <ele>1039.57</ele>
      </trkpt>
      <trkpt lat="6.92376" lon="125.40778">
        <ele>1040.53</ele>
      </trkpt>
      <trkpt lat="6.92375" lon="125.40773">
        <ele>1042.03</ele>
      </trkpt>
      <trkpt lat="6.92372" lon="125.40767">
        <ele>1044.88</ele>
      </trkpt>
      <trkpt lat="6.92367" lon="125.40757">
        <ele>1050.24</ele>
      </trkpt>
      <trkpt lat="6.92363" lon="125.40748">
        <ele>1054.28</ele>
      </trkpt>
      <trkpt lat="6.92358" lon="125.4074">
        <ele>1055.34</ele>
      </trkpt>
      <trkpt lat="6.92346" lon="125.40728">
        <ele>1059.27</ele>
      </trkpt>
      <trkpt lat="6.92337" lon="125.40721">
        <ele>1062.55</ele>
      </trkpt>
      <trkpt lat="6.92329" lon="125.40716">
        <ele>1063.62</ele>
      </trkpt>
      <trkpt lat="6.92314" lon="125.4071">
        <ele>1063.79</ele>
      </trkpt>
      <trkpt lat="6.92301" lon="125.40705">
        <ele>1064.47</ele>
      </trkpt>
      <trkpt lat="6.92293" lon="125.40703">
        <ele>1065.24</ele>
      </trkpt>
      <trkpt lat="6.92288" lon="125.40702">
        <ele>1065.83</ele>
      </trkpt>
      <trkpt lat="6.92282" lon="125.40701">
        <ele>1066.62</ele>
      </trkpt>
      <trkpt lat="6.92274" lon="125.40698">
        <ele>1067.76</ele>
      </trkpt>
      <trkpt lat="6.92267" lon="125.40697">
        <ele>1068.92</ele>
      </trkpt>
      <trkpt lat="6.92259" lon="125.40696">
        <ele>1070.32</ele>
      </trkpt>
      <trkpt lat="6.92254" lon="125.40696">
        <ele>1071.19</ele>
      </trkpt>
      <trkpt lat="6.92247" lon="125.40696">
        <ele>1072.42</ele>
      </trkpt>
      <trkpt lat="6.92241" lon="125.40694">
        <ele>1073.66</ele>
      </trkpt>
      <trkpt lat="6.92224" lon="125.40687">
        <ele>1077.47</ele>
      </trkpt>
      <trkpt lat="6.922" lon="125.40679">
        <ele>1083.11</ele>
      </trkpt>
      <trkpt lat="6.92185" lon="125.40674">
        <ele>1086.8</ele>
      </trkpt>
      <trkpt lat="6.92177" lon="125.40671">
        <ele>1088.95</ele>
      </trkpt>
      <trkpt lat="6.92169" lon="125.40668">
        <ele>1091.22</ele>
      </trkpt>
      <trkpt lat="6.92161" lon="125.40666">
        <ele>1093.16</ele>
      </trkpt>
      <trkpt lat="6.92156" lon="125.40665">
        <ele>1094.03</ele>
      </trkpt>
      <trkpt lat="6.92148" lon="125.40666">
        <ele>1096.44</ele>
      </trkpt>
      <trkpt lat="6.92138" lon="125.40666">
        <ele>1098.93</ele>
      </trkpt>
      <trkpt lat="6.92132" lon="125.40665">
        <ele>1099.86</ele>
      </trkpt>
      <trkpt lat="6.9212" lon="125.40663">
        <ele>1101.81</ele>
      </trkpt>
      <trkpt lat="6.92098" lon="125.4066">
        <ele>1106.26</ele>
      </trkpt>
      <trkpt lat="6.92088" lon="125.40658">
        <ele>1108.28</ele>
      </trkpt>
      <trkpt lat="6.9208" lon="125.40654">
        <ele>1110.58</ele>
      </trkpt>
      <trkpt lat="6.92073" lon="125.40648">
        <ele>1113.44</ele>
      </trkpt>
      <trkpt lat="6.92065" lon="125.40645">
        <ele>1117.79</ele>
      </trkpt>
      <trkpt lat="6.92059" lon="125.40645">
        <ele>1121.72</ele>
      </trkpt>
      <trkpt lat="6.92053" lon="125.40646">
        <ele>1126.03</ele>
      </trkpt>
      <trkpt lat="6.92047" lon="125.40648">
        <ele>1130.7</ele>
      </trkpt>
      <trkpt lat="6.92036" lon="125.40652">
        <ele>1139.29</ele>
      </trkpt>
      <trkpt lat="6.92025" lon="125.40653">
        <ele>1146.91</ele>
      </trkpt>
      <trkpt lat="6.92019" lon="125.40653">
        <ele>1150.91</ele>
      </trkpt>
      <trkpt lat="6.92012" lon="125.40651">
        <ele>1154.96</ele>
      </trkpt>
      <trkpt lat="6.92005" lon="125.40646">
        <ele>1158.02</ele>
      </trkpt>
      <trkpt lat="6.91996" lon="125.40644">
        <ele>1163.92</ele>
      </trkpt>
      <trkpt lat="6.91987" lon="125.40644">
        <ele>1171.25</ele>
      </trkpt>
      <trkpt lat="6.91983" lon="125.40644">
        <ele>1174.51</ele>
      </trkpt>
      <trkpt lat="6.91976" lon="125.40647">
        <ele>1181.0</ele>
      </trkpt>
      <trkpt lat="6.91959" lon="125.40656">
        <ele>1196.78</ele>
      </trkpt>
      <trkpt lat="6.91941" lon="125.40664">
        <ele>1212.94</ele>
      </trkpt>
      <trkpt lat="6.91929" lon="125.4067">
        <ele>1221.2</ele>
      </trkpt>
      <trkpt lat="6.91921" lon="125.40675">
        <ele>1224.5</ele>
      </trkpt>
      <trkpt lat="6.91916" lon="125.40677">
        <ele>1226.73</ele>
      </trkpt>
      <trkpt lat="6.91912" lon="125.40678">
        <ele>1228.03</ele>
      </trkpt>
      <trkpt lat="6.91908" lon="125.40677">
        <ele>1230.4</ele>
      </trkpt>
      <trkpt lat="6.91899" lon="125.40668">
        <ele>1238.97</ele>
      </trkpt>
      <trkpt lat="6.9189" lon="125.40662">
        <ele>1242.35</ele>
      </trkpt>
      <trkpt lat="6.91881" lon="125.40656">
        <ele>1244.33</ele>
      </trkpt>
      <trkpt lat="6.91874" lon="125.40656">
        <ele>1247.0</ele>
      </trkpt>
      <trkpt lat="6.91869" lon="125.40657">
        <ele>1249.19</ele>
      </trkpt>
      <trkpt lat="6.91865" lon="125.40658">
        <ele>1251.01</ele>
      </trkpt>
      <trkpt lat="6.91859" lon="125.40658">
        <ele>1253.39</ele>
      </trkpt>
      <trkpt lat="6.91852" lon="125.40656">
        <ele>1255.74</ele>
      </trkpt>
      <trkpt lat="6.91846" lon="125.40657">
        <ele>1258.55</ele>
      </trkpt>
      <trkpt lat="6.91841" lon="125.40659">
        <ele>1261.28</ele>
      </trkpt>
      <trkpt lat="6.91836" lon="125.40662">
        <ele>1264.35</ele>
      </trkpt>
      <trkpt lat="6.91827" lon="125.40666">
        <ele>1267.23</ele>
      </trkpt>
      <trkpt lat="6.91821" lon="125.40667">
        <ele>1267.79</ele>
      </trkpt>
      <trkpt lat="6.91802" lon="125.40668">
        <ele>1268.75</ele>
      </trkpt>
      <trkpt lat="6.91791" lon="125.40667">
        <ele>1269.43</ele>
      </trkpt>
      <trkpt lat="6.91783" lon="125.40665">
        <ele>1269.1</ele>
      </trkpt>
      <trkpt lat="6.91775" lon="125.40661">
        <ele>1267.73</ele>
      </trkpt>
      <trkpt lat="6.91768" lon="125.40655">
        <ele>1265.52</ele>
      </trkpt>
      <trkpt lat="6.91759" lon="125.40646">
        <ele>1261.92</ele>
      </trkpt>
      <trkpt lat="6.91754" lon="125.40642">
        <ele>1260.3</ele>
      </trkpt>
      <trkpt lat="6.91749" lon="125.40639">
        <ele>1258.62</ele>
      </trkpt>
      <trkpt lat="6.91743" lon="125.40639">
        <ele>1256.02</ele>
      </trkpt>
      <trkpt lat="6.91738" lon="125.40639">
        <ele>1253.86</ele>
      </trkpt>
      <trkpt lat="6.91735" lon="125.4064">
        <ele>1252.95</ele>
      </trkpt>
      <trkpt lat="6.9173" lon="125.40643">
        <ele>1251.86</ele>
      </trkpt>
      <trkpt lat="6.91694" lon="125.40621">
        <ele>1231.63</ele>
      </trkpt>
      <trkpt lat="6.91674" lon="125.40609">
        <ele>1223.96</ele>
      </trkpt>
      <trkpt lat="6.91657" lon="125.40605">
        <ele>1218.68</ele>
      </trkpt>
      <trkpt lat="6.91644" lon="125.40599">
        <ele>1215.18</ele>
      </trkpt>
      <trkpt lat="6.91634" lon="125.40594">
        <ele>1213.14</ele>
      </trkpt>
      <trkpt lat="6.91619" lon="125.40584">
        <ele>1211.54</ele>
      </trkpt>
      <trkpt lat="6.91609" lon="125.40576">
        <ele>1206.53</ele>
      </trkpt>
      <trkpt lat="6.91599" lon="125.40565">
        <ele>1201.05</ele>
      </trkpt>
      <trkpt lat="6.91589" lon="125.40555">
        <ele>1197.04</ele>
      </trkpt>
      <trkpt lat="6.91575" lon="125.40543">
        <ele>1191.62</ele>
      </trkpt>
      <trkpt lat="6.91559" lon="125.40529">
        <ele>1187.37</ele>
      </trkpt>
      <trkpt lat="6.91552" lon="125.40523">
        <ele>1187.11</ele>
      </trkpt>
      <trkpt lat="6.91542" lon="125.40514">
        <ele>1188.7</ele>
      </trkpt>
      <trkpt lat="6.91535" lon="125.40504">
        <ele>1192.08</ele>
      </trkpt>
      <trkpt lat="6.91526" lon="125.40492">
        <ele>1196.28</ele>
      </trkpt>
      <trkpt lat="6.91515" lon="125.4048">
        <ele>1200.58</ele>
      </trkpt>
      <trkpt lat="6.915" lon="125.40467">
        <ele>1206.94</ele>
      </trkpt>
      <trkpt lat="6.91488" lon="125.40457">
        <ele>1204.31</ele>
      </trkpt>
      <trkpt lat="6.91476" lon="125.40446">
        <ele>1203.57</ele>
      </trkpt>
      <trkpt lat="6.91467" lon="125.40431">
        <ele>1206.88</ele>
      </trkpt>
      <trkpt lat="6.91461" lon="125.40414">
        <ele>1213.17</ele>
      </trkpt>
      <trkpt lat="6.91457" lon="125.40397">
        <ele>1219.44</ele>
      </trkpt>
      <trkpt lat="6.91456" lon="125.4038">
        <ele>1226.21</ele>
      </trkpt>
      <trkpt lat="6.9145" lon="125.40356">
        <ele>1237.24</ele>
      </trkpt>
      <trkpt lat="6.91441" lon="125.40345">
        <ele>1244.45</ele>
      </trkpt>
      <trkpt lat="6.91423" lon="125.40329">
        <ele>1256.27</ele>
      </trkpt>
      <trkpt lat="6.91405" lon="125.40307">
        <ele>1258.17</ele>
      </trkpt>
      <trkpt lat="6.91394" lon="125.40295">
        <ele>1259.1</ele>
      </trkpt>
      <trkpt lat="6.91389" lon="125.4028">
        <ele>1263.28</ele>
      </trkpt>
      <trkpt lat="6.91386" lon="125.40262">
        <ele>1269.53</ele>
      </trkpt>
      <trkpt lat="6.9138" lon="125.4025">
        <ele>1275.24</ele>
      </trkpt>
      <trkpt lat="6.91367" lon="125.40233">
        <ele>1279.48</ele>
      </trkpt>
      <trkpt lat="6.91356" lon="125.4022">
        <ele>1283.86</ele>
      </trkpt>
      <trkpt lat="6.91344" lon="125.4021">
        <ele>1289.24</ele>
      </trkpt>
      <trkpt lat="6.91335" lon="125.40202">
        <ele>1293.97</ele>
      </trkpt>
      <trkpt lat="6.91327" lon="125.40191">
        <ele>1293.4</ele>
      </trkpt>
      <trkpt lat="6.91324" lon="125.40177">
        <ele>1295.58</ele>
      </trkpt>
      <trkpt lat="6.91319" lon="125.40157">
        <ele>1299.16</ele>
      </trkpt>
      <trkpt lat="6.91292" lon="125.40113">
        <ele>1310.23</ele>
      </trkpt>
      <trkpt lat="6.9127" lon="125.40078">
        <ele>1328.17</ele>
      </trkpt>
      <trkpt lat="6.91256" lon="125.40053">
        <ele>1337.88</ele>
      </trkpt>
      <trkpt lat="6.9125" lon="125.40035">
        <ele>1344.18</ele>
      </trkpt>
      <trkpt lat="6.9125" lon="125.4">
        <ele>1325.0</ele>
      </trkpt>
      <trkpt lat="6.91254" lon="125.39949">
        <ele>1332.41</ele>
      </trkpt>
      <trkpt lat="6.91261" lon="125.39885">
        <ele>1356.6</ele>
      </trkpt>
      <trkpt lat="6.91266" lon="125.39847">
        <ele>1357.34</ele>
      </trkpt>
      <trkpt lat="6.91275" lon="125.39806">
        <ele>1363.29</ele>
      </trkpt>
      <trkpt lat="6.91285" lon="125.39764">
        <ele>1373.82</ele>
      </trkpt>
      <trkpt lat="6.91287" lon="125.39752">
        <ele>1376.81</ele>
      </trkpt>
      <trkpt lat="6.91287" lon="125.39738">
        <ele>1375.9</ele>
      </trkpt>
      <trkpt lat="6.91285" lon="125.39728">
        <ele>1374.9</ele>
      </trkpt>
      <trkpt lat="6.91287" lon="125.39738">
        <ele>1375.9</ele>
      </trkpt>
      <trkpt lat="6.91287" lon="125.39752">
        <ele>1376.81</ele>
      </trkpt>
      <trkpt lat="6.91285" lon="125.39764">
        <ele>1373.82</ele>
      </trkpt>
      <trkpt lat="6.91275" lon="125.39806">
        <ele>1363.29</ele>
      </trkpt>
      <trkpt lat="6.91266" lon="125.39847">
        <ele>1357.34</ele>
      </trkpt>
      <trkpt lat="6.91261" lon="125.39885">
        <ele>1356.6</ele>
      </trkpt>
      <trkpt lat="6.91254" lon="125.39949">
        <ele>1332.41</ele>
      </trkpt>
      <trkpt lat="6.9125" lon="125.4">
        <ele>1325.0</ele>
      </trkpt>
      <trkpt lat="6.9125" lon="125.40035">
        <ele>1344.18</ele>
      </trkpt>
      <trkpt lat="6.91256" lon="125.40053">
        <ele>1337.88</ele>
      </trkpt>
      <trkpt lat="6.9127" lon="125.40078">
        <ele>1328.17</ele>
      </trkpt>
      <trkpt lat="6.91292" lon="125.40113">
        <ele>1310.23</ele>
      </trkpt>
      <trkpt lat="6.91319" lon="125.40157">
        <ele>1299.16</ele>
      </trkpt>
      <trkpt lat="6.91324" lon="125.40177">
        <ele>1295.58</ele>
      </trkpt>
      <trkpt lat="6.91327" lon="125.40191">
        <ele>1293.4</ele>
      </trkpt>
      <trkpt lat="6.91335" lon="125.40202">
        <ele>1293.97</ele>
      </trkpt>
      <trkpt lat="6.91344" lon="125.4021">
        <ele>1289.24</ele>
      </trkpt>
      <trkpt lat="6.91356" lon="125.4022">
        <ele>1283.86</ele>
      </trkpt>
      <trkpt lat="6.91367" lon="125.40233">
        <ele>1279.48</ele>
      </trkpt>
      <trkpt lat="6.9138" lon="125.4025">
        <ele>1275.24</ele>
      </trkpt>
      <trkpt lat="6.91386" lon="125.40262">
        <ele>1269.53</ele>
      </trkpt>
      <trkpt lat="6.91389" lon="125.4028">
        <ele>1263.28</ele>
      </trkpt>
      <trkpt lat="6.91394" lon="125.40295">
        <ele>1259.1</ele>
      </trkpt>
      <trkpt lat="6.91405" lon="125.40307">
        <ele>1258.17</ele>
      </trkpt>
      <trkpt lat="6.91423" lon="125.40329">
        <ele>1256.27</ele>
      </trkpt>
      <trkpt lat="6.91441" lon="125.40345">
        <ele>1244.45</ele>
      </trkpt>
      <trkpt lat="6.9145" lon="125.40356">
        <ele>1237.24</ele>
      </trkpt>
      <trkpt lat="6.91456" lon="125.4038">
        <ele>1226.21</ele>
      </trkpt>
      <trkpt lat="6.91457" lon="125.40397">
        <ele>1219.44</ele>
      </trkpt>
      <trkpt lat="6.91461" lon="125.40414">
        <ele>1213.17</ele>
      </trkpt>
      <trkpt lat="6.91467" lon="125.40431">
        <ele>1206.88</ele>
      </trkpt>
      <trkpt lat="6.91476" lon="125.40446">
        <ele>1203.57</ele>
      </trkpt>
      <trkpt lat="6.91488" lon="125.40457">
        <ele>1204.31</ele>
      </trkpt>
      <trkpt lat="6.915" lon="125.40467">
        <ele>1206.94</ele>
      </trkpt>
      <trkpt lat="6.91515" lon="125.4048">
        <ele>1200.58</ele>
      </trkpt>
      <trkpt lat="6.91526" lon="125.40492">
        <ele>1196.28</ele>
      </trkpt>
      <trkpt lat="6.91535" lon="125.40504">
        <ele>1192.08</ele>
      </trkpt>
      <trkpt lat="6.91542" lon="125.40514">
        <ele>1188.7</ele>
      </trkpt>
      <trkpt lat="6.91552" lon="125.40523">
        <ele>1187.11</ele>
      </trkpt>
      <trkpt lat="6.91559" lon="125.40529">
        <ele>1187.37</ele>
      </trkpt>
      <trkpt lat="6.91575" lon="125.40543">
        <ele>1191.62</ele>
      </trkpt>
      <trkpt lat="6.91589" lon="125.40555">
        <ele>1197.04</ele>
      </trkpt>
      <trkpt lat="6.91599" lon="125.40565">
        <ele>1201.05</ele>
      </trkpt>
      <trkpt lat="6.91609" lon="125.40576">
        <ele>1206.53</ele>
      </trkpt>
      <trkpt lat="6.91619" lon="125.40584">
        <ele>1211.54</ele>
      </trkpt>
      <trkpt lat="6.91634" lon="125.40594">
        <ele>1213.14</ele>
      </trkpt>
      <trkpt lat="6.91644" lon="125.40599">
        <ele>1215.18</ele>
      </trkpt>
      <trkpt lat="6.91657" lon="125.40605">
        <ele>1218.68</ele>
      </trkpt>
      <trkpt lat="6.91674" lon="125.40609">
        <ele>1223.96</ele>
      </trkpt>
      <trkpt lat="6.91694" lon="125.40621">
        <ele>1231.63</ele>
      </trkpt>
      <trkpt lat="6.9173" lon="125.40643">
        <ele>1251.86</ele>
      </trkpt>
      <trkpt lat="6.91735" lon="125.4064">
        <ele>1252.95</ele>
      </trkpt>
      <trkpt lat="6.91738" lon="125.40639">
        <ele>1253.86</ele>
      </trkpt>
      <trkpt lat="6.91743" lon="125.40639">
        <ele>1256.02</ele>
      </trkpt>
      <trkpt lat="6.91749" lon="125.40639">
        <ele>1258.62</ele>
      </trkpt>
      <trkpt lat="6.91754" lon="125.40642">
        <ele>1260.3</ele>
      </trkpt>
      <trkpt lat="6.91759" lon="125.40646">
        <ele>1261.92</ele>
      </trkpt>
      <trkpt lat="6.91768" lon="125.40655">
        <ele>1265.52</ele>
      </trkpt>
      <trkpt lat="6.91775" lon="125.40661">
        <ele>1267.73</ele>
      </trkpt>
      <trkpt lat="6.91783" lon="125.40665">
        <ele>1269.1</ele>
      </trkpt>
      <trkpt lat="6.91791" lon="125.40667">
        <ele>1269.43</ele>
      </trkpt>
      <trkpt lat="6.91802" lon="125.40668">
        <ele>1268.75</ele>
      </trkpt>
      <trkpt lat="6.91821" lon="125.40667">
        <ele>1267.79</ele>
      </trkpt>
      <trkpt lat="6.91827" lon="125.40666">
        <ele>1267.23</ele>
      </trkpt>
      <trkpt lat="6.91836" lon="125.40662">
        <ele>1264.35</ele>
      </trkpt>
      <trkpt lat="6.91841" lon="125.40659">
        <ele>1261.28</ele>
      </trkpt>
      <trkpt lat="6.91846" lon="125.40657">
        <ele>1258.55</ele>
      </trkpt>
      <trkpt lat="6.91852" lon="125.40656">
        <ele>1255.74</ele>
      </trkpt>
      <trkpt lat="6.91859" lon="125.40658">
        <ele>1253.39</ele>
      </trkpt>
      <trkpt lat="6.91865" lon="125.40658">
        <ele>1251.01</ele>
      </trkpt>
      <trkpt lat="6.91869" lon="125.40657">
        <ele>1249.19</ele>
      </trkpt>
      <trkpt lat="6.91874" lon="125.40656">
        <ele>1247.0</ele>
      </trkpt>
      <trkpt lat="6.91881" lon="125.40656">
        <ele>1244.33</ele>
      </trkpt>
      <trkpt lat="6.9189" lon="125.40662">
        <ele>1242.35</ele>
      </trkpt>
      <trkpt lat="6.91899" lon="125.40668">
        <ele>1238.97</ele>
      </trkpt>
      <trkpt lat="6.91908" lon="125.40677">
        <ele>1230.4</ele>
      </trkpt>
      <trkpt lat="6.91912" lon="125.40678">
        <ele>1228.03</ele>
      </trkpt>
      <trkpt lat="6.91916" lon="125.40677">
        <ele>1226.73</ele>
      </trkpt>
      <trkpt lat="6.91921" lon="125.40675">
        <ele>1224.5</ele>
      </trkpt>
      <trkpt lat="6.91929" lon="125.4067">
        <ele>1221.2</ele>
      </trkpt>
      <trkpt lat="6.91941" lon="125.40664">
        <ele>1212.94</ele>
      </trkpt>
      <trkpt lat="6.91959" lon="125.40656">
        <ele>1196.78</ele>
      </trkpt>
      <trkpt lat="6.91976" lon="125.40647">
        <ele>1181.0</ele>
      </trkpt>
      <trkpt lat="6.91983" lon="125.40644">
        <ele>1174.51</ele>
      </trkpt>
      <trkpt lat="6.91987" lon="125.40644">
        <ele>1171.25</ele>
      </trkpt>
      <trkpt lat="6.91996" lon="125.40644">
        <ele>1163.92</ele>
      </trkpt>
      <trkpt lat="6.92005" lon="125.40646">
        <ele>1158.02</ele>
      </trkpt>
      <trkpt lat="6.92012" lon="125.40651">
        <ele>1154.96</ele>
      </trkpt>
      <trkpt lat="6.92019" lon="125.40653">
        <ele>1150.91</ele>
      </trkpt>
      <trkpt lat="6.92025" lon="125.40653">
        <ele>1146.91</ele>
      </trkpt>
      <trkpt lat="6.92036" lon="125.40652">
        <ele>1139.29</ele>
      </trkpt>
      <trkpt lat="6.92047" lon="125.40648">
        <ele>1130.7</ele>
      </trkpt>
      <trkpt lat="6.92053" lon="125.40646">
        <ele>1126.03</ele>
      </trkpt>
      <trkpt lat="6.92059" lon="125.40645">
        <ele>1121.72</ele>
      </trkpt>
      <trkpt lat="6.92065" lon="125.40645">
        <ele>1117.79</ele>
      </trkpt>
      <trkpt lat="6.92073" lon="125.40648">
        <ele>1113.44</ele>
      </trkpt>
      <trkpt lat="6.9208" lon="125.40654">
        <ele>1110.58</ele>
      </trkpt>
      <trkpt lat="6.92088" lon="125.40658">
        <ele>1108.28</ele>
      </trkpt>
      <trkpt lat="6.92098" lon="125.4066">
        <ele>1106.26</ele>
      </trkpt>
      <trkpt lat="6.9212" lon="125.40663">
        <ele>1101.81</ele>
      </trkpt>
      <trkpt lat="6.92132" lon="125.40665">
        <ele>1099.86</ele>
      </trkpt>
      <trkpt lat="6.92138" lon="125.40666">
        <ele>1098.93</ele>
      </trkpt>
      <trkpt lat="6.92148" lon="125.40666">
        <ele>1096.44</ele>
      </trkpt>
      <trkpt lat="6.92156" lon="125.40665">
        <ele>1094.03</ele>
      </trkpt>
      <trkpt lat="6.92161" lon="125.40666">
        <ele>1093.16</ele>
      </trkpt>
      <trkpt lat="6.92169" lon="125.40668">
        <ele>1091.22</ele>
      </trkpt>
      <trkpt lat="6.92177" lon="125.40671">
        <ele>1088.95</ele>
      </trkpt>
      <trkpt lat="6.92185" lon="125.40674">
        <ele>1086.8</ele>
      </trkpt>
      <trkpt lat="6.922" lon="125.40679">
        <ele>1083.11</ele>
      </trkpt>
      <trkpt lat="6.92224" lon="125.40687">
        <ele>1077.47</ele>
      </trkpt>
      <trkpt lat="6.92241" lon="125.40694">
        <ele>1073.66</ele>
      </trkpt>
      <trkpt lat="6.92247" lon="125.40696">
        <ele>1072.42</ele>
      </trkpt>
      <trkpt lat="6.92254" lon="125.40696">
        <ele>1071.19</ele>
      </trkpt>
      <trkpt lat="6.92259" lon="125.40696">
        <ele>1070.32</ele>
      </trkpt>
      <trkpt lat="6.92267" lon="125.40697">
        <ele>1068.92</ele>
      </trkpt>
      <trkpt lat="6.92274" lon="125.40698">
        <ele>1067.76</ele>
      </trkpt>
      <trkpt lat="6.92282" lon="125.40701">
        <ele>1066.62</ele>
      </trkpt>
      <trkpt lat="6.92288" lon="125.40702">
        <ele>1065.83</ele>
      </trkpt>
      <trkpt lat="6.92293" lon="125.40703">
        <ele>1065.24</ele>
      </trkpt>
      <trkpt lat="6.92301" lon="125.40705">
        <ele>1064.47</ele>
      </trkpt>
      <trkpt lat="6.92314" lon="125.4071">
        <ele>1063.79</ele>
      </trkpt>
      <trkpt lat="6.92329" lon="125.40716">
        <ele>1063.62</ele>
      </trkpt>
      <trkpt lat="6.92337" lon="125.40721">
        <ele>1062.55</ele>
      </trkpt>
      <trkpt lat="6.92346" lon="125.40728">
        <ele>1059.27</ele>
      </trkpt>
      <trkpt lat="6.92358" lon="125.4074">
        <ele>1055.34</ele>
      </trkpt>
      <trkpt lat="6.92363" lon="125.40748">
        <ele>1054.28</ele>
      </trkpt>
      <trkpt lat="6.92367" lon="125.40757">
        <ele>1050.24</ele>
      </trkpt>
      <trkpt lat="6.92372" lon="125.40767">
        <ele>1044.88</ele>
      </trkpt>
      <trkpt lat="6.92375" lon="125.40773">
        <ele>1042.03</ele>
      </trkpt>
      <trkpt lat="6.92376" lon="125.40778">
        <ele>1040.53</ele>
      </trkpt>
      <trkpt lat="6.92376" lon="125.40783">
        <ele>1039.57</ele>
      </trkpt>
      <trkpt lat="6.92376" lon="125.40789">
        <ele>1038.42</ele>
      </trkpt>
      <trkpt lat="6.92378" lon="125.40794">
        <ele>1036.81</ele>
      </trkpt>
      <trkpt lat="6.92385" lon="125.40803">
        <ele>1033.32</ele>
      </trkpt>
      <trkpt lat="6.92399" lon="125.40818">
        <ele>1028.92</ele>
      </trkpt>
      <trkpt lat="6.92417" lon="125.40834">
        <ele>1026.19</ele>
      </trkpt>
      <trkpt lat="6.92423" lon="125.40837">
        <ele>1020.72</ele>
      </trkpt>
      <trkpt lat="6.92428" lon="125.40838">
        <ele>1017.74</ele>
      </trkpt>
      <trkpt lat="6.92432" lon="125.40837">
        <ele>1017.04</ele>
      </trkpt>
      <trkpt lat="6.92435" lon="125.40836">
        <ele>1016.71</ele>
      </trkpt>
      <trkpt lat="6.92439" lon="125.40835">
        <ele>1015.91</ele>
      </trkpt>
      <trkpt lat="6.92443" lon="125.40836">
        <ele>1013.39</ele>
      </trkpt>
      <trkpt lat="6.92447" lon="125.40836">
        <ele>1011.74</ele>
      </trkpt>
      <trkpt lat="6.9245" lon="125.40835">
        <ele>1011.29</ele>
      </trkpt>
      <trkpt lat="6.92452" lon="125.40834">
        <ele>1011.22</ele>
      </trkpt>
      <trkpt lat="6.92456" lon="125.40833">
        <ele>1009.93</ele>
      </trkpt>
      <trkpt lat="6.92459" lon="125.40833">
        <ele>1008.63</ele>
      </trkpt>
      <trkpt lat="6.92462" lon="125.40834">
        <ele>1006.96</ele>
      </trkpt>
      <trkpt lat="6.92465" lon="125.40837">
        <ele>1003.67</ele>
      </trkpt>
      <trkpt lat="6.92467" lon="125.4084">
        <ele>1000.91</ele>
      </trkpt>
      <trkpt lat="6.9247" lon="125.40841">
        <ele>999.14</ele>
      </trkpt>
      <trkpt lat="6.92473" lon="125.40841">
        <ele>998.01</ele>
      </trkpt>
      <trkpt lat="6.92477" lon="125.40841">
        <ele>996.48</ele>
      </trkpt>
      <trkpt lat="6.92482" lon="125.40839">
        <ele>995.67</ele>
      </trkpt>
      <trkpt lat="6.92486" lon="125.40838">
        <ele>994.61</ele>
      </trkpt>
      <trkpt lat="6.9249" lon="125.40837">
        <ele>993.5</ele>
      </trkpt>
      <trkpt lat="6.92494" lon="125.40837">
        <ele>991.87</ele>
      </trkpt>
      <trkpt lat="6.92497" lon="125.40838">
        <ele>990.19</ele>
      </trkpt>
      <trkpt lat="6.92501" lon="125.40839">
        <ele>987.88</ele>
      </trkpt>
      <trkpt lat="6.92505" lon="125.40841">
        <ele>984.37</ele>
      </trkpt>
      <trkpt lat="6.92509" lon="125.40842">
        <ele>981.3</ele>
      </trkpt>
      <trkpt lat="6.92513" lon="125.40843">
        <ele>978.26</ele>
      </trkpt>
      <trkpt lat="6.92518" lon="125.40845">
        <ele>974.19</ele>
      </trkpt>
      <trkpt lat="6.92527" lon="125.40849">
        <ele>966.86</ele>
      </trkpt>
      <trkpt lat="6.92535" lon="125.40852">
        <ele>960.43</ele>
      </trkpt>
      <trkpt lat="6.92541" lon="125.40854">
        <ele>955.75</ele>
      </trkpt>
      <trkpt lat="6.92547" lon="125.40854">
        <ele>951.75</ele>
      </trkpt>
      <trkpt lat="6.92555" lon="125.40854">
        <ele>946.42</ele>
      </trkpt>
      <trkpt lat="6.92564" lon="125.40853">
        <ele>940.99</ele>
      </trkpt>
      <trkpt lat="6.9257" lon="125.40853">
        <ele>937.19</ele>
      </trkpt>
      <trkpt lat="6.92574" lon="125.40853">
        <ele>934.66</ele>
      </trkpt>
      <trkpt lat="6.92579" lon="125.40855">
        <ele>931.04</ele>
      </trkpt>
      <trkpt lat="6.92582" lon="125.40856">
        <ele>928.94</ele>
      </trkpt>
      <trkpt lat="6.92586" lon="125.40856">
        <ele>927.49</ele>
      </trkpt>
      <trkpt lat="6.92588" lon="125.40855">
        <ele>927.24</ele>
      </trkpt>
      <trkpt lat="6.92592" lon="125.40855">
        <ele>926.31</ele>
      </trkpt>
      <trkpt lat="6.92596" lon="125.40855">
        <ele>925.38</ele>
      </trkpt>
      <trkpt lat="6.926" lon="125.40857">
        <ele>924.11</ele>
      </trkpt>
      <trkpt lat="6.92603" lon="125.40859">
        <ele>923.1</ele>
      </trkpt>
      <trkpt lat="6.92608" lon="125.4086">
        <ele>921.84</ele>
      </trkpt>
      <trkpt lat="6.92611" lon="125.4086">
        <ele>921.18</ele>
      </trkpt>
      <trkpt lat="6.92615" lon="125.4086">
        <ele>920.18</ele>
      </trkpt>
      <trkpt lat="6.92618" lon="125.40859">
        <ele>919.57</ele>
      </trkpt>
      <trkpt lat="6.92621" lon="125.40859">
        <ele>918.81</ele>
      </trkpt>
      <trkpt lat="6.92625" lon="125.4086">
        <ele>917.66</ele>
      </trkpt>
      <trkpt lat="6.92629" lon="125.40862">
        <ele>916.37</ele>
      </trkpt>
      <trkpt lat="6.92633" lon="125.40863">
        <ele>915.25</ele>
      </trkpt>
      <trkpt lat="6.92638" lon="125.40863">
        <ele>914.02</ele>
      </trkpt>
      <trkpt lat="6.92645" lon="125.40863">
        <ele>912.48</ele>
      </trkpt>
      <trkpt lat="6.92649" lon="125.40862">
        <ele>911.72</ele>
      </trkpt>
      <trkpt lat="6.92651" lon="125.40862">
        <ele>911.29</ele>
      </trkpt>
      <trkpt lat="6.92654" lon="125.40864">
        <ele>910.42</ele>
      </trkpt>
      <trkpt lat="6.92658" lon="125.40867">
        <ele>909.24</ele>
      </trkpt>
      <trkpt lat="6.92661" lon="125.4087">
        <ele>908.26</ele>
      </trkpt>
      <trkpt lat="6.92664" lon="125.40871">
        <ele>907.51</ele>
      </trkpt>
      <trkpt lat="6.92666" lon="125.40871">
        <ele>907.08</ele>
      </trkpt>
      <trkpt lat="6.9267" lon="125.40872">
        <ele>906.1</ele>
      </trkpt>
      <trkpt lat="6.92675" lon="125.40873">
        <ele>904.92</ele>
      </trkpt>
      <trkpt lat="6.92679" lon="125.40875">
        <ele>903.84</ele>
      </trkpt>
      <trkpt lat="6.92681" lon="125.40872">
        <ele>903.73</ele>
      </trkpt>
      <trkpt lat="6.92683" lon="125.4087">
        <ele>903.51</ele>
      </trkpt>
      <trkpt lat="6.92686" lon="125.40869">
        <ele>902.97</ele>
      </trkpt>
      <trkpt lat="6.92689" lon="125.40869">
        <ele>902.32</ele>
      </trkpt>
      <trkpt lat="6.92691" lon="125.40869">
        <ele>901.89</ele>
      </trkpt>
      <trkpt lat="6.92694" lon="125.40869">
        <ele>901.24</ele>
      </trkpt>
      <trkpt lat="6.92697" lon="125.40868">
        <ele>900.68</ele>
      </trkpt>
      <trkpt lat="6.92704" lon="125.40865">
        <ele>899.47</ele>
      </trkpt>
      <trkpt lat="6.92709" lon="125.40863">
        <ele>898.62</ele>
      </trkpt>
      <trkpt lat="6.92715" lon="125.40862">
        <ele>897.44</ele>
      </trkpt>
      <trkpt lat="6.9272" lon="125.40862">
        <ele>896.35</ele>
      </trkpt>
      <trkpt lat="6.92728" lon="125.40862">
        <ele>894.62</ele>
      </trkpt>
      <trkpt lat="6.92731" lon="125.40863">
        <ele>893.81</ele>
      </trkpt>
      <trkpt lat="6.92735" lon="125.40862">
        <ele>893.1</ele>
      </trkpt>
      <trkpt lat="6.92738" lon="125.40862">
        <ele>892.45</ele>
      </trkpt>
      <trkpt lat="6.92741" lon="125.4086">
        <ele>892.13</ele>
      </trkpt>
      <trkpt lat="6.92744" lon="125.40857">
        <ele>892.0</ele>
      </trkpt>
      <trkpt lat="6.9275" lon="125.40852">
        <ele>891.64</ele>
      </trkpt>
      <trkpt lat="6.9276" lon="125.40845">
        <ele>890.02</ele>
      </trkpt>
      <trkpt lat="6.92767" lon="125.40841">
        <ele>888.72</ele>
      </trkpt>
      <trkpt lat="6.92775" lon="125.40836">
        <ele>887.32</ele>
      </trkpt>
      <trkpt lat="6.92783" lon="125.40833">
        <ele>885.46</ele>
      </trkpt>
      <trkpt lat="6.92798" lon="125.40829">
        <ele>879.05</ele>
      </trkpt>
      <trkpt lat="6.92806" lon="125.40828">
        <ele>876.42</ele>
      </trkpt>
      <trkpt lat="6.92812" lon="125.40828">
        <ele>874.78</ele>
      </trkpt>
      <trkpt lat="6.9282" lon="125.40828">
        <ele>872.58</ele>
      </trkpt>
      <trkpt lat="6.92828" lon="125.40826">
        <ele>869.21</ele>
      </trkpt>
      <trkpt lat="6.92833" lon="125.40824">
        <ele>866.71</ele>
      </trkpt>
      <trkpt lat="6.92837" lon="125.40821">
        <ele>863.49</ele>
      </trkpt>
      <trkpt lat="6.92842" lon="125.40821">
        <ele>861.57</ele>
      </trkpt>
      <trkpt lat="6.92847" lon="125.40822">
        <ele>860.17</ele>
      </trkpt>
      <trkpt lat="6.92851" lon="125.40823">
        <ele>859.13</ele>
      </trkpt>
      <trkpt lat="6.92855" lon="125.40823">
        <ele>857.56</ele>
      </trkpt>
      <trkpt lat="6.92859" lon="125.40821">
        <ele>855.04</ele>
      </trkpt>
      <trkpt lat="6.92866" lon="125.40817">
        <ele>850.52</ele>
      </trkpt>
      <trkpt lat="6.92871" lon="125.40814">
        <ele>847.28</ele>
      </trkpt>
      <trkpt lat="6.92876" lon="125.40812">
        <ele>844.53</ele>
      </trkpt>
      <trkpt lat="6.92882" lon="125.4081">
        <ele>841.44</ele>
      </trkpt>
      <trkpt lat="6.92888" lon="125.40809">
        <ele>838.81</ele>
      </trkpt>
      <trkpt lat="6.92895" lon="125.40809">
        <ele>836.23</ele>
      </trkpt>
      <trkpt lat="6.92902" lon="125.40811">
        <ele>834.45</ele>
      </trkpt>
      <trkpt lat="6.92917" lon="125.40816">
        <ele>830.72</ele>
      </trkpt>
      <trkpt lat="6.92926" lon="125.40818">
        <ele>830.47</ele>
      </trkpt>
      <trkpt lat="6.92939" lon="125.40821">
        <ele>830.15</ele>
      </trkpt>
      <trkpt lat="6.92948" lon="125.40821">
        <ele>829.25</ele>
      </trkpt>
      <trkpt lat="6.92961" lon="125.40821">
        <ele>828.1</ele>
      </trkpt>
      <trkpt lat="6.92969" lon="125.40819">
        <ele>826.62</ele>
      </trkpt>
      <trkpt lat="6.92995" lon="125.40811">
        <ele>820.04</ele>
      </trkpt>
      <trkpt lat="6.93014" lon="125.40807">
        <ele>816.14</ele>
      </trkpt>
      <trkpt lat="6.93022" lon="125.40806">
        <ele>814.83</ele>
      </trkpt>
      <trkpt lat="6.93032" lon="125.40807">
        <ele>814.22</ele>
      </trkpt>
      <trkpt lat="6.9304" lon="125.40808">
        <ele>813.82</ele>
      </trkpt>
      <trkpt lat="6.93056" lon="125.40815">
        <ele>815.38</ele>
      </trkpt>
      <trkpt lat="6.9309" lon="125.40833">
        <ele>818.23</ele>
      </trkpt>
      <trkpt lat="6.93101" lon="125.40839">
        <ele>811.48</ele>
      </trkpt>
      <trkpt lat="6.93109" lon="125.40846">
        <ele>806.6</ele>
      </trkpt>
      <trkpt lat="6.93121" lon="125.40859">
        <ele>800.53</ele>
      </trkpt>
      <trkpt lat="6.93129" lon="125.40866">
        <ele>797.42</ele>
      </trkpt>
      <trkpt lat="6.93138" lon="125.40872">
        <ele>794.65</ele>
      </trkpt>
      <trkpt lat="6.93152" lon="125.40882">
        <ele>791.81</ele>
      </trkpt>
      <trkpt lat="6.93171" lon="125.40889">
        <ele>788.78</ele>
      </trkpt>
      <trkpt lat="6.9319" lon="125.40895">
        <ele>785.0</ele>
      </trkpt>
      <trkpt lat="6.93207" lon="125.40899">
        <ele>781.3</ele>
      </trkpt>
      <trkpt lat="6.93233" lon="125.40901">
        <ele>774.33</ele>
      </trkpt>
      <trkpt lat="6.93244" lon="125.40901">
        <ele>771.12</ele>
      </trkpt>
      <trkpt lat="6.93252" lon="125.409">
        <ele>768.65</ele>
      </trkpt>
      <trkpt lat="6.9326" lon="125.40897">
        <ele>766.27</ele>
      </trkpt>
      <trkpt lat="6.93267" lon="125.40893">
        <ele>763.85</ele>
      </trkpt>
      <trkpt lat="6.93273" lon="125.4089">
        <ele>762.02</ele>
      </trkpt>
      <trkpt lat="6.93279" lon="125.40888">
        <ele>760.49</ele>
      </trkpt>
      <trkpt lat="6.93283" lon="125.40887">
        <ele>759.47</ele>
      </trkpt>
      <trkpt lat="6.93292" lon="125.40888">
        <ele>758.18</ele>
      </trkpt>
      <trkpt lat="6.93298" lon="125.40888">
        <ele>757.12</ele>
      </trkpt>
      <trkpt lat="6.933" lon="125.40886">
        <ele>756.23</ele>
      </trkpt>
      <trkpt lat="6.93306" lon="125.40883">
        <ele>754.44</ele>
      </trkpt>
      <trkpt lat="6.93311" lon="125.40884">
        <ele>753.86</ele>
      </trkpt>
      <trkpt lat="6.93316" lon="125.40887">
        <ele>753.7</ele>
      </trkpt>
      <trkpt lat="6.9332" lon="125.40888">
        <ele>753.21</ele>
      </trkpt>
      <trkpt lat="6.93324" lon="125.40887">
        <ele>752.29</ele>
      </trkpt>
      <trkpt lat="6.93331" lon="125.40884">
        <ele>750.51</ele>
      </trkpt>
      <trkpt lat="6.93338" lon="125.40882">
        <ele>747.66</ele>
      </trkpt>
      <trkpt lat="6.93346" lon="125.40881">
        <ele>743.85</ele>
      </trkpt>
      <trkpt lat="6.93367" lon="125.40883">
        <ele>734.72</ele>
      </trkpt>
      <trkpt lat="6.9337" lon="125.40883">
        <ele>733.29</ele>
      </trkpt>
      <trkpt lat="6.93373" lon="125.40887">
        <ele>732.93</ele>
      </trkpt>
      <trkpt lat="6.93374" lon="125.4089">
        <ele>733.27</ele>
      </trkpt>
      <trkpt lat="6.93373" lon="125.40894">
        <ele>734.8</ele>
      </trkpt>
      <trkpt lat="6.93373" lon="125.40898">
        <ele>735.87</ele>
      </trkpt>
      <trkpt lat="6.93373" lon="125.40901">
        <ele>736.67</ele>
      </trkpt>
      <trkpt lat="6.93376" lon="125.40904">
        <ele>736.13</ele>
      </trkpt>
      <trkpt lat="6.93381" lon="125.40904">
        <ele>733.89</ele>
      </trkpt>
      <trkpt lat="6.93385" lon="125.40904">
        <ele>732.1</ele>
      </trkpt>
      <trkpt lat="6.93392" lon="125.40902">
        <ele>728.43</ele>
      </trkpt>
      <trkpt lat="6.93397" lon="125.409">
        <ele>725.64</ele>
      </trkpt>
      <trkpt lat="6.93404" lon="125.40898">
        <ele>721.91</ele>
      </trkpt>
      <trkpt lat="6.93416" lon="125.40895">
        <ele>715.5</ele>
      </trkpt>
      <trkpt lat="6.93423" lon="125.40893">
        <ele>712.88</ele>
      </trkpt>
      <trkpt lat="6.93429" lon="125.40892">
        <ele>711.01</ele>
      </trkpt>
      <trkpt lat="6.93435" lon="125.40894">
        <ele>710.22</ele>
      </trkpt>
      <trkpt lat="6.93439" lon="125.40896">
        <ele>709.93</ele>
      </trkpt>
      <trkpt lat="6.93445" lon="125.40898">
        <ele>709.12</ele>
      </trkpt>
      <trkpt lat="6.93452" lon="125.409">
        <ele>707.82</ele>
      </trkpt>
      <trkpt lat="6.93459" lon="125.40901">
        <ele>706.17</ele>
      </trkpt>
      <trkpt lat="6.93481" lon="125.40904">
        <ele>701.23</ele>
      </trkpt>
      <trkpt lat="6.93487" lon="125.40905">
        <ele>700.08</ele>
      </trkpt>
      <trkpt lat="6.93492" lon="125.40906">
        <ele>699.18</ele>
      </trkpt>
      <trkpt lat="6.93498" lon="125.40907">
        <ele>698.02</ele>
      </trkpt>
      <trkpt lat="6.93503" lon="125.40908">
        <ele>697.12</ele>
      </trkpt>
      <trkpt lat="6.93509" lon="125.40909">
        <ele>695.97</ele>
      </trkpt>
      <trkpt lat="6.93512" lon="125.4091">
        <ele>695.58</ele>
      </trkpt>
      <trkpt lat="6.93518" lon="125.40913">
        <ele>695.14</ele>
      </trkpt>
      <trkpt lat="6.93521" lon="125.40913">
        <ele>694.39</ele>
      </trkpt>
      <trkpt lat="6.93525" lon="125.40913">
        <ele>693.38</ele>
      </trkpt>
      <trkpt lat="6.93533" lon="125.40913">
        <ele>691.36</ele>
      </trkpt>
      <trkpt lat="6.93548" lon="125.40915">
        <ele>688.3</ele>
      </trkpt>
      <trkpt lat="6.93567" lon="125.40918">
        <ele>683.75</ele>
      </trkpt>
      <trkpt lat="6.93584" lon="125.40922">
        <ele>678.59</ele>
      </trkpt>
      <trkpt lat="6.93596" lon="125.40925">
        <ele>676.81</ele>
      </trkpt>
      <trkpt lat="6.9362" lon="125.40934">
        <ele>673.64</ele>
      </trkpt>
      <trkpt lat="6.93632" lon="125.40938">
        <ele>672.81</ele>
      </trkpt>
      <trkpt lat="6.9364" lon="125.40943">
        <ele>672.11</ele>
      </trkpt>
      <trkpt lat="6.93652" lon="125.40948">
        <ele>671.26</ele>
      </trkpt>
      <trkpt lat="6.93658" lon="125.40952">
        <ele>670.87</ele>
      </trkpt>
      <trkpt lat="6.93663" lon="125.40954">
        <ele>670.7</ele>
      </trkpt>
      <trkpt lat="6.93669" lon="125.40956">
        <ele>670.18</ele>
      </trkpt>
      <trkpt lat="6.93675" lon="125.40959">
        <ele>669.15</ele>
      </trkpt>
      <trkpt lat="6.93682" lon="125.40961">
        <ele>668.08</ele>
      </trkpt>
      <trkpt lat="6.93692" lon="125.40965">
        <ele>666.81</ele>
      </trkpt>
      <trkpt lat="6.93706" lon="125.4097">
        <ele>665.49</ele>
      </trkpt>
      <trkpt lat="6.93711" lon="125.40971">
        <ele>665.05</ele>
      </trkpt>
      <trkpt lat="6.93718" lon="125.40972">
        <ele>664.42</ele>
      </trkpt>
      <trkpt lat="6.93722" lon="125.40972">
        <ele>663.98</ele>
      </trkpt>
      <trkpt lat="6.93726" lon="125.40971">
        <ele>663.35</ele>
      </trkpt>
      <trkpt lat="6.93731" lon="125.40971">
        <ele>662.79</ele>
      </trkpt>
      <trkpt lat="6.93737" lon="125.40971">
        <ele>662.11</ele>
      </trkpt>
      <trkpt lat="6.93742" lon="125.40972">
        <ele>661.81</ele>
      </trkpt>
      <trkpt lat="6.93747" lon="125.40975">
        <ele>662.09</ele>
      </trkpt>
      <trkpt lat="6.93756" lon="125.40981">
        <ele>662.23</ele>
      </trkpt>
      <trkpt lat="6.93764" lon="125.40989">
        <ele>662.81</ele>
      </trkpt>
      <trkpt lat="6.93775" lon="125.41">
        <ele>663.6</ele>
      </trkpt>
      <trkpt lat="6.93781" lon="125.41008">
        <ele>659.61</ele>
      </trkpt>
      <trkpt lat="6.93788" lon="125.41019">
        <ele>654.82</ele>
      </trkpt>
      <trkpt lat="6.93792" lon="125.41025">
        <ele>652.36</ele>
      </trkpt>
      <trkpt lat="6.93797" lon="125.4103">
        <ele>650.26</ele>
      </trkpt>
      <trkpt lat="6.93803" lon="125.41031">
        <ele>649.34</ele>
      </trkpt>
      <trkpt lat="6.93814" lon="125.41034">
        <ele>647.2</ele>
      </trkpt>
      <trkpt lat="6.9383" lon="125.41041">
        <ele>643.93</ele>
      </trkpt>
      <trkpt lat="6.93838" lon="125.41045">
        <ele>642.44</ele>
      </trkpt>
      <trkpt lat="6.93843" lon="125.4105">
        <ele>641.16</ele>
      </trkpt>
      <trkpt lat="6.93846" lon="125.41055">
        <ele>640.17</ele>
      </trkpt>
      <trkpt lat="6.93852" lon="125.41061">
        <ele>638.88</ele>
      </trkpt>
      <trkpt lat="6.9386" lon="125.41069">
        <ele>637.57</ele>
      </trkpt>
      <trkpt lat="6.93877" lon="125.41078">
        <ele>636.36</ele>
      </trkpt>
      <trkpt lat="6.93891" lon="125.41082">
        <ele>636.11</ele>
      </trkpt>
      <trkpt lat="6.93896" lon="125.41083">
        <ele>636.26</ele>
      </trkpt>
      <trkpt lat="6.93901" lon="125.41085">
        <ele>635.96</ele>
      </trkpt>
      <trkpt lat="6.93908" lon="125.41088">
        <ele>635.34</ele>
      </trkpt>
      <trkpt lat="6.93914" lon="125.41092">
        <ele>634.41</ele>
      </trkpt>
      <trkpt lat="6.93923" lon="125.41103">
        <ele>629.77</ele>
      </trkpt>
      <trkpt lat="6.93935" lon="125.4112">
        <ele>623.32</ele>
      </trkpt>
      <trkpt lat="6.93942" lon="125.41129">
        <ele>620.73</ele>
      </trkpt>
      <trkpt lat="6.9395" lon="125.41136">
        <ele>618.75</ele>
      </trkpt>
      <trkpt lat="6.93961" lon="125.41143">
        <ele>616.82</ele>
      </trkpt>
      <trkpt lat="6.93982" lon="125.41149">
        <ele>615.32</ele>
      </trkpt>
      <trkpt lat="6.94026" lon="125.41164">
        <ele>611.04</ele>
      </trkpt>
      <trkpt lat="6.94035" lon="125.41166">
        <ele>609.37</ele>
      </trkpt>
      <trkpt lat="6.94041" lon="125.41167">
        <ele>607.99</ele>
      </trkpt>
      <trkpt lat="6.94046" lon="125.41167">
        <ele>606.92</ele>
      </trkpt>
      <trkpt lat="6.94052" lon="125.41166">
        <ele>605.72</ele>
      </trkpt>
      <trkpt lat="6.94056" lon="125.41165">
        <ele>604.8</ele>
      </trkpt>
      <trkpt lat="6.9406" lon="125.41163">
        <ele>603.91</ele>
      </trkpt>
      <trkpt lat="6.94065" lon="125.41159">
        <ele>602.65</ele>
      </trkpt>
      <trkpt lat="6.94072" lon="125.41151">
        <ele>600.58</ele>
      </trkpt>
      <trkpt lat="6.94077" lon="125.41146">
        <ele>599.08</ele>
      </trkpt>
      <trkpt lat="6.9408" lon="125.41144">
        <ele>598.25</ele>
      </trkpt>
      <trkpt lat="6.94083" lon="125.41142">
        <ele>597.41</ele>
      </trkpt>
      <trkpt lat="6.94086" lon="125.4114">
        <ele>596.35</ele>
      </trkpt>
      <trkpt lat="6.9409" lon="125.4114">
        <ele>595.19</ele>
      </trkpt>
      <trkpt lat="6.94108" lon="125.41138">
        <ele>589.83</ele>
      </trkpt>
      <trkpt lat="6.94116" lon="125.41137">
        <ele>587.47</ele>
      </trkpt>
      <trkpt lat="6.94122" lon="125.41135">
        <ele>585.64</ele>
      </trkpt>
      <trkpt lat="6.94126" lon="125.41133">
        <ele>584.4</ele>
      </trkpt>
      <trkpt lat="6.94128" lon="125.41132">
        <ele>583.79</ele>
      </trkpt>
      <trkpt lat="6.94132" lon="125.41132">
        <ele>582.67</ele>
      </trkpt>
      <trkpt lat="6.94135" lon="125.41133">
        <ele>581.88</ele>
      </trkpt>
      <trkpt lat="6.9414" lon="125.41135">
        <ele>580.51</ele>
      </trkpt>
      <trkpt lat="6.94151" lon="125.41142">
        <ele>577.08</ele>
      </trkpt>
      <trkpt lat="6.94159" lon="125.41147">
        <ele>574.48</ele>
      </trkpt>
      <trkpt lat="6.94161" lon="125.41149">
        <ele>573.84</ele>
      </trkpt>
      <trkpt lat="6.94165" lon="125.41149">
        <ele>572.54</ele>
      </trkpt>
      <trkpt lat="6.94167" lon="125.41148">
        <ele>571.94</ele>
      </trkpt>
      <trkpt lat="6.9417" lon="125.41146">
        <ele>571.4</ele>
      </trkpt>
      <trkpt lat="6.94174" lon="125.41138">
        <ele>570.7</ele>
      </trkpt>
      <trkpt lat="6.94184" lon="125.41121">
        <ele>569.12</ele>
      </trkpt>
      <trkpt lat="6.94189" lon="125.41115">
        <ele>568.15</ele>
      </trkpt>
      <trkpt lat="6.94194" lon="125.41112">
        <ele>567.1</ele>
      </trkpt>
      <trkpt lat="6.94201" lon="125.41109">
        <ele>565.58</ele>
      </trkpt>
      <trkpt lat="6.94209" lon="125.41123">
        <ele>563.86</ele>
      </trkpt>
      <trkpt lat="6.94211" lon="125.41129">
        <ele>563.42</ele>
      </trkpt>
      <trkpt lat="6.94212" lon="125.41138">
        <ele>563.21</ele>
      </trkpt>
      <trkpt lat="6.94212" lon="125.41144">
        <ele>563.21</ele>
      </trkpt>
      <trkpt lat="6.9421" lon="125.41152">
        <ele>563.64</ele>
      </trkpt>
      <trkpt lat="6.94209" lon="125.41162">
        <ele>563.86</ele>
      </trkpt>
      <trkpt lat="6.94209" lon="125.41168">
        <ele>563.23</ele>
      </trkpt>
      <trkpt lat="6.94211" lon="125.41181">
        <ele>556.72</ele>
      </trkpt>
      <trkpt lat="6.94215" lon="125.41189">
        <ele>552.11</ele>
      </trkpt>
      <trkpt lat="6.9422" lon="125.41197">
        <ele>547.28</ele>
      </trkpt>
      <trkpt lat="6.94223" lon="125.41205">
        <ele>542.91</ele>
      </trkpt>
      <trkpt lat="6.94221" lon="125.41212">
        <ele>540.05</ele>
      </trkpt>
      <trkpt lat="6.94216" lon="125.41217">
        <ele>538.79</ele>
      </trkpt>
      <trkpt lat="6.94211" lon="125.41222">
        <ele>537.53</ele>
      </trkpt>
      <trkpt lat="6.94203" lon="125.41228">
        <ele>536.59</ele>
      </trkpt>
      <trkpt lat="6.94176" lon="125.41244">
        <ele>535.58</ele>
      </trkpt>
      <trkpt lat="6.9415" lon="125.41262">
        <ele>535.82</ele>
      </trkpt>
      <trkpt lat="6.94128" lon="125.41286">
        <ele>532.76</ele>
      </trkpt>
      <trkpt lat="6.94112" lon="125.41304">
        <ele>529.45</ele>
      </trkpt>
      <trkpt lat="6.941" lon="125.41312">
        <ele>528.92</ele>
      </trkpt>
      <trkpt lat="6.94089" lon="125.41319">
        <ele>528.38</ele>
      </trkpt>
      <trkpt lat="6.94083" lon="125.41323">
        <ele>527.9</ele>
      </trkpt>
      <trkpt lat="6.94078" lon="125.41327">
        <ele>526.92</ele>
      </trkpt>
      <trkpt lat="6.94071" lon="125.41334">
        <ele>525.01</ele>
      </trkpt>
      <trkpt lat="6.94067" lon="125.41342">
        <ele>523.32</ele>
      </trkpt>
      <trkpt lat="6.94064" lon="125.41351">
        <ele>521.2</ele>
      </trkpt>
      <trkpt lat="6.94057" lon="125.41357">
        <ele>520.88</ele>
      </trkpt>
      <trkpt lat="6.94049" lon="125.41363">
        <ele>520.65</ele>
      </trkpt>
      <trkpt lat="6.94043" lon="125.41369">
        <ele>520.12</ele>
      </trkpt>
      <trkpt lat="6.94038" lon="125.41378">
        <ele>518.68</ele>
      </trkpt>
      <trkpt lat="6.94036" lon="125.41393">
        <ele>515.04</ele>
      </trkpt>
      <trkpt lat="6.94037" lon="125.41411">
        <ele>509.64</ele>
      </trkpt>
      <trkpt lat="6.94037" lon="125.41432">
        <ele>507.64</ele>
      </trkpt>
      <trkpt lat="6.94036" lon="125.41455">
        <ele>507.1</ele>
      </trkpt>
      <trkpt lat="6.94032" lon="125.41465">
        <ele>507.1</ele>
      </trkpt>
      <trkpt lat="6.94027" lon="125.41472">
        <ele>507.1</ele>
      </trkpt>
      <trkpt lat="6.94021" lon="125.41478">
        <ele>507.42</ele>
      </trkpt>
      <trkpt lat="6.94009" lon="125.41486">
        <ele>507.86</ele>
      </trkpt>
      <trkpt lat="6.93989" lon="125.415">
        <ele>503.04</ele>
      </trkpt>
      <trkpt lat="6.93982" lon="125.41506">
        <ele>498.13</ele>
      </trkpt>
      <trkpt lat="6.93977" lon="125.41511">
        <ele>494.56</ele>
      </trkpt>
      <trkpt lat="6.93974" lon="125.41519">
        <ele>490.67</ele>
      </trkpt>
      <trkpt lat="6.93971" lon="125.41529">
        <ele>486.17</ele>
      </trkpt>
      <trkpt lat="6.93972" lon="125.41537">
        <ele>483.29</ele>
      </trkpt>
      <trkpt lat="6.93976" lon="125.41546">
        <ele>480.65</ele>
      </trkpt>
      <trkpt lat="6.93978" lon="125.41553">
        <ele>478.28</ele>
      </trkpt>
      <trkpt lat="6.93978" lon="125.41563">
        <ele>474.4</ele>
      </trkpt>
      <trkpt lat="6.93976" lon="125.41571">
        <ele>471.03</ele>
      </trkpt>
      <trkpt lat="6.93975" lon="125.41577">
        <ele>468.65</ele>
      </trkpt>
      <trkpt lat="6.93979" lon="125.41589">
        <ele>465.05</ele>
      </trkpt>
      <trkpt lat="6.93983" lon="125.41601">
        <ele>461.83</ele>
      </trkpt>
      <trkpt lat="6.93993" lon="125.41617">
        <ele>457.8</ele>
      </trkpt>
      <trkpt lat="6.94009" lon="125.41633">
        <ele>455.13</ele>
      </trkpt>
      <trkpt lat="6.94016" lon="125.41643">
        <ele>452.89</ele>
      </trkpt>
      <trkpt lat="6.94024" lon="125.41659">
        <ele>448.31</ele>
      </trkpt>
      <trkpt lat="6.94029" lon="125.41676">
        <ele>443.43</ele>
      </trkpt>
      <trkpt lat="6.94034" lon="125.4169">
        <ele>439.76</ele>
      </trkpt>
      <trkpt lat="6.94039" lon="125.41699">
        <ele>437.4</ele>
      </trkpt>
      <trkpt lat="6.94041" lon="125.41707">
        <ele>435.1</ele>
      </trkpt>
      <trkpt lat="6.94042" lon="125.41715">
        <ele>432.74</ele>
      </trkpt>
      <trkpt lat="6.94038" lon="125.41727">
        <ele>428.66</ele>
      </trkpt>
      <trkpt lat="6.94033" lon="125.41738">
        <ele>424.91</ele>
      </trkpt>
      <trkpt lat="6.94028" lon="125.41754">
        <ele>420.29</ele>
      </trkpt>
      <trkpt lat="6.94027" lon="125.41772">
        <ele>417.03</ele>
      </trkpt>
      <trkpt lat="6.94028" lon="125.41786">
        <ele>414.21</ele>
      </trkpt>
      <trkpt lat="6.94036" lon="125.41803">
        <ele>409.99</ele>
      </trkpt>
      <trkpt lat="6.94046" lon="125.41812">
        <ele>407.07</ele>
      </trkpt>
      <trkpt lat="6.94051" lon="125.41816">
        <ele>405.5</ele>
      </trkpt>
      <trkpt lat="6.9406" lon="125.4182">
        <ele>403.35</ele>
      </trkpt>
      <trkpt lat="6.94072" lon="125.41822">
        <ele>401.38</ele>
      </trkpt>
      <trkpt lat="6.94092" lon="125.41825">
        <ele>399.0</ele>
      </trkpt>
      <trkpt lat="6.94103" lon="125.41831">
        <ele>396.84</ele>
      </trkpt>
      <trkpt lat="6.94113" lon="125.41842">
        <ele>394.66</ele>
      </trkpt>
      <trkpt lat="6.94132" lon="125.41872">
        <ele>388.34</ele>
      </trkpt>
      <trkpt lat="6.94142" lon="125.41883">
        <ele>384.87</ele>
      </trkpt>
      <trkpt lat="6.94154" lon="125.41894">
        <ele>380.62</ele>
      </trkpt>
      <trkpt lat="6.94164" lon="125.419">
        <ele>377.62</ele>
      </trkpt>
      <trkpt lat="6.94173" lon="125.41903">
        <ele>375.98</ele>
      </trkpt>
      <trkpt lat="6.94178" lon="125.41908">
        <ele>374.21</ele>
      </trkpt>
      <trkpt lat="6.94181" lon="125.41914">
        <ele>372.22</ele>
      </trkpt>
      <trkpt lat="6.94183" lon="125.41922">
        <ele>371.81</ele>
      </trkpt>
      <trkpt lat="6.94187" lon="125.41932">
        <ele>372.46</ele>
      </trkpt>
      <trkpt lat="6.94193" lon="125.4194">
        <ele>372.68</ele>
      </trkpt>
      <trkpt lat="6.94198" lon="125.41944">
        <ele>372.44</ele>
      </trkpt>
      <trkpt lat="6.94201" lon="125.4195">
        <ele>372.46</ele>
      </trkpt>
      <trkpt lat="6.94202" lon="125.41956">
        <ele>372.74</ele>
      </trkpt>
      <trkpt lat="6.942" lon="125.41961">
        <ele>373.39</ele>
      </trkpt>
      <trkpt lat="6.94198" lon="125.41965">
        <ele>373.97</ele>
      </trkpt>
      <trkpt lat="6.94199" lon="125.41972">
        <ele>374.33</ele>
      </trkpt>
      <trkpt lat="6.94202" lon="125.41977">
        <ele>374.33</ele>
      </trkpt>
      <trkpt lat="6.94209" lon="125.41981">
        <ele>373.52</ele>
      </trkpt>
      <trkpt lat="6.9422" lon="125.41985">
        <ele>371.85</ele>
      </trkpt>
      <trkpt lat="6.94227" lon="125.41988">
        <ele>370.71</ele>
      </trkpt>
      <trkpt lat="6.94233" lon="125.41994">
        <ele>369.84</ele>
      </trkpt>
      <trkpt lat="6.94237" lon="125.42001">
        <ele>369.66</ele>
      </trkpt>
      <trkpt lat="6.94241" lon="125.42011">
        <ele>372.18</ele>
      </trkpt>
      <trkpt lat="6.94247" lon="125.42018">
        <ele>373.37</ele>
      </trkpt>
      <trkpt lat="6.94257" lon="125.42026">
        <ele>374.67</ele>
      </trkpt>
      <trkpt lat="6.94263" lon="125.4203">
        <ele>375.28</ele>
      </trkpt>
      <trkpt lat="6.94274" lon="125.42038">
        <ele>376.4</ele>
      </trkpt>
      <trkpt lat="6.94285" lon="125.42042">
        <ele>376.19</ele>
      </trkpt>
      <trkpt lat="6.94292" lon="125.42044">
        <ele>375.92</ele>
      </trkpt>
      <trkpt lat="6.94298" lon="125.42046">
        <ele>375.81</ele>
      </trkpt>
      <trkpt lat="6.94307" lon="125.42049">
        <ele>375.68</ele>
      </trkpt>
      <trkpt lat="6.94316" lon="125.42053">
        <ele>375.7</ele>
      </trkpt>
      <trkpt lat="6.94327" lon="125.42061">
        <ele>376.48</ele>
      </trkpt>
      <trkpt lat="6.94338" lon="125.42071">
        <ele>376.25</ele>
      </trkpt>
      <trkpt lat="6.94351" lon="125.42083">
        <ele>373.02</ele>
      </trkpt>
      <trkpt lat="6.94361" lon="125.42094">
        <ele>368.83</ele>
      </trkpt>
      <trkpt lat="6.94366" lon="125.42105">
        <ele>366.78</ele>
      </trkpt>
      <trkpt lat="6.9437" lon="125.42124">
        <ele>365.49</ele>
      </trkpt>
      <trkpt lat="6.94373" lon="125.42139">
        <ele>364.59</ele>
      </trkpt>
      <trkpt lat="6.94375" lon="125.42154">
        <ele>364.32</ele>
      </trkpt>
      <trkpt lat="6.94374" lon="125.4217">
        <ele>365.51</ele>
      </trkpt>
      <trkpt lat="6.94373" lon="125.42183">
        <ele>365.82</ele>
      </trkpt>
      <trkpt lat="6.94371" lon="125.42206">
        <ele>366.12</ele>
      </trkpt>
      <trkpt lat="6.94371" lon="125.42227">
        <ele>365.26</ele>
      </trkpt>
      <trkpt lat="6.94372" lon="125.42241">
        <ele>364.49</ele>
      </trkpt>
      <trkpt lat="6.94377" lon="125.42259">
        <ele>361.53</ele>
      </trkpt>
      <trkpt lat="6.94379" lon="125.42266">
        <ele>360.29</ele>
      </trkpt>
      <trkpt lat="6.9438" lon="125.42277">
        <ele>359.25</ele>
      </trkpt>
      <trkpt lat="6.94378" lon="125.42285">
        <ele>359.56</ele>
      </trkpt>
      <trkpt lat="6.94373" lon="125.42295">
        <ele>360.75</ele>
      </trkpt>
      <trkpt lat="6.94368" lon="125.42304">
        <ele>361.87</ele>
      </trkpt>
      <trkpt lat="6.94362" lon="125.42317">
        <ele>362.9</ele>
      </trkpt>
      <trkpt lat="6.94354" lon="125.42336">
        <ele>362.13</ele>
      </trkpt>
      <trkpt lat="6.94353" lon="125.42344">
        <ele>357.34</ele>
      </trkpt>
      <trkpt lat="6.94354" lon="125.42349">
        <ele>354.05</ele>
      </trkpt>
      <trkpt lat="6.94356" lon="125.42356">
        <ele>349.48</ele>
      </trkpt>
      <trkpt lat="6.94362" lon="125.42361">
        <ele>346.35</ele>
      </trkpt>
      <trkpt lat="6.94368" lon="125.42367">
        <ele>344.95</ele>
      </trkpt>
      <trkpt lat="6.9437" lon="125.4237">
        <ele>343.79</ele>
      </trkpt>
      <trkpt lat="6.9437" lon="125.42374">
        <ele>341.49</ele>
      </trkpt>
      <trkpt lat="6.94369" lon="125.42378">
        <ele>339.01</ele>
      </trkpt>
      <trkpt lat="6.94378" lon="125.42386">
        <ele>335.66</ele>
      </trkpt>
      <trkpt lat="6.94382" lon="125.42392">
        <ele>334.03</ele>
      </trkpt>
      <trkpt lat="6.94385" lon="125.42403">
        <ele>333.34</ele>
      </trkpt>
      <trkpt lat="6.94385" lon="125.42409">
        <ele>332.81</ele>
      </trkpt>
      <trkpt lat="6.94382" lon="125.42419">
        <ele>331.47</ele>
      </trkpt>
      <trkpt lat="6.94376" lon="125.42425">
        <ele>329.37</ele>
      </trkpt>
      <trkpt lat="6.94367" lon="125.42433">
        <ele>325.77</ele>
      </trkpt>
      <trkpt lat="6.94361" lon="125.42437">
        <ele>323.43</ele>
      </trkpt>
      <trkpt lat="6.94352" lon="125.42441">
        <ele>317.02</ele>
      </trkpt>
      <trkpt lat="6.94342" lon="125.42443">
        <ele>311.04</ele>
      </trkpt>
      <trkpt lat="6.94332" lon="125.42443">
        <ele>306.36</ele>
      </trkpt>
      <trkpt lat="6.94324" lon="125.42442">
        <ele>305.0</ele>
      </trkpt>
      <trkpt lat="6.94316" lon="125.42439">
        <ele>305.04</ele>
      </trkpt>
      <trkpt lat="6.94308" lon="125.42445">
        <ele>299.41</ele>
      </trkpt>
      <trkpt lat="6.943" lon="125.42448">
        <ele>298.1</ele>
      </trkpt>
      <trkpt lat="6.94289" lon="125.4245">
        <ele>298.43</ele>
      </trkpt>
      <trkpt lat="6.94277" lon="125.42452">
        <ele>299.41</ele>
      </trkpt>
      <trkpt lat="6.94264" lon="125.42457">
        <ele>302.03</ele>
      </trkpt>
      <trkpt lat="6.94255" lon="125.4246">
        <ele>303.31</ele>
      </trkpt>
      <trkpt lat="6.94239" lon="125.42466">
        <ele>303.92</ele>
      </trkpt>
      <trkpt lat="6.94227" lon="125.4247">
        <ele>303.12</ele>
      </trkpt>
      <trkpt lat="6.94218" lon="125.42476">
        <ele>303.36</ele>
      </trkpt>
      <trkpt lat="6.94211" lon="125.42482">
        <ele>304.53</ele>
      </trkpt>
      <trkpt lat="6.94204" lon="125.42494">
        <ele>303.56</ele>
      </trkpt>
      <trkpt lat="6.942" lon="125.42503">
        <ele>302.52</ele>
      </trkpt>
      <trkpt lat="6.94195" lon="125.42508">
        <ele>303.05</ele>
      </trkpt>
      <trkpt lat="6.94182" lon="125.42517">
        <ele>308.19</ele>
      </trkpt>
      <trkpt lat="6.94175" lon="125.42521">
        <ele>309.93</ele>
      </trkpt>
      <trkpt lat="6.94166" lon="125.42525">
        <ele>311.39</ele>
      </trkpt>
      <trkpt lat="6.94158" lon="125.42527">
        <ele>313.56</ele>
      </trkpt>
      <trkpt lat="6.94146" lon="125.42527">
        <ele>317.03</ele>
      </trkpt>
      <trkpt lat="6.94137" lon="125.42526">
        <ele>319.81</ele>
      </trkpt>
      <trkpt lat="6.94128" lon="125.42524">
        <ele>323.04</ele>
      </trkpt>
      <trkpt lat="6.94123" lon="125.42524">
        <ele>324.71</ele>
      </trkpt>
      <trkpt lat="6.9412" lon="125.42526">
        <ele>325.4</ele>
      </trkpt>
      <trkpt lat="6.94118" lon="125.42533">
        <ele>325.81</ele>
      </trkpt>
      <trkpt lat="6.9412" lon="125.42541">
        <ele>325.41</ele>
      </trkpt>
      <trkpt lat="6.94126" lon="125.42557">
        <ele>325.3</ele>
      </trkpt>
      <trkpt lat="6.94134" lon="125.42566">
        <ele>327.27</ele>
      </trkpt>
      <trkpt lat="6.94142" lon="125.42575">
        <ele>329.13</ele>
      </trkpt>
      <trkpt lat="6.94154" lon="125.42584">
        <ele>328.35</ele>
      </trkpt>
      <trkpt lat="6.94164" lon="125.42591">
        <ele>328.52</ele>
      </trkpt>
      <trkpt lat="6.94178" lon="125.42603">
        <ele>330.84</ele>
      </trkpt>
      <trkpt lat="6.94211" lon="125.42632">
        <ele>329.19</ele>
      </trkpt>
      <trkpt lat="6.94226" lon="125.42643">
        <ele>324.69</ele>
      </trkpt>
      <trkpt lat="6.94234" lon="125.4265">
        <ele>323.6</ele>
      </trkpt>
      <trkpt lat="6.9424" lon="125.4266">
        <ele>322.5</ele>
      </trkpt>
      <trkpt lat="6.94245" lon="125.42669">
        <ele>320.73</ele>
      </trkpt>
      <trkpt lat="6.94254" lon="125.42678">
        <ele>316.23</ele>
      </trkpt>
      <trkpt lat="6.94264" lon="125.42683">
        <ele>313.04</ele>
      </trkpt>
      <trkpt lat="6.94273" lon="125.42693">
        <ele>309.88</ele>
      </trkpt>
      <trkpt lat="6.94283" lon="125.42707">
        <ele>307.61</ele>
      </trkpt>
      <trkpt lat="6.94292" lon="125.42725">
        <ele>305.59</ele>
      </trkpt>
      <trkpt lat="6.94296" lon="125.4274">
        <ele>305.58</ele>
      </trkpt>
      <trkpt lat="6.94301" lon="125.42763">
        <ele>301.71</ele>
      </trkpt>
      <trkpt lat="6.94304" lon="125.42783">
        <ele>295.97</ele>
      </trkpt>
      <trkpt lat="6.94305" lon="125.42797">
        <ele>292.21</ele>
      </trkpt>
      <trkpt lat="6.94302" lon="125.42809">
        <ele>289.17</ele>
      </trkpt>
      <trkpt lat="6.943" lon="125.42817">
        <ele>287.07</ele>
      </trkpt>
      <trkpt lat="6.943" lon="125.42824">
        <ele>285.15</ele>
      </trkpt>
      <trkpt lat="6.94304" lon="125.42833">
        <ele>282.26</ele>
      </trkpt>
      <trkpt lat="6.9431" lon="125.42838">
        <ele>280.86</ele>
      </trkpt>
      <trkpt lat="6.94325" lon="125.4285">
        <ele>277.4</ele>
      </trkpt>
      <trkpt lat="6.94329" lon="125.42856">
        <ele>276.18</ele>
      </trkpt>
      <trkpt lat="6.94331" lon="125.42862">
        <ele>275.21</ele>
      </trkpt>
      <trkpt lat="6.9433" lon="125.42867">
        <ele>274.63</ele>
      </trkpt>
      <trkpt lat="6.94328" lon="125.42872">
        <ele>274.2</ele>
      </trkpt>
      <trkpt lat="6.9432" lon="125.42885">
        <ele>273.48</ele>
      </trkpt>
      <trkpt lat="6.94315" lon="125.42893">
        <ele>273.1</ele>
      </trkpt>
      <trkpt lat="6.94309" lon="125.42903">
        <ele>272.22</ele>
      </trkpt>
      <trkpt lat="6.94303" lon="125.4291">
        <ele>271.43</ele>
      </trkpt>
      <trkpt lat="6.94298" lon="125.42914">
        <ele>271.08</ele>
      </trkpt>
      <trkpt lat="6.94291" lon="125.42917">
        <ele>270.96</ele>
      </trkpt>
      <trkpt lat="6.94283" lon="125.42917">
        <ele>271.52</ele>
      </trkpt>
      <trkpt lat="6.94275" lon="125.42915">
        <ele>272.72</ele>
      </trkpt>
      <trkpt lat="6.94263" lon="125.42913">
        <ele>274.52</ele>
      </trkpt>
      <trkpt lat="6.94254" lon="125.42913">
        <ele>275.49</ele>
      </trkpt>
      <trkpt lat="6.94246" lon="125.42914">
        <ele>275.31</ele>
      </trkpt>
      <trkpt lat="6.94236" lon="125.42918">
        <ele>273.01</ele>
      </trkpt>
      <trkpt lat="6.94229" lon="125.42924">
        <ele>269.96</ele>
      </trkpt>
      <trkpt lat="6.94223" lon="125.4293">
        <ele>266.83</ele>
      </trkpt>
      <trkpt lat="6.94221" lon="125.42936">
        <ele>264.59</ele>
      </trkpt>
      <trkpt lat="6.9422" lon="125.42945">
        <ele>261.62</ele>
      </trkpt>
      <trkpt lat="6.94219" lon="125.42955">
        <ele>264.27</ele>
      </trkpt>
      <trkpt lat="6.94217" lon="125.42969">
        <ele>267.98</ele>
      </trkpt>
      <trkpt lat="6.94216" lon="125.42981">
        <ele>269.67</ele>
      </trkpt>
      <trkpt lat="6.94217" lon="125.42987">
        <ele>270.02</ele>
      </trkpt>
      <trkpt lat="6.94219" lon="125.42995">
        <ele>270.29</ele>
      </trkpt>
      <trkpt lat="6.94222" lon="125.43001">
        <ele>269.98</ele>
      </trkpt>
      <trkpt lat="6.94227" lon="125.43008">
        <ele>267.88</ele>
      </trkpt>
      <trkpt lat="6.94238" lon="125.43018">
        <ele>263.59</ele>
      </trkpt>
      <trkpt lat="6.9424" lon="125.43023">
        <ele>262.58</ele>
      </trkpt>
      <trkpt lat="6.94241" lon="125.43027">
        <ele>261.97</ele>
      </trkpt>
      <trkpt lat="6.94241" lon="125.43031">
        <ele>261.56</ele>
      </trkpt>
      <trkpt lat="6.94241" lon="125.43035">
        <ele>261.13</ele>
      </trkpt>
      <trkpt lat="6.94239" lon="125.43038">
        <ele>261.53</ele>
      </trkpt>
      <trkpt lat="6.94235" lon="125.43044">
        <ele>262.47</ele>
      </trkpt>
      <trkpt lat="6.94229" lon="125.43049">
        <ele>264.48</ele>
      </trkpt>
      <trkpt lat="6.94214" lon="125.43059">
        <ele>268.27</ele>
      </trkpt>
      <trkpt lat="6.94202" lon="125.43068">
        <ele>268.23</ele>
      </trkpt>
      <trkpt lat="6.94192" lon="125.43074">
        <ele>268.09</ele>
      </trkpt>
      <trkpt lat="6.94184" lon="125.43077">
        <ele>269.25</ele>
      </trkpt>
      <trkpt lat="6.94172" lon="125.43079">
        <ele>271.72</ele>
      </trkpt>
      <trkpt lat="6.94157" lon="125.43079">
        <ele>277.59</ele>
      </trkpt>
      <trkpt lat="6.94147" lon="125.43079">
        <ele>282.15</ele>
      </trkpt>
      <trkpt lat="6.94143" lon="125.4308">
        <ele>283.93</ele>
      </trkpt>
      <trkpt lat="6.94138" lon="125.43081">
        <ele>286.63</ele>
      </trkpt>
      <trkpt lat="6.94135" lon="125.43083">
        <ele>289.07</ele>
      </trkpt>
      <trkpt lat="6.94132" lon="125.43086">
        <ele>291.29</ele>
      </trkpt>
      <trkpt lat="6.9413" lon="125.43088">
        <ele>292.62</ele>
      </trkpt>
      <trkpt lat="6.9413" lon="125.43092">
        <ele>292.25</ele>
      </trkpt>
      <trkpt lat="6.9413" lon="125.43095">
        <ele>291.98</ele>
      </trkpt>
      <trkpt lat="6.94131" lon="125.43097">
        <ele>291.2</ele>
      </trkpt>
      <trkpt lat="6.94135" lon="125.43103">
        <ele>288.7</ele>
      </trkpt>
      <trkpt lat="6.94144" lon="125.43116">
        <ele>283.39</ele>
      </trkpt>
      <trkpt lat="6.94153" lon="125.43131">
        <ele>279.45</ele>
      </trkpt>
      <trkpt lat="6.94157" lon="125.43141">
        <ele>278.74</ele>
      </trkpt>
      <trkpt lat="6.9416" lon="125.43155">
        <ele>276.66</ele>
      </trkpt>
      <trkpt lat="6.9416" lon="125.43168">
        <ele>275.93</ele>
      </trkpt>
      <trkpt lat="6.94157" lon="125.43177">
        <ele>275.26</ele>
      </trkpt>
      <trkpt lat="6.94153" lon="125.43184">
        <ele>275.01</ele>
      </trkpt>
      <trkpt lat="6.94174" lon="125.432">
        <ele>268.07</ele>
      </trkpt>
    </trkseg>
  </trk>
</gpx>
