<?xml version="1.0"?>
<gpx xmlns="http://www.topografix.com/GPX/1/1" xmlns:xsi="http://www.w3.org/2001/XMLSchema-instance" version="1.1" creator="AllTrails.com" xsi:schemaLocation="http://www.topografix.com/GPX/1/1 http://www.topografix.com/GPX/1/1/gpx.xsd">
  <metadata>
    <name><![CDATA[Mount Apo]]></name>
    <desc><![CDATA[]]></desc>
    <link href="http://www.alltrails.com">
      <text>AllTrails, LLC</text>
    </link>
    <bounds minlat="6.95908" minlon="125.2718" maxlat="6.98768" maxlon="125.3167"/>
  </metadata>
  <trk>
    <name><![CDATA[Mount Apo]]></name>
    <src>AllTrails</src>
    <trkseg>
      <trkpt lat="6.95908" lon="125.31427">
        <ele>1162.36</ele>
      </trkpt>
      <trkpt lat="6.95908" lon="125.31427">
        <ele>1162.36</ele>
      </trkpt>
      <trkpt lat="6.95914" lon="125.31427">
        <ele>1167.37</ele>
      </trkpt>
      <trkpt lat="6.95919" lon="125.31426">
        <ele>1170.33</ele>
      </trkpt>
      <trkpt lat="6.95922" lon="125.31425">
        <ele>1171.37</ele>
      </trkpt>
      <trkpt lat="6.95925" lon="125.31421">
        <ele>1171.8</ele>
      </trkpt>
      <trkpt lat="6.95925" lon="125.3142">
        <ele>1171.6</ele>
      </trkpt>
      <trkpt lat="6.95925" lon="125.31419">
        <ele>1171.39</ele>
      </trkpt>
      <trkpt lat="6.95925" lon="125.31419">
        <ele>1171.39</ele>
      </trkpt>
      <trkpt lat="6.95926" lon="125.31414">
        <ele>1171.33</ele>
      </trkpt>
      <trkpt lat="6.95928" lon="125.31406">
        <ele>1171.98</ele>
      </trkpt>
      <trkpt lat="6.9593" lon="125.31397">
        <ele>1172.28</ele>
      </trkpt>
      <trkpt lat="6.95931" lon="125.31392">
        <ele>1172.28</ele>
      </trkpt>
      <trkpt lat="6.95931" lon="125.31386">
        <ele>1172.92</ele>
      </trkpt>
      <trkpt lat="6.95933" lon="125.31381">
        <ele>1174.75</ele>
      </trkpt>
      <trkpt lat="6.95935" lon="125.31376">
        <ele>1176.52</ele>
      </trkpt>
      <trkpt lat="6.95937" lon="125.31372">
        <ele>1177.97</ele>
      </trkpt>
      <trkpt lat="6.95939" lon="125.31366">
        <ele>1179.92</ele>
      </trkpt>
      <trkpt lat="6.95943" lon="125.31361">
        <ele>1181.78</ele>
      </trkpt>
      <trkpt lat="6.95946" lon="125.31358">
        <ele>1182.24</ele>
      </trkpt>
      <trkpt lat="6.95949" lon="125.31353">
        <ele>1182.86</ele>
      </trkpt>
      <trkpt lat="6.95949" lon="125.31352">
        <ele>1182.76</ele>
      </trkpt>
      <trkpt lat="6.95952" lon="125.31346">
        <ele>1183.38</ele>
      </trkpt>
      <trkpt lat="6.95954" lon="125.31342">
        <ele>1183.85</ele>
      </trkpt>
      <trkpt lat="6.95957" lon="125.31337">
        <ele>1184.7</ele>
      </trkpt>
      <trkpt lat="6.95961" lon="125.31333">
        <ele>1186.21</ele>
      </trkpt>
      <trkpt lat="6.95967" lon="125.31332">
        <ele>1188.88</ele>
      </trkpt>
      <trkpt lat="6.95972" lon="125.31331">
        <ele>1190.99</ele>
      </trkpt>
      <trkpt lat="6.95974" lon="125.31336">
        <ele>1191.52</ele>
      </trkpt>
      <trkpt lat="6.95976" lon="125.31339">
        <ele>1192.36</ele>
      </trkpt>
      <trkpt lat="6.95976" lon="125.31343">
        <ele>1192.83</ele>
      </trkpt>
      <trkpt lat="6.95975" lon="125.31345">
        <ele>1192.63</ele>
      </trkpt>
      <trkpt lat="6.95973" lon="125.31348">
        <ele>1191.92</ele>
      </trkpt>
      <trkpt lat="6.95973" lon="125.31352">
        <ele>1192.13</ele>
      </trkpt>
      <trkpt lat="6.95973" lon="125.31356">
        <ele>1192.34</ele>
      </trkpt>
      <trkpt lat="6.95974" lon="125.31358">
        <ele>1193.17</ele>
      </trkpt>
      <trkpt lat="6.95978" lon="125.31358">
        <ele>1196.07</ele>
      </trkpt>
      <trkpt lat="6.95985" lon="125.31355">
        <ele>1200.18</ele>
      </trkpt>
      <trkpt lat="6.95988" lon="125.31355">
        <ele>1202.15</ele>
      </trkpt>
      <trkpt lat="6.95991" lon="125.31355">
        <ele>1204.12</ele>
      </trkpt>
      <trkpt lat="6.95993" lon="125.31355">
        <ele>1205.44</ele>
      </trkpt>
      <trkpt lat="6.95998" lon="125.31355">
        <ele>1208.73</ele>
      </trkpt>
      <trkpt lat="6.96" lon="125.31356">
        <ele>1210.69</ele>
      </trkpt>
      <trkpt lat="6.96" lon="125.31356">
        <ele>1210.69</ele>
      </trkpt>
      <trkpt lat="6.96002" lon="125.31359">
        <ele>1213.82</ele>
      </trkpt>
      <trkpt lat="6.96005" lon="125.31361">
        <ele>1216.81</ele>
      </trkpt>
      <trkpt lat="6.96008" lon="125.31367">
        <ele>1219.94</ele>
      </trkpt>
      <trkpt lat="6.96014" lon="125.31372">
        <ele>1224.61</ele>
      </trkpt>
      <trkpt lat="6.96014" lon="125.31374">
        <ele>1225.08</ele>
      </trkpt>
      <trkpt lat="6.96015" lon="125.31377">
        <ele>1226.38</ele>
      </trkpt>
      <trkpt lat="6.96012" lon="125.31381">
        <ele>1225.52</ele>
      </trkpt>
      <trkpt lat="6.96011" lon="125.31387">
        <ele>1226.3</ele>
      </trkpt>
      <trkpt lat="6.96008" lon="125.31395">
        <ele>1225.22</ele>
      </trkpt>
      <trkpt lat="6.96007" lon="125.314">
        <ele>1224.5</ele>
      </trkpt>
      <trkpt lat="6.96005" lon="125.31407">
        <ele>1222.2</ele>
      </trkpt>
      <trkpt lat="6.96006" lon="125.31412">
        <ele>1223.35</ele>
      </trkpt>
      <trkpt lat="6.96006" lon="125.31419">
        <ele>1224.35</ele>
      </trkpt>
      <trkpt lat="6.96005" lon="125.31425">
        <ele>1225.65</ele>
      </trkpt>
      <trkpt lat="6.96004" lon="125.31429">
        <ele>1226.15</ele>
      </trkpt>
      <trkpt lat="6.96004" lon="125.31434">
        <ele>1228.56</ele>
      </trkpt>
      <trkpt lat="6.96003" lon="125.31437">
        <ele>1228.75</ele>
      </trkpt>
      <trkpt lat="6.96003" lon="125.31442">
        <ele>1231.24</ele>
      </trkpt>
      <trkpt lat="6.96003" lon="125.31446">
        <ele>1233.67</ele>
      </trkpt>
      <trkpt lat="6.96003" lon="125.31451">
        <ele>1237.58</ele>
      </trkpt>
      <trkpt lat="6.96003" lon="125.31455">
        <ele>1240.71</ele>
      </trkpt>
      <trkpt lat="6.96" lon="125.31461">
        <ele>1243.3</ele>
      </trkpt>
      <trkpt lat="6.95997" lon="125.31474">
        <ele>1250.18</ele>
      </trkpt>
      <trkpt lat="6.95995" lon="125.31478">
        <ele>1248.92</ele>
      </trkpt>
      <trkpt lat="6.95994" lon="125.31485">
        <ele>1249.4</ele>
      </trkpt>
      <trkpt lat="6.95992" lon="125.3149">
        <ele>1249.26</ele>
      </trkpt>
      <trkpt lat="6.95991" lon="125.31494">
        <ele>1249.79</ele>
      </trkpt>
      <trkpt lat="6.95987" lon="125.31501">
        <ele>1250.36</ele>
      </trkpt>
      <trkpt lat="6.95987" lon="125.31503">
        <ele>1250.57</ele>
      </trkpt>
      <trkpt lat="6.95986" lon="125.31507">
        <ele>1250.73</ele>
      </trkpt>
      <trkpt lat="6.95982" lon="125.31516">
        <ele>1250.71</ele>
      </trkpt>
      <trkpt lat="6.9598" lon="125.31522">
        <ele>1250.96</ele>
      </trkpt>
      <trkpt lat="6.95979" lon="125.31526">
        <ele>1251.24</ele>
      </trkpt>
      <trkpt lat="6.95978" lon="125.31529">
        <ele>1251.44</ele>
      </trkpt>
      <trkpt lat="6.95977" lon="125.31532">
        <ele>1251.71</ele>
      </trkpt>
      <trkpt lat="6.95977" lon="125.31535">
        <ele>1252.2</ele>
      </trkpt>
      <trkpt lat="6.95976" lon="125.31537">
        <ele>1252.34</ele>
      </trkpt>
      <trkpt lat="6.95977" lon="125.31541">
        <ele>1253.17</ele>
      </trkpt>
      <trkpt lat="6.95977" lon="125.31546">
        <ele>1253.97</ele>
      </trkpt>
      <trkpt lat="6.95974" lon="125.31553">
        <ele>1254.75</ele>
      </trkpt>
      <trkpt lat="6.95971" lon="125.31559">
        <ele>1254.94</ele>
      </trkpt>
      <trkpt lat="6.9597" lon="125.31562">
        <ele>1254.91</ele>
      </trkpt>
      <trkpt lat="6.95971" lon="125.31563">
        <ele>1255.38</ele>
      </trkpt>
      <trkpt lat="6.95976" lon="125.31568">
        <ele>1256.69</ele>
      </trkpt>
      <trkpt lat="6.95978" lon="125.31572">
        <ele>1257.28</ele>
      </trkpt>
      <trkpt lat="6.95978" lon="125.31583">
        <ele>1258.38</ele>
      </trkpt>
      <trkpt lat="6.95978" lon="125.31593">
        <ele>1259.04</ele>
      </trkpt>
      <trkpt lat="6.95978" lon="125.31597">
        <ele>1259.3</ele>
      </trkpt>
      <trkpt lat="6.95979" lon="125.31613">
        <ele>1260.21</ele>
      </trkpt>
      <trkpt lat="6.9598" lon="125.31618">
        <ele>1260.17</ele>
      </trkpt>
      <trkpt lat="6.95983" lon="125.31622">
        <ele>1260.3</ele>
      </trkpt>
      <trkpt lat="6.95983" lon="125.31622">
        <ele>1260.3</ele>
      </trkpt>
      <trkpt lat="6.95986" lon="125.31625">
        <ele>1260.49</ele>
      </trkpt>
      <trkpt lat="6.95986" lon="125.31625">
        <ele>1260.49</ele>
      </trkpt>
      <trkpt lat="6.96024" lon="125.31631">
        <ele>1267.27</ele>
      </trkpt>
      <trkpt lat="6.96024" lon="125.3163">
        <ele>1267.18</ele>
      </trkpt>
      <trkpt lat="6.96032" lon="125.31633">
        <ele>1267.91</ele>
      </trkpt>
      <trkpt lat="6.96037" lon="125.31635">
        <ele>1267.58</ele>
      </trkpt>
      <trkpt lat="6.96041" lon="125.31638">
        <ele>1267.48</ele>
      </trkpt>
      <trkpt lat="6.96041" lon="125.31638">
        <ele>1267.48</ele>
      </trkpt>
      <trkpt lat="6.96053" lon="125.3165">
        <ele>1269.73</ele>
      </trkpt>
      <trkpt lat="6.96057" lon="125.31653">
        <ele>1270.41</ele>
      </trkpt>
      <trkpt lat="6.9606" lon="125.31657">
        <ele>1271.24</ele>
      </trkpt>
      <trkpt lat="6.96063" lon="125.3166">
        <ele>1271.62</ele>
      </trkpt>
      <trkpt lat="6.96071" lon="125.31668">
        <ele>1271.66</ele>
      </trkpt>
      <trkpt lat="6.96075" lon="125.3167">
        <ele>1270.75</ele>
      </trkpt>
      <trkpt lat="6.9608" lon="125.31669">
        <ele>1269.66</ele>
      </trkpt>
      <trkpt lat="6.96082" lon="125.31665">
        <ele>1269.09</ele>
      </trkpt>
      <trkpt lat="6.96084" lon="125.31661">
        <ele>1268.34</ele>
      </trkpt>
      <trkpt lat="6.96086" lon="125.31656">
        <ele>1267.71</ele>
      </trkpt>
      <trkpt lat="6.96086" lon="125.31655">
        <ele>1267.61</ele>
      </trkpt>
      <trkpt lat="6.9609" lon="125.31636">
        <ele>1266.27</ele>
      </trkpt>
      <trkpt lat="6.9609" lon="125.31636">
        <ele>1266.27</ele>
      </trkpt>
      <trkpt lat="6.96091" lon="125.31634">
        <ele>1266.31</ele>
      </trkpt>
      <trkpt lat="6.96093" lon="125.31629">
        <ele>1266.33</ele>
      </trkpt>
      <trkpt lat="6.96097" lon="125.31621">
        <ele>1266.19</ele>
      </trkpt>
      <trkpt lat="6.961" lon="125.31616">
        <ele>1265.94</ele>
      </trkpt>
      <trkpt lat="6.96102" lon="125.31612">
        <ele>1265.69</ele>
      </trkpt>
      <trkpt lat="6.96103" lon="125.3161">
        <ele>1265.56</ele>
      </trkpt>
      <trkpt lat="6.96105" lon="125.31604">
        <ele>1265.21</ele>
      </trkpt>
      <trkpt lat="6.96106" lon="125.31601">
        <ele>1264.97</ele>
      </trkpt>
      <trkpt lat="6.96111" lon="125.31588">
        <ele>1263.36</ele>
      </trkpt>
      <trkpt lat="6.96112" lon="125.31582">
        <ele>1262.9</ele>
      </trkpt>
      <trkpt lat="6.96113" lon="125.31577">
        <ele>1262.54</ele>
      </trkpt>
      <trkpt lat="6.96113" lon="125.31577">
        <ele>1262.54</ele>
      </trkpt>
      <trkpt lat="6.96114" lon="125.31567">
        <ele>1261.82</ele>
      </trkpt>
      <trkpt lat="6.96115" lon="125.31562">
        <ele>1261.46</ele>
      </trkpt>
      <trkpt lat="6.9612" lon="125.31558">
        <ele>1261.18</ele>
      </trkpt>
      <trkpt lat="6.96124" lon="125.31556">
        <ele>1261.03</ele>
      </trkpt>
      <trkpt lat="6.96124" lon="125.31556">
        <ele>1261.03</ele>
      </trkpt>
      <trkpt lat="6.96142" lon="125.31549">
        <ele>1260.67</ele>
      </trkpt>
      <trkpt lat="6.96143" lon="125.31549">
        <ele>1260.64</ele>
      </trkpt>
      <trkpt lat="6.96149" lon="125.31547">
        <ele>1260.52</ele>
      </trkpt>
      <trkpt lat="6.96152" lon="125.31545">
        <ele>1260.57</ele>
      </trkpt>
      <trkpt lat="6.96157" lon="125.31544">
        <ele>1260.64</ele>
      </trkpt>
      <trkpt lat="6.96161" lon="125.31543">
        <ele>1260.75</ele>
      </trkpt>
      <trkpt lat="6.96165" lon="125.31541">
        <ele>1261.06</ele>
      </trkpt>
      <trkpt lat="6.9617" lon="125.31537">
        <ele>1262.27</ele>
      </trkpt>
      <trkpt lat="6.96172" lon="125.31535">
        <ele>1262.84</ele>
      </trkpt>
      <trkpt lat="6.96179" lon="125.3153">
        <ele>1264.23</ele>
      </trkpt>
      <trkpt lat="6.96196" lon="125.31522">
        <ele>1265.53</ele>
      </trkpt>
      <trkpt lat="6.96196" lon="125.31521">
        <ele>1265.47</ele>
      </trkpt>
      <trkpt lat="6.96204" lon="125.31517">
        <ele>1265.2</ele>
      </trkpt>
      <trkpt lat="6.9621" lon="125.31514">
        <ele>1265.28</ele>
      </trkpt>
      <trkpt lat="6.96217" lon="125.31509">
        <ele>1265.77</ele>
      </trkpt>
      <trkpt lat="6.96222" lon="125.31506">
        <ele>1266.34</ele>
      </trkpt>
      <trkpt lat="6.96225" lon="125.31503">
        <ele>1267.4</ele>
      </trkpt>
      <trkpt lat="6.96226" lon="125.31502">
        <ele>1267.76</ele>
      </trkpt>
      <trkpt lat="6.96226" lon="125.31502">
        <ele>1267.76</ele>
      </trkpt>
      <trkpt lat="6.96228" lon="125.31498">
        <ele>1268.82</ele>
      </trkpt>
      <trkpt lat="6.96228" lon="125.31497">
        <ele>1269.0</ele>
      </trkpt>
      <trkpt lat="6.96231" lon="125.31487">
        <ele>1271.55</ele>
      </trkpt>
      <trkpt lat="6.96231" lon="125.31475">
        <ele>1273.71</ele>
      </trkpt>
      <trkpt lat="6.96233" lon="125.31468">
        <ele>1275.3</ele>
      </trkpt>
      <trkpt lat="6.96233" lon="125.31463">
        <ele>1275.99</ele>
      </trkpt>
      <trkpt lat="6.96234" lon="125.31456">
        <ele>1277.15</ele>
      </trkpt>
      <trkpt lat="6.96241" lon="125.31442">
        <ele>1279.94</ele>
      </trkpt>
      <trkpt lat="6.96251" lon="125.31431">
        <ele>1283.13</ele>
      </trkpt>
      <trkpt lat="6.96257" lon="125.31427">
        <ele>1284.87</ele>
      </trkpt>
      <trkpt lat="6.96262" lon="125.31425">
        <ele>1286.09</ele>
      </trkpt>
      <trkpt lat="6.96265" lon="125.31426">
        <ele>1286.54</ele>
      </trkpt>
      <trkpt lat="6.96267" lon="125.31425">
        <ele>1287.04</ele>
      </trkpt>
      <trkpt lat="6.96269" lon="125.31426">
        <ele>1287.31</ele>
      </trkpt>
      <trkpt lat="6.96275" lon="125.31426">
        <ele>1288.46</ele>
      </trkpt>
      <trkpt lat="6.96286" lon="125.31426">
        <ele>1288.3</ele>
      </trkpt>
      <trkpt lat="6.96296" lon="125.3142">
        <ele>1287.83</ele>
      </trkpt>
      <trkpt lat="6.96303" lon="125.31413">
        <ele>1287.26</ele>
      </trkpt>
      <trkpt lat="6.96306" lon="125.31412">
        <ele>1286.99</ele>
      </trkpt>
      <trkpt lat="6.96308" lon="125.3141">
        <ele>1286.93</ele>
      </trkpt>
      <trkpt lat="6.96313" lon="125.31405">
        <ele>1286.84</ele>
      </trkpt>
      <trkpt lat="6.96315" lon="125.31402">
        <ele>1286.84</ele>
      </trkpt>
      <trkpt lat="6.96317" lon="125.314">
        <ele>1286.84</ele>
      </trkpt>
      <trkpt lat="6.9632" lon="125.31396">
        <ele>1286.87</ele>
      </trkpt>
      <trkpt lat="6.96324" lon="125.31386">
        <ele>1287.28</ele>
      </trkpt>
      <trkpt lat="6.96328" lon="125.31377">
        <ele>1288.02</ele>
      </trkpt>
      <trkpt lat="6.96332" lon="125.3137">
        <ele>1288.43</ele>
      </trkpt>
      <trkpt lat="6.96336" lon="125.31367">
        <ele>1288.86</ele>
      </trkpt>
      <trkpt lat="6.9634" lon="125.31363">
        <ele>1289.74</ele>
      </trkpt>
      <trkpt lat="6.96343" lon="125.31361">
        <ele>1290.41</ele>
      </trkpt>
      <trkpt lat="6.96352" lon="125.31356">
        <ele>1292.42</ele>
      </trkpt>
      <trkpt lat="6.96359" lon="125.31352">
        <ele>1293.75</ele>
      </trkpt>
      <trkpt lat="6.96363" lon="125.3135">
        <ele>1294.64</ele>
      </trkpt>
      <trkpt lat="6.96369" lon="125.31345">
        <ele>1296.61</ele>
      </trkpt>
      <trkpt lat="6.96372" lon="125.31343">
        <ele>1297.56</ele>
      </trkpt>
      <trkpt lat="6.96375" lon="125.31337">
        <ele>1299.04</ele>
      </trkpt>
      <trkpt lat="6.9638" lon="125.31333">
        <ele>1300.8</ele>
      </trkpt>
      <trkpt lat="6.96384" lon="125.31331">
        <ele>1302.06</ele>
      </trkpt>
      <trkpt lat="6.96393" lon="125.31328">
        <ele>1303.47</ele>
      </trkpt>
      <trkpt lat="6.964" lon="125.31325">
        <ele>1303.4</ele>
      </trkpt>
      <trkpt lat="6.96404" lon="125.31323">
        <ele>1303.4</ele>
      </trkpt>
      <trkpt lat="6.96408" lon="125.3132">
        <ele>1303.54</ele>
      </trkpt>
      <trkpt lat="6.96414" lon="125.31317">
        <ele>1303.54</ele>
      </trkpt>
      <trkpt lat="6.96422" lon="125.31313">
        <ele>1304.36</ele>
      </trkpt>
      <trkpt lat="6.96425" lon="125.3131">
        <ele>1305.01</ele>
      </trkpt>
      <trkpt lat="6.96434" lon="125.31296">
        <ele>1306.98</ele>
      </trkpt>
      <trkpt lat="6.96444" lon="125.3128">
        <ele>1310.57</ele>
      </trkpt>
      <trkpt lat="6.96453" lon="125.31268">
        <ele>1313.97</ele>
      </trkpt>
      <trkpt lat="6.96457" lon="125.31264">
        <ele>1315.38</ele>
      </trkpt>
      <trkpt lat="6.96461" lon="125.3126">
        <ele>1316.83</ele>
      </trkpt>
      <trkpt lat="6.96463" lon="125.31257">
        <ele>1317.67</ele>
      </trkpt>
      <trkpt lat="6.96465" lon="125.31256">
        <ele>1318.33</ele>
      </trkpt>
      <trkpt lat="6.96467" lon="125.31253">
        <ele>1319.19</ele>
      </trkpt>
      <trkpt lat="6.96472" lon="125.31248">
        <ele>1320.65</ele>
      </trkpt>
      <trkpt lat="6.96476" lon="125.31246">
        <ele>1320.35</ele>
      </trkpt>
      <trkpt lat="6.9648" lon="125.31243">
        <ele>1319.92</ele>
      </trkpt>
      <trkpt lat="6.96488" lon="125.31237">
        <ele>1319.36</ele>
      </trkpt>
      <trkpt lat="6.96496" lon="125.31233">
        <ele>1319.27</ele>
      </trkpt>
      <trkpt lat="6.96501" lon="125.31232">
        <ele>1319.4</ele>
      </trkpt>
      <trkpt lat="6.96504" lon="125.31231">
        <ele>1319.52</ele>
      </trkpt>
      <trkpt lat="6.9651" lon="125.31231">
        <ele>1319.83</ele>
      </trkpt>
      <trkpt lat="6.96513" lon="125.31232">
        <ele>1319.93</ele>
      </trkpt>
      <trkpt lat="6.96518" lon="125.31232">
        <ele>1320.16</ele>
      </trkpt>
      <trkpt lat="6.96521" lon="125.31233">
        <ele>1320.19</ele>
      </trkpt>
      <trkpt lat="6.96536" lon="125.31229">
        <ele>1320.87</ele>
      </trkpt>
      <trkpt lat="6.96539" lon="125.31227">
        <ele>1321.05</ele>
      </trkpt>
      <trkpt lat="6.96542" lon="125.31225">
        <ele>1321.19</ele>
      </trkpt>
      <trkpt lat="6.96545" lon="125.31224">
        <ele>1321.2</ele>
      </trkpt>
      <trkpt lat="6.96549" lon="125.31222">
        <ele>1321.25</ele>
      </trkpt>
      <trkpt lat="6.96553" lon="125.31218">
        <ele>1321.49</ele>
      </trkpt>
      <trkpt lat="6.96558" lon="125.31213">
        <ele>1322.79</ele>
      </trkpt>
      <trkpt lat="6.96563" lon="125.31207">
        <ele>1325.75</ele>
      </trkpt>
      <trkpt lat="6.96572" lon="125.31198">
        <ele>1332.77</ele>
      </trkpt>
      <trkpt lat="6.96578" lon="125.31188">
        <ele>1337.49</ele>
      </trkpt>
      <trkpt lat="6.96582" lon="125.31182">
        <ele>1339.06</ele>
      </trkpt>
      <trkpt lat="6.96584" lon="125.31177">
        <ele>1339.22</ele>
      </trkpt>
      <trkpt lat="6.96586" lon="125.31175">
        <ele>1339.43</ele>
      </trkpt>
      <trkpt lat="6.96587" lon="125.31172">
        <ele>1339.52</ele>
      </trkpt>
      <trkpt lat="6.96591" lon="125.31166">
        <ele>1340.6</ele>
      </trkpt>
      <trkpt lat="6.96593" lon="125.31161">
        <ele>1340.12</ele>
      </trkpt>
      <trkpt lat="6.96593" lon="125.31158">
        <ele>1339.4</ele>
      </trkpt>
      <trkpt lat="6.96594" lon="125.31155">
        <ele>1339.06</ele>
      </trkpt>
      <trkpt lat="6.96594" lon="125.31152">
        <ele>1338.35</ele>
      </trkpt>
      <trkpt lat="6.96594" lon="125.3115">
        <ele>1337.87</ele>
      </trkpt>
      <trkpt lat="6.96595" lon="125.31148">
        <ele>1337.78</ele>
      </trkpt>
      <trkpt lat="6.96597" lon="125.3114">
        <ele>1336.67</ele>
      </trkpt>
      <trkpt lat="6.96597" lon="125.31134">
        <ele>1336.51</ele>
      </trkpt>
      <trkpt lat="6.96598" lon="125.3113">
        <ele>1336.91</ele>
      </trkpt>
      <trkpt lat="6.96598" lon="125.31127">
        <ele>1336.94</ele>
      </trkpt>
      <trkpt lat="6.96596" lon="125.31121">
        <ele>1336.54</ele>
      </trkpt>
      <trkpt lat="6.96596" lon="125.31117">
        <ele>1336.65</ele>
      </trkpt>
      <trkpt lat="6.96594" lon="125.31113">
        <ele>1336.45</ele>
      </trkpt>
      <trkpt lat="6.96594" lon="125.31108">
        <ele>1337.1</ele>
      </trkpt>
      <trkpt lat="6.96593" lon="125.31105">
        <ele>1337.49</ele>
      </trkpt>
      <trkpt lat="6.96591" lon="125.31092">
        <ele>1339.54</ele>
      </trkpt>
      <trkpt lat="6.96593" lon="125.31088">
        <ele>1340.55</ele>
      </trkpt>
      <trkpt lat="6.96594" lon="125.31086">
        <ele>1341.06</ele>
      </trkpt>
      <trkpt lat="6.96598" lon="125.31083">
        <ele>1342.14</ele>
      </trkpt>
      <trkpt lat="6.96602" lon="125.31078">
        <ele>1343.07</ele>
      </trkpt>
      <trkpt lat="6.96605" lon="125.31075">
        <ele>1343.72</ele>
      </trkpt>
      <trkpt lat="6.96608" lon="125.31073">
        <ele>1344.3</ele>
      </trkpt>
      <trkpt lat="6.9661" lon="125.3107">
        <ele>1344.8</ele>
      </trkpt>
      <trkpt lat="6.96613" lon="125.31068">
        <ele>1345.35</ele>
      </trkpt>
      <trkpt lat="6.96617" lon="125.31064">
        <ele>1346.18</ele>
      </trkpt>
      <trkpt lat="6.96618" lon="125.31062">
        <ele>1346.47</ele>
      </trkpt>
      <trkpt lat="6.96619" lon="125.31059">
        <ele>1346.85</ele>
      </trkpt>
      <trkpt lat="6.96621" lon="125.31054">
        <ele>1347.59</ele>
      </trkpt>
      <trkpt lat="6.96626" lon="125.31045">
        <ele>1349.28</ele>
      </trkpt>
      <trkpt lat="6.96627" lon="125.31041">
        <ele>1349.86</ele>
      </trkpt>
      <trkpt lat="6.9663" lon="125.31037">
        <ele>1350.72</ele>
      </trkpt>
      <trkpt lat="6.96632" lon="125.31035">
        <ele>1351.23</ele>
      </trkpt>
      <trkpt lat="6.96635" lon="125.31032">
        <ele>1351.98</ele>
      </trkpt>
      <trkpt lat="6.96639" lon="125.31029">
        <ele>1352.89</ele>
      </trkpt>
      <trkpt lat="6.96643" lon="125.31025">
        <ele>1354.04</ele>
      </trkpt>
      <trkpt lat="6.96646" lon="125.31019">
        <ele>1355.23</ele>
      </trkpt>
      <trkpt lat="6.96647" lon="125.31015">
        <ele>1355.84</ele>
      </trkpt>
      <trkpt lat="6.96647" lon="125.31011">
        <ele>1356.27</ele>
      </trkpt>
      <trkpt lat="6.96649" lon="125.31004">
        <ele>1357.39</ele>
      </trkpt>
      <trkpt lat="6.96651" lon="125.30997">
        <ele>1358.3</ele>
      </trkpt>
      <trkpt lat="6.96653" lon="125.30993">
        <ele>1358.79</ele>
      </trkpt>
      <trkpt lat="6.96653" lon="125.3099">
        <ele>1358.89</ele>
      </trkpt>
      <trkpt lat="6.96654" lon="125.30988">
        <ele>1359.11</ele>
      </trkpt>
      <trkpt lat="6.96656" lon="125.30985">
        <ele>1359.49</ele>
      </trkpt>
      <trkpt lat="6.96658" lon="125.30979">
        <ele>1359.91</ele>
      </trkpt>
      <trkpt lat="6.96658" lon="125.30977">
        <ele>1359.96</ele>
      </trkpt>
      <trkpt lat="6.9666" lon="125.30974">
        <ele>1360.25</ele>
      </trkpt>
      <trkpt lat="6.96665" lon="125.30968">
        <ele>1360.83</ele>
      </trkpt>
      <trkpt lat="6.96668" lon="125.30963">
        <ele>1361.08</ele>
      </trkpt>
      <trkpt lat="6.96671" lon="125.3096">
        <ele>1361.29</ele>
      </trkpt>
      <trkpt lat="6.96675" lon="125.30953">
        <ele>1361.72</ele>
      </trkpt>
      <trkpt lat="6.96683" lon="125.30945">
        <ele>1362.74</ele>
      </trkpt>
      <trkpt lat="6.96684" lon="125.30943">
        <ele>1362.9</ele>
      </trkpt>
      <trkpt lat="6.96694" lon="125.30932">
        <ele>1364.39</ele>
      </trkpt>
      <trkpt lat="6.96696" lon="125.30927">
        <ele>1364.85</ele>
      </trkpt>
      <trkpt lat="6.96698" lon="125.30923">
        <ele>1365.32</ele>
      </trkpt>
      <trkpt lat="6.967" lon="125.30918">
        <ele>1365.92</ele>
      </trkpt>
      <trkpt lat="6.96701" lon="125.30916">
        <ele>1366.2</ele>
      </trkpt>
      <trkpt lat="6.96702" lon="125.30913">
        <ele>1366.46</ele>
      </trkpt>
      <trkpt lat="6.96704" lon="125.30909">
        <ele>1366.9</ele>
      </trkpt>
      <trkpt lat="6.96706" lon="125.30902">
        <ele>1367.39</ele>
      </trkpt>
      <trkpt lat="6.9671" lon="125.30891">
        <ele>1368.21</ele>
      </trkpt>
      <trkpt lat="6.96714" lon="125.30884">
        <ele>1369.04</ele>
      </trkpt>
      <trkpt lat="6.96716" lon="125.30881">
        <ele>1369.45</ele>
      </trkpt>
      <trkpt lat="6.96719" lon="125.30879">
        <ele>1369.93</ele>
      </trkpt>
      <trkpt lat="6.96718" lon="125.30878">
        <ele>1369.84</ele>
      </trkpt>
      <trkpt lat="6.96721" lon="125.30876">
        <ele>1370.31</ele>
      </trkpt>
      <trkpt lat="6.96724" lon="125.30873">
        <ele>1370.79</ele>
      </trkpt>
      <trkpt lat="6.96726" lon="125.30867">
        <ele>1371.22</ele>
      </trkpt>
      <trkpt lat="6.96729" lon="125.30862">
        <ele>1371.71</ele>
      </trkpt>
      <trkpt lat="6.96732" lon="125.30861">
        <ele>1372.06</ele>
      </trkpt>
      <trkpt lat="6.96739" lon="125.30855">
        <ele>1372.81</ele>
      </trkpt>
      <trkpt lat="6.96741" lon="125.30852">
        <ele>1373.03</ele>
      </trkpt>
      <trkpt lat="6.96744" lon="125.3085">
        <ele>1373.35</ele>
      </trkpt>
      <trkpt lat="6.96746" lon="125.30847">
        <ele>1373.57</ele>
      </trkpt>
      <trkpt lat="6.96747" lon="125.30844">
        <ele>1373.68</ele>
      </trkpt>
      <trkpt lat="6.96749" lon="125.30841">
        <ele>1373.89</ele>
      </trkpt>
      <trkpt lat="6.9675" lon="125.30838">
        <ele>1374.0</ele>
      </trkpt>
      <trkpt lat="6.9675" lon="125.30832">
        <ele>1374.19</ele>
      </trkpt>
      <trkpt lat="6.96751" lon="125.30828">
        <ele>1374.88</ele>
      </trkpt>
      <trkpt lat="6.96751" lon="125.30824">
        <ele>1375.46</ele>
      </trkpt>
      <trkpt lat="6.9675" lon="125.30821">
        <ele>1375.78</ele>
      </trkpt>
      <trkpt lat="6.9675" lon="125.30815">
        <ele>1376.64</ele>
      </trkpt>
      <trkpt lat="6.9675" lon="125.30812">
        <ele>1377.07</ele>
      </trkpt>
      <trkpt lat="6.96752" lon="125.30805">
        <ele>1378.35</ele>
      </trkpt>
      <trkpt lat="6.96752" lon="125.308">
        <ele>1378.93</ele>
      </trkpt>
      <trkpt lat="6.96756" lon="125.3079">
        <ele>1380.91</ele>
      </trkpt>
      <trkpt lat="6.96756" lon="125.30786">
        <ele>1381.43</ele>
      </trkpt>
      <trkpt lat="6.96756" lon="125.30784">
        <ele>1381.69</ele>
      </trkpt>
      <trkpt lat="6.96756" lon="125.30778">
        <ele>1382.48</ele>
      </trkpt>
      <trkpt lat="6.96757" lon="125.30775">
        <ele>1383.19</ele>
      </trkpt>
      <trkpt lat="6.96756" lon="125.30767">
        <ele>1384.15</ele>
      </trkpt>
      <trkpt lat="6.96756" lon="125.30761">
        <ele>1385.06</ele>
      </trkpt>
      <trkpt lat="6.96756" lon="125.30756">
        <ele>1385.82</ele>
      </trkpt>
      <trkpt lat="6.96757" lon="125.30752">
        <ele>1386.71</ele>
      </trkpt>
      <trkpt lat="6.96758" lon="125.30748">
        <ele>1387.64</ele>
      </trkpt>
      <trkpt lat="6.9676" lon="125.30743">
        <ele>1389.05</ele>
      </trkpt>
      <trkpt lat="6.9676" lon="125.30738">
        <ele>1389.88</ele>
      </trkpt>
      <trkpt lat="6.96764" lon="125.30728">
        <ele>1392.59</ele>
      </trkpt>
      <trkpt lat="6.96766" lon="125.30718">
        <ele>1394.79</ele>
      </trkpt>
      <trkpt lat="6.96764" lon="125.30708">
        <ele>1396.09</ele>
      </trkpt>
      <trkpt lat="6.96762" lon="125.30705">
        <ele>1396.12</ele>
      </trkpt>
      <trkpt lat="6.96761" lon="125.30701">
        <ele>1396.59</ele>
      </trkpt>
      <trkpt lat="6.96761" lon="125.30693">
        <ele>1398.01</ele>
      </trkpt>
      <trkpt lat="6.96759" lon="125.30689">
        <ele>1398.18</ele>
      </trkpt>
      <trkpt lat="6.9676" lon="125.30686">
        <ele>1398.93</ele>
      </trkpt>
      <trkpt lat="6.96762" lon="125.30684">
        <ele>1399.74</ele>
      </trkpt>
      <trkpt lat="6.96764" lon="125.30682">
        <ele>1400.54</ele>
      </trkpt>
      <trkpt lat="6.96768" lon="125.30681">
        <ele>1401.64</ele>
      </trkpt>
      <trkpt lat="6.96771" lon="125.3068">
        <ele>1402.5</ele>
      </trkpt>
      <trkpt lat="6.96773" lon="125.3068">
        <ele>1402.97</ele>
      </trkpt>
      <trkpt lat="6.96775" lon="125.3068">
        <ele>1403.43</ele>
      </trkpt>
      <trkpt lat="6.96776" lon="125.3068">
        <ele>1403.67</ele>
      </trkpt>
      <trkpt lat="6.96777" lon="125.3068">
        <ele>1403.9</ele>
      </trkpt>
      <trkpt lat="6.9678" lon="125.3068">
        <ele>1404.56</ele>
      </trkpt>
      <trkpt lat="6.96783" lon="125.30681">
        <ele>1405.06</ele>
      </trkpt>
      <trkpt lat="6.9679" lon="125.3068">
        <ele>1406.72</ele>
      </trkpt>
      <trkpt lat="6.96795" lon="125.30677">
        <ele>1408.23</ele>
      </trkpt>
      <trkpt lat="6.96799" lon="125.30676">
        <ele>1409.24</ele>
      </trkpt>
      <trkpt lat="6.96801" lon="125.30674">
        <ele>1409.96</ele>
      </trkpt>
      <trkpt lat="6.96804" lon="125.30674">
        <ele>1410.61</ele>
      </trkpt>
      <trkpt lat="6.96807" lon="125.30672">
        <ele>1411.55</ele>
      </trkpt>
      <trkpt lat="6.9682" lon="125.30668">
        <ele>1414.95</ele>
      </trkpt>
      <trkpt lat="6.96828" lon="125.30664">
        <ele>1417.38</ele>
      </trkpt>
      <trkpt lat="6.96832" lon="125.30663">
        <ele>1418.39</ele>
      </trkpt>
      <trkpt lat="6.96838" lon="125.3066">
        <ele>1419.87</ele>
      </trkpt>
      <trkpt lat="6.96846" lon="125.3066">
        <ele>1421.01</ele>
      </trkpt>
      <trkpt lat="6.96849" lon="125.30661">
        <ele>1421.17</ele>
      </trkpt>
      <trkpt lat="6.96854" lon="125.3066">
        <ele>1422.15</ele>
      </trkpt>
      <trkpt lat="6.96857" lon="125.30659">
        <ele>1422.88</ele>
      </trkpt>
      <trkpt lat="6.9686" lon="125.30657">
        <ele>1423.96</ele>
      </trkpt>
      <trkpt lat="6.96862" lon="125.30653">
        <ele>1425.57</ele>
      </trkpt>
      <trkpt lat="6.96865" lon="125.30649">
        <ele>1427.41</ele>
      </trkpt>
      <trkpt lat="6.96868" lon="125.30643">
        <ele>1430.05</ele>
      </trkpt>
      <trkpt lat="6.96872" lon="125.30638">
        <ele>1432.69</ele>
      </trkpt>
      <trkpt lat="6.96875" lon="125.30631">
        <ele>1436.12</ele>
      </trkpt>
      <trkpt lat="6.9688" lon="125.30626">
        <ele>1439.52</ele>
      </trkpt>
      <trkpt lat="6.96881" lon="125.30624">
        <ele>1440.66</ele>
      </trkpt>
      <trkpt lat="6.96883" lon="125.30622">
        <ele>1442.12</ele>
      </trkpt>
      <trkpt lat="6.96885" lon="125.3062">
        <ele>1443.62</ele>
      </trkpt>
      <trkpt lat="6.96887" lon="125.30618">
        <ele>1445.16</ele>
      </trkpt>
      <trkpt lat="6.96889" lon="125.30616">
        <ele>1446.75</ele>
      </trkpt>
      <trkpt lat="6.96898" lon="125.3061">
        <ele>1452.81</ele>
      </trkpt>
      <trkpt lat="6.96902" lon="125.30608">
        <ele>1455.28</ele>
      </trkpt>
      <trkpt lat="6.96905" lon="125.30604">
        <ele>1458.47</ele>
      </trkpt>
      <trkpt lat="6.96904" lon="125.30599">
        <ele>1460.62</ele>
      </trkpt>
      <trkpt lat="6.96903" lon="125.30596">
        <ele>1461.71</ele>
      </trkpt>
      <trkpt lat="6.96899" lon="125.30588">
        <ele>1463.84</ele>
      </trkpt>
      <trkpt lat="6.96899" lon="125.30588">
        <ele>1463.84</ele>
      </trkpt>
      <trkpt lat="6.96896" lon="125.3058">
        <ele>1466.41</ele>
      </trkpt>
      <trkpt lat="6.96894" lon="125.30576">
        <ele>1467.58</ele>
      </trkpt>
      <trkpt lat="6.96891" lon="125.30573">
        <ele>1467.67</ele>
      </trkpt>
      <trkpt lat="6.96889" lon="125.30571">
        <ele>1467.72</ele>
      </trkpt>
      <trkpt lat="6.96889" lon="125.30568">
        <ele>1469.34</ele>
      </trkpt>
      <trkpt lat="6.96894" lon="125.30569">
        <ele>1471.41</ele>
      </trkpt>
      <trkpt lat="6.96899" lon="125.3057">
        <ele>1473.47</ele>
      </trkpt>
      <trkpt lat="6.96901" lon="125.30565">
        <ele>1477.29</ele>
      </trkpt>
      <trkpt lat="6.96901" lon="125.30565">
        <ele>1477.29</ele>
      </trkpt>
      <trkpt lat="6.96903" lon="125.30554">
        <ele>1484.52</ele>
      </trkpt>
      <trkpt lat="6.96907" lon="125.3055">
        <ele>1488.98</ele>
      </trkpt>
      <trkpt lat="6.96912" lon="125.3055">
        <ele>1491.68</ele>
      </trkpt>
      <trkpt lat="6.96916" lon="125.30552">
        <ele>1492.69</ele>
      </trkpt>
      <trkpt lat="6.96921" lon="125.30554">
        <ele>1493.91</ele>
      </trkpt>
      <trkpt lat="6.96924" lon="125.30557">
        <ele>1493.63</ele>
      </trkpt>
      <trkpt lat="6.96926" lon="125.30557">
        <ele>1494.57</ele>
      </trkpt>
      <trkpt lat="6.96946" lon="125.30561">
        <ele>1501.95</ele>
      </trkpt>
      <trkpt lat="6.96949" lon="125.30558">
        <ele>1504.76</ele>
      </trkpt>
      <trkpt lat="6.96951" lon="125.30553">
        <ele>1508.08</ele>
      </trkpt>
      <trkpt lat="6.96949" lon="125.30549">
        <ele>1509.19</ele>
      </trkpt>
      <trkpt lat="6.96946" lon="125.30546">
        <ele>1509.45</ele>
      </trkpt>
      <trkpt lat="6.96942" lon="125.30542">
        <ele>1509.77</ele>
      </trkpt>
      <trkpt lat="6.9694" lon="125.30539">
        <ele>1510.45</ele>
      </trkpt>
      <trkpt lat="6.96935" lon="125.30534">
        <ele>1510.97</ele>
      </trkpt>
      <trkpt lat="6.96935" lon="125.30534">
        <ele>1510.97</ele>
      </trkpt>
      <trkpt lat="6.96933" lon="125.30532">
        <ele>1511.21</ele>
      </trkpt>
      <trkpt lat="6.96926" lon="125.30526">
        <ele>1511.68</ele>
      </trkpt>
      <trkpt lat="6.96922" lon="125.30523">
        <ele>1511.8</ele>
      </trkpt>
      <trkpt lat="6.9692" lon="125.30521">
        <ele>1512.17</ele>
      </trkpt>
      <trkpt lat="6.96916" lon="125.30518">
        <ele>1512.26</ele>
      </trkpt>
      <trkpt lat="6.96914" lon="125.30513">
        <ele>1514.02</ele>
      </trkpt>
      <trkpt lat="6.96913" lon="125.30505">
        <ele>1518.03</ele>
      </trkpt>
      <trkpt lat="6.96914" lon="125.30501">
        <ele>1520.89</ele>
      </trkpt>
      <trkpt lat="6.96914" lon="125.305">
        <ele>1521.46</ele>
      </trkpt>
      <trkpt lat="6.96915" lon="125.305">
        <ele>1522.04</ele>
      </trkpt>
      <trkpt lat="6.96915" lon="125.30499">
        <ele>1522.33</ele>
      </trkpt>
      <trkpt lat="6.96913" lon="125.30496">
        <ele>1522.04</ele>
      </trkpt>
      <trkpt lat="6.96913" lon="125.30493">
        <ele>1522.9</ele>
      </trkpt>
      <trkpt lat="6.96912" lon="125.30491">
        <ele>1522.9</ele>
      </trkpt>
      <trkpt lat="6.96912" lon="125.30489">
        <ele>1523.48</ele>
      </trkpt>
      <trkpt lat="6.96912" lon="125.30486">
        <ele>1524.34</ele>
      </trkpt>
      <trkpt lat="6.96912" lon="125.30482">
        <ele>1525.5</ele>
      </trkpt>
      <trkpt lat="6.96914" lon="125.3048">
        <ele>1527.22</ele>
      </trkpt>
      <trkpt lat="6.96914" lon="125.30475">
        <ele>1528.66</ele>
      </trkpt>
      <trkpt lat="6.96914" lon="125.30471">
        <ele>1529.78</ele>
      </trkpt>
      <trkpt lat="6.96914" lon="125.3047">
        <ele>1530.03</ele>
      </trkpt>
      <trkpt lat="6.96914" lon="125.30468">
        <ele>1530.54</ele>
      </trkpt>
      <trkpt lat="6.96914" lon="125.30466">
        <ele>1531.05</ele>
      </trkpt>
      <trkpt lat="6.96913" lon="125.30465">
        <ele>1530.74</ele>
      </trkpt>
      <trkpt lat="6.96912" lon="125.30464">
        <ele>1530.43</ele>
      </trkpt>
      <trkpt lat="6.96911" lon="125.30462">
        <ele>1530.39</ele>
      </trkpt>
      <trkpt lat="6.96912" lon="125.30459">
        <ele>1531.72</ele>
      </trkpt>
      <trkpt lat="6.96911" lon="125.30454">
        <ele>1532.46</ele>
      </trkpt>
      <trkpt lat="6.96912" lon="125.30454">
        <ele>1533.01</ele>
      </trkpt>
      <trkpt lat="6.96917" lon="125.30453">
        <ele>1535.91</ele>
      </trkpt>
      <trkpt lat="6.96919" lon="125.30451">
        <ele>1536.79</ele>
      </trkpt>
      <trkpt lat="6.96925" lon="125.30449">
        <ele>1538.4</ele>
      </trkpt>
      <trkpt lat="6.96927" lon="125.30448">
        <ele>1539.01</ele>
      </trkpt>
      <trkpt lat="6.96929" lon="125.30445">
        <ele>1540.09</ele>
      </trkpt>
      <trkpt lat="6.96929" lon="125.30441">
        <ele>1541.1</ele>
      </trkpt>
      <trkpt lat="6.9693" lon="125.30438">
        <ele>1542.03</ele>
      </trkpt>
      <trkpt lat="6.96932" lon="125.30435">
        <ele>1543.1</ele>
      </trkpt>
      <trkpt lat="6.96936" lon="125.30433">
        <ele>1544.2</ele>
      </trkpt>
      <trkpt lat="6.96942" lon="125.30431">
        <ele>1545.55</ele>
      </trkpt>
      <trkpt lat="6.96945" lon="125.30426">
        <ele>1547.06</ele>
      </trkpt>
      <trkpt lat="6.96945" lon="125.30422">
        <ele>1547.92</ele>
      </trkpt>
      <trkpt lat="6.96947" lon="125.30419">
        <ele>1548.79</ele>
      </trkpt>
      <trkpt lat="6.96947" lon="125.30417">
        <ele>1549.21</ele>
      </trkpt>
      <trkpt lat="6.96949" lon="125.30415">
        <ele>1549.67</ele>
      </trkpt>
      <trkpt lat="6.96944" lon="125.30412">
        <ele>1549.46</ele>
      </trkpt>
      <trkpt lat="6.96941" lon="125.3041">
        <ele>1549.35</ele>
      </trkpt>
      <trkpt lat="6.96941" lon="125.30406">
        <ele>1549.78</ele>
      </trkpt>
      <trkpt lat="6.96941" lon="125.30404">
        <ele>1550.0</ele>
      </trkpt>
      <trkpt lat="6.96942" lon="125.30401">
        <ele>1550.43</ele>
      </trkpt>
      <trkpt lat="6.96941" lon="125.30394">
        <ele>1551.08</ele>
      </trkpt>
      <trkpt lat="6.96943" lon="125.3039">
        <ele>1551.72</ele>
      </trkpt>
      <trkpt lat="6.9695" lon="125.30382">
        <ele>1553.39</ele>
      </trkpt>
      <trkpt lat="6.96952" lon="125.30378">
        <ele>1554.1</ele>
      </trkpt>
      <trkpt lat="6.96956" lon="125.30374">
        <ele>1555.08</ele>
      </trkpt>
      <trkpt lat="6.96958" lon="125.30372">
        <ele>1555.58</ele>
      </trkpt>
      <trkpt lat="6.96961" lon="125.3037">
        <ele>1556.23</ele>
      </trkpt>
      <trkpt lat="6.96964" lon="125.30367">
        <ele>1557.03</ele>
      </trkpt>
      <trkpt lat="6.96966" lon="125.30363">
        <ele>1557.85</ele>
      </trkpt>
      <trkpt lat="6.96975" lon="125.30356">
        <ele>1559.87</ele>
      </trkpt>
      <trkpt lat="6.96979" lon="125.30353">
        <ele>1560.68</ele>
      </trkpt>
      <trkpt lat="6.96981" lon="125.3035">
        <ele>1561.27</ele>
      </trkpt>
      <trkpt lat="6.96982" lon="125.30345">
        <ele>1562.0</ele>
      </trkpt>
      <trkpt lat="6.96982" lon="125.30341">
        <ele>1562.48</ele>
      </trkpt>
      <trkpt lat="6.96981" lon="125.30338">
        <ele>1562.71</ele>
      </trkpt>
      <trkpt lat="6.9698" lon="125.30336">
        <ele>1562.81</ele>
      </trkpt>
      <trkpt lat="6.9698" lon="125.30334">
        <ele>1563.04</ele>
      </trkpt>
      <trkpt lat="6.96978" lon="125.30333">
        <ele>1562.88</ele>
      </trkpt>
      <trkpt lat="6.96976" lon="125.30331">
        <ele>1562.86</ele>
      </trkpt>
      <trkpt lat="6.96975" lon="125.30329">
        <ele>1562.99</ele>
      </trkpt>
      <trkpt lat="6.96972" lon="125.30326">
        <ele>1563.04</ele>
      </trkpt>
      <trkpt lat="6.96971" lon="125.30323">
        <ele>1563.39</ele>
      </trkpt>
      <trkpt lat="6.96969" lon="125.3032">
        <ele>1563.68</ele>
      </trkpt>
      <trkpt lat="6.96968" lon="125.30316">
        <ele>1564.23</ele>
      </trkpt>
      <trkpt lat="6.96969" lon="125.30311">
        <ele>1565.05</ele>
      </trkpt>
      <trkpt lat="6.96969" lon="125.30309">
        <ele>1565.36</ele>
      </trkpt>
      <trkpt lat="6.96977" lon="125.30299">
        <ele>1567.4</ele>
      </trkpt>
      <trkpt lat="6.96978" lon="125.30294">
        <ele>1568.24</ele>
      </trkpt>
      <trkpt lat="6.96976" lon="125.30291">
        <ele>1568.68</ele>
      </trkpt>
      <trkpt lat="6.96975" lon="125.30288">
        <ele>1569.17</ele>
      </trkpt>
      <trkpt lat="6.96976" lon="125.30282">
        <ele>1570.17</ele>
      </trkpt>
      <trkpt lat="6.96977" lon="125.30279">
        <ele>1570.63</ele>
      </trkpt>
      <trkpt lat="6.96983" lon="125.30267">
        <ele>1571.86</ele>
      </trkpt>
      <trkpt lat="6.96984" lon="125.30262">
        <ele>1572.37</ele>
      </trkpt>
      <trkpt lat="6.96985" lon="125.30257">
        <ele>1572.84</ele>
      </trkpt>
      <trkpt lat="6.96985" lon="125.30255">
        <ele>1573.07</ele>
      </trkpt>
      <trkpt lat="6.96986" lon="125.30235">
        <ele>1574.05</ele>
      </trkpt>
      <trkpt lat="6.96986" lon="125.30235">
        <ele>1574.05</ele>
      </trkpt>
      <trkpt lat="6.96987" lon="125.30233">
        <ele>1574.02</ele>
      </trkpt>
      <trkpt lat="6.96989" lon="125.3023">
        <ele>1573.91</ele>
      </trkpt>
      <trkpt lat="6.96988" lon="125.30224">
        <ele>1574.23</ele>
      </trkpt>
      <trkpt lat="6.96988" lon="125.30219">
        <ele>1574.48</ele>
      </trkpt>
      <trkpt lat="6.96988" lon="125.30217">
        <ele>1574.59</ele>
      </trkpt>
      <trkpt lat="6.96989" lon="125.30215">
        <ele>1574.61</ele>
      </trkpt>
      <trkpt lat="6.96989" lon="125.30214">
        <ele>1574.66</ele>
      </trkpt>
      <trkpt lat="6.9699" lon="125.30212">
        <ele>1574.68</ele>
      </trkpt>
      <trkpt lat="6.96992" lon="125.30208">
        <ele>1574.74</ele>
      </trkpt>
      <trkpt lat="6.96993" lon="125.30202">
        <ele>1575.03</ele>
      </trkpt>
      <trkpt lat="6.96993" lon="125.30191">
        <ele>1575.63</ele>
      </trkpt>
      <trkpt lat="6.96992" lon="125.30185">
        <ele>1575.92</ele>
      </trkpt>
      <trkpt lat="6.96994" lon="125.30181">
        <ele>1575.92</ele>
      </trkpt>
      <trkpt lat="6.96995" lon="125.30178">
        <ele>1575.95</ele>
      </trkpt>
      <trkpt lat="6.97" lon="125.30177">
        <ele>1575.63</ele>
      </trkpt>
      <trkpt lat="6.97003" lon="125.30174">
        <ele>1575.76</ele>
      </trkpt>
      <trkpt lat="6.97004" lon="125.30172">
        <ele>1575.84</ele>
      </trkpt>
      <trkpt lat="6.97005" lon="125.3017">
        <ele>1575.9</ele>
      </trkpt>
      <trkpt lat="6.97007" lon="125.30166">
        <ele>1576.13</ele>
      </trkpt>
      <trkpt lat="6.9701" lon="125.30153">
        <ele>1578.6</ele>
      </trkpt>
      <trkpt lat="6.97021" lon="125.30135">
        <ele>1581.08</ele>
      </trkpt>
      <trkpt lat="6.97023" lon="125.30131">
        <ele>1581.53</ele>
      </trkpt>
      <trkpt lat="6.97025" lon="125.30128">
        <ele>1581.81</ele>
      </trkpt>
      <trkpt lat="6.97026" lon="125.30127">
        <ele>1581.87</ele>
      </trkpt>
      <trkpt lat="6.97029" lon="125.30123">
        <ele>1582.19</ele>
      </trkpt>
      <trkpt lat="6.97032" lon="125.30113">
        <ele>1583.29</ele>
      </trkpt>
      <trkpt lat="6.97036" lon="125.30107">
        <ele>1583.62</ele>
      </trkpt>
      <trkpt lat="6.97039" lon="125.30102">
        <ele>1583.83</ele>
      </trkpt>
      <trkpt lat="6.97041" lon="125.30099">
        <ele>1583.9</ele>
      </trkpt>
      <trkpt lat="6.97043" lon="125.30097">
        <ele>1583.83</ele>
      </trkpt>
      <trkpt lat="6.97043" lon="125.30096">
        <ele>1583.94</ele>
      </trkpt>
      <trkpt lat="6.97044" lon="125.30094">
        <ele>1583.99</ele>
      </trkpt>
      <trkpt lat="6.97044" lon="125.30092">
        <ele>1584.2</ele>
      </trkpt>
      <trkpt lat="6.97045" lon="125.30091">
        <ele>1584.14</ele>
      </trkpt>
      <trkpt lat="6.97047" lon="125.30088">
        <ele>1584.1</ele>
      </trkpt>
      <trkpt lat="6.97051" lon="125.30083">
        <ele>1583.9</ele>
      </trkpt>
      <trkpt lat="6.97056" lon="125.30077">
        <ele>1584.53</ele>
      </trkpt>
      <trkpt lat="6.9706" lon="125.30073">
        <ele>1584.98</ele>
      </trkpt>
      <trkpt lat="6.97064" lon="125.30069">
        <ele>1585.56</ele>
      </trkpt>
      <trkpt lat="6.97067" lon="125.30065">
        <ele>1586.38</ele>
      </trkpt>
      <trkpt lat="6.9707" lon="125.30062">
        <ele>1586.97</ele>
      </trkpt>
      <trkpt lat="6.97073" lon="125.30058">
        <ele>1587.96</ele>
      </trkpt>
      <trkpt lat="6.97077" lon="125.30054">
        <ele>1588.92</ele>
      </trkpt>
      <trkpt lat="6.97085" lon="125.30045">
        <ele>1591.91</ele>
      </trkpt>
      <trkpt lat="6.97086" lon="125.3004">
        <ele>1593.87</ele>
      </trkpt>
      <trkpt lat="6.97088" lon="125.30035">
        <ele>1596.21</ele>
      </trkpt>
      <trkpt lat="6.9709" lon="125.30029">
        <ele>1598.97</ele>
      </trkpt>
      <trkpt lat="6.97092" lon="125.30024">
        <ele>1601.52</ele>
      </trkpt>
      <trkpt lat="6.97094" lon="125.3002">
        <ele>1603.75</ele>
      </trkpt>
      <trkpt lat="6.97096" lon="125.30017">
        <ele>1605.62</ele>
      </trkpt>
      <trkpt lat="6.97104" lon="125.30003">
        <ele>1614.02</ele>
      </trkpt>
      <trkpt lat="6.97105" lon="125.29998">
        <ele>1616.36</ele>
      </trkpt>
      <trkpt lat="6.97105" lon="125.29993">
        <ele>1618.3</ele>
      </trkpt>
      <trkpt lat="6.97105" lon="125.29992">
        <ele>1618.68</ele>
      </trkpt>
      <trkpt lat="6.97105" lon="125.2999">
        <ele>1619.46</ele>
      </trkpt>
      <trkpt lat="6.9711" lon="125.29984">
        <ele>1623.87</ele>
      </trkpt>
      <trkpt lat="6.97115" lon="125.29982">
        <ele>1626.67</ele>
      </trkpt>
      <trkpt lat="6.9712" lon="125.29981">
        <ele>1629.04</ele>
      </trkpt>
      <trkpt lat="6.97124" lon="125.2998">
        <ele>1631.02</ele>
      </trkpt>
      <trkpt lat="6.97139" lon="125.29979">
        <ele>1637.36</ele>
      </trkpt>
      <trkpt lat="6.97139" lon="125.29979">
        <ele>1637.36</ele>
      </trkpt>
      <trkpt lat="6.9714" lon="125.29979">
        <ele>1637.79</ele>
      </trkpt>
      <trkpt lat="6.97145" lon="125.29975">
        <ele>1641.52</ele>
      </trkpt>
      <trkpt lat="6.97148" lon="125.29971">
        <ele>1644.42</ele>
      </trkpt>
      <trkpt lat="6.9715" lon="125.29965">
        <ele>1647.66</ele>
      </trkpt>
      <trkpt lat="6.9715" lon="125.2996">
        <ele>1649.64</ele>
      </trkpt>
      <trkpt lat="6.9715" lon="125.29958">
        <ele>1650.43</ele>
      </trkpt>
      <trkpt lat="6.9715" lon="125.29957">
        <ele>1650.83</ele>
      </trkpt>
      <trkpt lat="6.9715" lon="125.29956">
        <ele>1651.22</ele>
      </trkpt>
      <trkpt lat="6.97149" lon="125.29954">
        <ele>1651.58</ele>
      </trkpt>
      <trkpt lat="6.97149" lon="125.29953">
        <ele>1651.98</ele>
      </trkpt>
      <trkpt lat="6.97148" lon="125.29951">
        <ele>1652.34</ele>
      </trkpt>
      <trkpt lat="6.97149" lon="125.29948">
        <ele>1653.96</ele>
      </trkpt>
      <trkpt lat="6.97149" lon="125.29947">
        <ele>1654.36</ele>
      </trkpt>
      <trkpt lat="6.97149" lon="125.29945">
        <ele>1655.15</ele>
      </trkpt>
      <trkpt lat="6.97153" lon="125.29944">
        <ele>1657.29</ele>
      </trkpt>
      <trkpt lat="6.97154" lon="125.29942">
        <ele>1658.58</ele>
      </trkpt>
      <trkpt lat="6.97155" lon="125.29939">
        <ele>1660.31</ele>
      </trkpt>
      <trkpt lat="6.97157" lon="125.29936">
        <ele>1662.47</ele>
      </trkpt>
      <trkpt lat="6.97161" lon="125.29935">
        <ele>1664.63</ele>
      </trkpt>
      <trkpt lat="6.97163" lon="125.29932">
        <ele>1666.79</ele>
      </trkpt>
      <trkpt lat="6.97167" lon="125.29931">
        <ele>1668.87</ele>
      </trkpt>
      <trkpt lat="6.97168" lon="125.29929">
        <ele>1669.91</ele>
      </trkpt>
      <trkpt lat="6.97172" lon="125.29927">
        <ele>1671.45</ele>
      </trkpt>
      <trkpt lat="6.97175" lon="125.29927">
        <ele>1671.96</ele>
      </trkpt>
      <trkpt lat="6.97176" lon="125.29927">
        <ele>1672.13</ele>
      </trkpt>
      <trkpt lat="6.97179" lon="125.29926">
        <ele>1673.04</ele>
      </trkpt>
      <trkpt lat="6.9718" lon="125.29924">
        <ele>1674.01</ele>
      </trkpt>
      <trkpt lat="6.97184" lon="125.29922">
        <ele>1675.43</ele>
      </trkpt>
      <trkpt lat="6.97186" lon="125.29921">
        <ele>1676.13</ele>
      </trkpt>
      <trkpt lat="6.97187" lon="125.2992">
        <ele>1676.66</ele>
      </trkpt>
      <trkpt lat="6.97188" lon="125.2992">
        <ele>1676.82</ele>
      </trkpt>
      <trkpt lat="6.97191" lon="125.29921">
        <ele>1676.91</ele>
      </trkpt>
      <trkpt lat="6.97196" lon="125.29921">
        <ele>1677.67</ele>
      </trkpt>
      <trkpt lat="6.97198" lon="125.2992">
        <ele>1678.33</ele>
      </trkpt>
      <trkpt lat="6.97199" lon="125.29921">
        <ele>1678.12</ele>
      </trkpt>
      <trkpt lat="6.97204" lon="125.29921">
        <ele>1678.87</ele>
      </trkpt>
      <trkpt lat="6.97209" lon="125.2992">
        <ele>1679.96</ele>
      </trkpt>
      <trkpt lat="6.97211" lon="125.2992">
        <ele>1680.26</ele>
      </trkpt>
      <trkpt lat="6.97213" lon="125.29919">
        <ele>1680.89</ele>
      </trkpt>
      <trkpt lat="6.97214" lon="125.29919">
        <ele>1681.04</ele>
      </trkpt>
      <trkpt lat="6.97215" lon="125.29919">
        <ele>1681.18</ele>
      </trkpt>
      <trkpt lat="6.97217" lon="125.29919">
        <ele>1681.48</ele>
      </trkpt>
      <trkpt lat="6.97218" lon="125.29918">
        <ele>1681.95</ele>
      </trkpt>
      <trkpt lat="6.97219" lon="125.29918">
        <ele>1682.1</ele>
      </trkpt>
      <trkpt lat="6.97221" lon="125.29917">
        <ele>1682.72</ele>
      </trkpt>
      <trkpt lat="6.97225" lon="125.29917">
        <ele>1683.29</ele>
      </trkpt>
      <trkpt lat="6.9723" lon="125.29918">
        <ele>1683.7</ele>
      </trkpt>
      <trkpt lat="6.97235" lon="125.29917">
        <ele>1684.74</ele>
      </trkpt>
      <trkpt lat="6.97239" lon="125.29914">
        <ele>1686.01</ele>
      </trkpt>
      <trkpt lat="6.97242" lon="125.2991">
        <ele>1687.39</ele>
      </trkpt>
      <trkpt lat="6.97245" lon="125.29907">
        <ele>1688.59</ele>
      </trkpt>
      <trkpt lat="6.9725" lon="125.29902">
        <ele>1690.7</ele>
      </trkpt>
      <trkpt lat="6.97253" lon="125.29897">
        <ele>1692.17</ele>
      </trkpt>
      <trkpt lat="6.97256" lon="125.29892">
        <ele>1693.65</ele>
      </trkpt>
      <trkpt lat="6.9726" lon="125.29889">
        <ele>1694.69</ele>
      </trkpt>
      <trkpt lat="6.97263" lon="125.29885">
        <ele>1695.92</ele>
      </trkpt>
      <trkpt lat="6.97266" lon="125.29881">
        <ele>1697.14</ele>
      </trkpt>
      <trkpt lat="6.9727" lon="125.29878">
        <ele>1698.18</ele>
      </trkpt>
      <trkpt lat="6.97274" lon="125.29874">
        <ele>1699.48</ele>
      </trkpt>
      <trkpt lat="6.97279" lon="125.29869">
        <ele>1701.1</ele>
      </trkpt>
      <trkpt lat="6.97282" lon="125.29865">
        <ele>1702.32</ele>
      </trkpt>
      <trkpt lat="6.97283" lon="125.29863">
        <ele>1702.9</ele>
      </trkpt>
      <trkpt lat="6.97284" lon="125.2986">
        <ele>1703.73</ele>
      </trkpt>
      <trkpt lat="6.97286" lon="125.29859">
        <ele>1704.12</ele>
      </trkpt>
      <trkpt lat="6.97288" lon="125.29857">
        <ele>1704.77</ele>
      </trkpt>
      <trkpt lat="6.97289" lon="125.29855">
        <ele>1705.35</ele>
      </trkpt>
      <trkpt lat="6.97289" lon="125.29854">
        <ele>1705.6</ele>
      </trkpt>
      <trkpt lat="6.97289" lon="125.29854">
        <ele>1705.6</ele>
      </trkpt>
      <trkpt lat="6.97301" lon="125.29848">
        <ele>1707.98</ele>
      </trkpt>
      <trkpt lat="6.97305" lon="125.29845">
        <ele>1709.02</ele>
      </trkpt>
      <trkpt lat="6.97308" lon="125.29842">
        <ele>1709.99</ele>
      </trkpt>
      <trkpt lat="6.97312" lon="125.2984">
        <ele>1710.78</ele>
      </trkpt>
      <trkpt lat="6.97316" lon="125.2984">
        <ele>1711.07</ele>
      </trkpt>
      <trkpt lat="6.97323" lon="125.29838">
        <ele>1712.08</ele>
      </trkpt>
      <trkpt lat="6.97329" lon="125.29834">
        <ele>1713.52</ele>
      </trkpt>
      <trkpt lat="6.97339" lon="125.29829">
        <ele>1715.63</ele>
      </trkpt>
      <trkpt lat="6.97341" lon="125.29829">
        <ele>1715.93</ele>
      </trkpt>
      <trkpt lat="6.97345" lon="125.29827">
        <ele>1716.92</ele>
      </trkpt>
      <trkpt lat="6.97352" lon="125.29826">
        <ele>1718.19</ele>
      </trkpt>
      <trkpt lat="6.97355" lon="125.29825">
        <ele>1718.85</ele>
      </trkpt>
      <trkpt lat="6.97356" lon="125.29824">
        <ele>1719.22</ele>
      </trkpt>
      <trkpt lat="6.97357" lon="125.29823">
        <ele>1719.58</ele>
      </trkpt>
      <trkpt lat="6.97357" lon="125.29821">
        <ele>1720.01</ele>
      </trkpt>
      <trkpt lat="6.97358" lon="125.2982">
        <ele>1720.38</ele>
      </trkpt>
      <trkpt lat="6.9736" lon="125.29817">
        <ele>1721.34</ele>
      </trkpt>
      <trkpt lat="6.97364" lon="125.29814">
        <ele>1722.66</ele>
      </trkpt>
      <trkpt lat="6.97367" lon="125.29813">
        <ele>1723.4</ele>
      </trkpt>
      <trkpt lat="6.9737" lon="125.29812">
        <ele>1724.13</ele>
      </trkpt>
      <trkpt lat="6.97373" lon="125.2981">
        <ele>1725.11</ele>
      </trkpt>
      <trkpt lat="6.97376" lon="125.2981">
        <ele>1725.63</ele>
      </trkpt>
      <trkpt lat="6.97379" lon="125.29808">
        <ele>1726.64</ele>
      </trkpt>
      <trkpt lat="6.97382" lon="125.29807">
        <ele>1727.41</ele>
      </trkpt>
      <trkpt lat="6.97384" lon="125.29806">
        <ele>1728.01</ele>
      </trkpt>
      <trkpt lat="6.97386" lon="125.29806">
        <ele>1728.37</ele>
      </trkpt>
      <trkpt lat="6.97388" lon="125.29804">
        <ele>1729.23</ele>
      </trkpt>
      <trkpt lat="6.97391" lon="125.298">
        <ele>1730.78</ele>
      </trkpt>
      <trkpt lat="6.97394" lon="125.29798">
        <ele>1731.82</ele>
      </trkpt>
      <trkpt lat="6.97398" lon="125.29796">
        <ele>1733.05</ele>
      </trkpt>
      <trkpt lat="6.97401" lon="125.29793">
        <ele>1734.34</ele>
      </trkpt>
      <trkpt lat="6.97406" lon="125.29791">
        <ele>1735.75</ele>
      </trkpt>
      <trkpt lat="6.9741" lon="125.29786">
        <ele>1737.73</ele>
      </trkpt>
      <trkpt lat="6.97414" lon="125.29784">
        <ele>1738.95</ele>
      </trkpt>
      <trkpt lat="6.97415" lon="125.29782">
        <ele>1739.64</ele>
      </trkpt>
      <trkpt lat="6.97418" lon="125.29781">
        <ele>1740.24</ele>
      </trkpt>
      <trkpt lat="6.97419" lon="125.29778">
        <ele>1741.03</ele>
      </trkpt>
      <trkpt lat="6.97421" lon="125.29777">
        <ele>1741.38</ele>
      </trkpt>
      <trkpt lat="6.97424" lon="125.29774">
        <ele>1742.35</ele>
      </trkpt>
      <trkpt lat="6.97426" lon="125.29772">
        <ele>1743.0</ele>
      </trkpt>
      <trkpt lat="6.97427" lon="125.29771">
        <ele>1743.32</ele>
      </trkpt>
      <trkpt lat="6.97428" lon="125.2977">
        <ele>1743.65</ele>
      </trkpt>
      <trkpt lat="6.97429" lon="125.2977">
        <ele>1743.68</ele>
      </trkpt>
      <trkpt lat="6.9743" lon="125.29769">
        <ele>1744.01</ele>
      </trkpt>
      <trkpt lat="6.97432" lon="125.29767">
        <ele>1744.66</ele>
      </trkpt>
      <trkpt lat="6.97434" lon="125.29767">
        <ele>1744.73</ele>
      </trkpt>
      <trkpt lat="6.97438" lon="125.29764">
        <ele>1745.74</ele>
      </trkpt>
      <trkpt lat="6.97438" lon="125.29763">
        <ele>1746.02</ele>
      </trkpt>
      <trkpt lat="6.97442" lon="125.29759">
        <ele>1747.32</ele>
      </trkpt>
      <trkpt lat="6.9745" lon="125.29752">
        <ele>1749.62</ele>
      </trkpt>
      <trkpt lat="6.97451" lon="125.29749">
        <ele>1750.5</ele>
      </trkpt>
      <trkpt lat="6.97456" lon="125.29746">
        <ele>1751.48</ele>
      </trkpt>
      <trkpt lat="6.97458" lon="125.29741">
        <ele>1752.91</ele>
      </trkpt>
      <trkpt lat="6.97459" lon="125.2974">
        <ele>1753.23</ele>
      </trkpt>
      <trkpt lat="6.97459" lon="125.29739">
        <ele>1753.5</ele>
      </trkpt>
      <trkpt lat="6.97461" lon="125.29736">
        <ele>1754.42</ele>
      </trkpt>
      <trkpt lat="6.97461" lon="125.29734">
        <ele>1754.97</ele>
      </trkpt>
      <trkpt lat="6.97463" lon="125.29732">
        <ele>1755.64</ele>
      </trkpt>
      <trkpt lat="6.97464" lon="125.29728">
        <ele>1756.81</ele>
      </trkpt>
      <trkpt lat="6.97468" lon="125.29722">
        <ele>1758.76</ele>
      </trkpt>
      <trkpt lat="6.9747" lon="125.29721">
        <ele>1759.19</ele>
      </trkpt>
      <trkpt lat="6.97471" lon="125.29719">
        <ele>1759.83</ele>
      </trkpt>
      <trkpt lat="6.97472" lon="125.29716">
        <ele>1760.77</ele>
      </trkpt>
      <trkpt lat="6.97472" lon="125.29708">
        <ele>1763.08</ele>
      </trkpt>
      <trkpt lat="6.97469" lon="125.29707">
        <ele>1763.09</ele>
      </trkpt>
      <trkpt lat="6.97469" lon="125.29704">
        <ele>1763.94</ele>
      </trkpt>
      <trkpt lat="6.97466" lon="125.29699">
        <ele>1765.05</ele>
      </trkpt>
      <trkpt lat="6.97466" lon="125.29699">
        <ele>1765.05</ele>
      </trkpt>
      <trkpt lat="6.97467" lon="125.29697">
        <ele>1765.72</ele>
      </trkpt>
      <trkpt lat="6.97466" lon="125.29694">
        <ele>1766.45</ele>
      </trkpt>
      <trkpt lat="6.97467" lon="125.29691">
        <ele>1767.38</ele>
      </trkpt>
      <trkpt lat="6.97467" lon="125.29687">
        <ele>1768.48</ele>
      </trkpt>
      <trkpt lat="6.97471" lon="125.29683">
        <ele>1770.13</ele>
      </trkpt>
      <trkpt lat="6.97472" lon="125.2968">
        <ele>1771.13</ele>
      </trkpt>
      <trkpt lat="6.97475" lon="125.29677">
        <ele>1772.39</ele>
      </trkpt>
      <trkpt lat="6.97477" lon="125.29673">
        <ele>1773.82</ele>
      </trkpt>
      <trkpt lat="6.97477" lon="125.29669">
        <ele>1775.0</ele>
      </trkpt>
      <trkpt lat="6.9748" lon="125.29665">
        <ele>1776.53</ele>
      </trkpt>
      <trkpt lat="6.97482" lon="125.29662">
        <ele>1777.59</ele>
      </trkpt>
      <trkpt lat="6.97483" lon="125.29659">
        <ele>1778.53</ele>
      </trkpt>
      <trkpt lat="6.97484" lon="125.29657">
        <ele>1779.23</ele>
      </trkpt>
      <trkpt lat="6.97485" lon="125.29655">
        <ele>1779.94</ele>
      </trkpt>
      <trkpt lat="6.97496" lon="125.29643">
        <ele>1785.72</ele>
      </trkpt>
      <trkpt lat="6.97497" lon="125.29632">
        <ele>1789.2</ele>
      </trkpt>
      <trkpt lat="6.97497" lon="125.29627">
        <ele>1790.62</ele>
      </trkpt>
      <trkpt lat="6.97498" lon="125.29622">
        <ele>1792.32</ele>
      </trkpt>
      <trkpt lat="6.97498" lon="125.29617">
        <ele>1793.74</ele>
      </trkpt>
      <trkpt lat="6.97498" lon="125.29612">
        <ele>1795.17</ele>
      </trkpt>
      <trkpt lat="6.97498" lon="125.2961">
        <ele>1795.78</ele>
      </trkpt>
      <trkpt lat="6.97492" lon="125.29595">
        <ele>1798.41</ele>
      </trkpt>
      <trkpt lat="6.97493" lon="125.29589">
        <ele>1800.55</ele>
      </trkpt>
      <trkpt lat="6.97493" lon="125.29585">
        <ele>1801.73</ele>
      </trkpt>
      <trkpt lat="6.97493" lon="125.2958">
        <ele>1802.83</ele>
      </trkpt>
      <trkpt lat="6.97494" lon="125.29578">
        <ele>1803.58</ele>
      </trkpt>
      <trkpt lat="6.97503" lon="125.2957">
        <ele>1807.29</ele>
      </trkpt>
      <trkpt lat="6.97506" lon="125.29566">
        <ele>1807.96</ele>
      </trkpt>
      <trkpt lat="6.97507" lon="125.2956">
        <ele>1809.12</ele>
      </trkpt>
      <trkpt lat="6.97508" lon="125.29555">
        <ele>1810.1</ele>
      </trkpt>
      <trkpt lat="6.97509" lon="125.29551">
        <ele>1810.87</ele>
      </trkpt>
      <trkpt lat="6.97512" lon="125.29547">
        <ele>1811.76</ele>
      </trkpt>
      <trkpt lat="6.97517" lon="125.29543">
        <ele>1812.91</ele>
      </trkpt>
      <trkpt lat="6.97518" lon="125.29543">
        <ele>1812.98</ele>
      </trkpt>
      <trkpt lat="6.97534" lon="125.2953">
        <ele>1818.0</ele>
      </trkpt>
      <trkpt lat="6.97537" lon="125.29527">
        <ele>1819.21</ele>
      </trkpt>
      <trkpt lat="6.97543" lon="125.29524">
        <ele>1820.75</ele>
      </trkpt>
      <trkpt lat="6.97547" lon="125.29522">
        <ele>1821.82</ele>
      </trkpt>
      <trkpt lat="6.97547" lon="125.29522">
        <ele>1821.82</ele>
      </trkpt>
      <trkpt lat="6.9758" lon="125.29504">
        <ele>1833.6</ele>
      </trkpt>
      <trkpt lat="6.9758" lon="125.29504">
        <ele>1833.6</ele>
      </trkpt>
      <trkpt lat="6.97585" lon="125.29495">
        <ele>1838.19</ele>
      </trkpt>
      <trkpt lat="6.97588" lon="125.29489">
        <ele>1840.74</ele>
      </trkpt>
      <trkpt lat="6.97596" lon="125.29483">
        <ele>1842.67</ele>
      </trkpt>
      <trkpt lat="6.976" lon="125.29481">
        <ele>1843.21</ele>
      </trkpt>
      <trkpt lat="6.97603" lon="125.29476">
        <ele>1845.68</ele>
      </trkpt>
      <trkpt lat="6.97604" lon="125.29472">
        <ele>1847.89</ele>
      </trkpt>
      <trkpt lat="6.97604" lon="125.29469">
        <ele>1849.56</ele>
      </trkpt>
      <trkpt lat="6.97606" lon="125.29432">
        <ele>1870.55</ele>
      </trkpt>
      <trkpt lat="6.97606" lon="125.29432">
        <ele>1870.55</ele>
      </trkpt>
      <trkpt lat="6.97625" lon="125.29406">
        <ele>1882.84</ele>
      </trkpt>
      <trkpt lat="6.97625" lon="125.29406">
        <ele>1882.84</ele>
      </trkpt>
      <trkpt lat="6.97627" lon="125.29404">
        <ele>1883.28</ele>
      </trkpt>
      <trkpt lat="6.9763" lon="125.294">
        <ele>1884.03</ele>
      </trkpt>
      <trkpt lat="6.97629" lon="125.29397">
        <ele>1884.31</ele>
      </trkpt>
      <trkpt lat="6.9763" lon="125.29396">
        <ele>1884.51</ele>
      </trkpt>
      <trkpt lat="6.97631" lon="125.29393">
        <ele>1884.95</ele>
      </trkpt>
      <trkpt lat="6.97631" lon="125.29391">
        <ele>1885.18</ele>
      </trkpt>
      <trkpt lat="6.97633" lon="125.29389">
        <ele>1885.56</ele>
      </trkpt>
      <trkpt lat="6.97633" lon="125.29388">
        <ele>1885.68</ele>
      </trkpt>
      <trkpt lat="6.97632" lon="125.29388">
        <ele>1885.61</ele>
      </trkpt>
      <trkpt lat="6.97631" lon="125.29386">
        <ele>1885.77</ele>
      </trkpt>
      <trkpt lat="6.9763" lon="125.29384">
        <ele>1885.94</ele>
      </trkpt>
      <trkpt lat="6.97631" lon="125.29382">
        <ele>1886.25</ele>
      </trkpt>
      <trkpt lat="6.9763" lon="125.2938">
        <ele>1886.42</ele>
      </trkpt>
      <trkpt lat="6.97631" lon="125.29378">
        <ele>1886.72</ele>
      </trkpt>
      <trkpt lat="6.9763" lon="125.29377">
        <ele>1886.78</ele>
      </trkpt>
      <trkpt lat="6.97632" lon="125.29374">
        <ele>1887.24</ele>
      </trkpt>
      <trkpt lat="6.97632" lon="125.29372">
        <ele>1887.48</ele>
      </trkpt>
      <trkpt lat="6.97635" lon="125.29368">
        <ele>1888.08</ele>
      </trkpt>
      <trkpt lat="6.97637" lon="125.29365">
        <ele>1888.5</ele>
      </trkpt>
      <trkpt lat="6.9764" lon="125.29361">
        <ele>1889.1</ele>
      </trkpt>
      <trkpt lat="6.97641" lon="125.29358">
        <ele>1889.59</ele>
      </trkpt>
      <trkpt lat="6.97641" lon="125.29354">
        <ele>1890.16</ele>
      </trkpt>
      <trkpt lat="6.97639" lon="125.2935">
        <ele>1890.61</ele>
      </trkpt>
      <trkpt lat="6.97639" lon="125.29348">
        <ele>1890.89</ele>
      </trkpt>
      <trkpt lat="6.97638" lon="125.29345">
        <ele>1891.27</ele>
      </trkpt>
      <trkpt lat="6.97636" lon="125.29341">
        <ele>1891.72</ele>
      </trkpt>
      <trkpt lat="6.97636" lon="125.29339">
        <ele>1892.0</ele>
      </trkpt>
      <trkpt lat="6.97634" lon="125.29334">
        <ele>1892.56</ele>
      </trkpt>
      <trkpt lat="6.97634" lon="125.29332">
        <ele>1892.64</ele>
      </trkpt>
      <trkpt lat="6.9763" lon="125.29318">
        <ele>1892.18</ele>
      </trkpt>
      <trkpt lat="6.97628" lon="125.29312">
        <ele>1891.91</ele>
      </trkpt>
      <trkpt lat="6.97629" lon="125.29308">
        <ele>1891.96</ele>
      </trkpt>
      <trkpt lat="6.9763" lon="125.29305">
        <ele>1892.02</ele>
      </trkpt>
      <trkpt lat="6.97633" lon="125.29301">
        <ele>1892.2</ele>
      </trkpt>
      <trkpt lat="6.97633" lon="125.29301">
        <ele>1892.2</ele>
      </trkpt>
      <trkpt lat="6.97638" lon="125.29296">
        <ele>1892.56</ele>
      </trkpt>
      <trkpt lat="6.97643" lon="125.29292">
        <ele>1892.95</ele>
      </trkpt>
      <trkpt lat="6.97648" lon="125.29288">
        <ele>1893.44</ele>
      </trkpt>
      <trkpt lat="6.97652" lon="125.29285">
        <ele>1893.9</ele>
      </trkpt>
      <trkpt lat="6.97657" lon="125.29282">
        <ele>1894.56</ele>
      </trkpt>
      <trkpt lat="6.97659" lon="125.29282">
        <ele>1894.83</ele>
      </trkpt>
      <trkpt lat="6.97677" lon="125.2927">
        <ele>1896.86</ele>
      </trkpt>
      <trkpt lat="6.97684" lon="125.29268">
        <ele>1897.42</ele>
      </trkpt>
      <trkpt lat="6.97688" lon="125.29266">
        <ele>1897.84</ele>
      </trkpt>
      <trkpt lat="6.97692" lon="125.29264">
        <ele>1898.31</ele>
      </trkpt>
      <trkpt lat="6.97706" lon="125.29254">
        <ele>1900.7</ele>
      </trkpt>
      <trkpt lat="6.97712" lon="125.2925">
        <ele>1901.9</ele>
      </trkpt>
      <trkpt lat="6.97715" lon="125.29247">
        <ele>1902.33</ele>
      </trkpt>
      <trkpt lat="6.97718" lon="125.29242">
        <ele>1902.83</ele>
      </trkpt>
      <trkpt lat="6.9772" lon="125.29238">
        <ele>1903.19</ele>
      </trkpt>
      <trkpt lat="6.97722" lon="125.29233">
        <ele>1903.59</ele>
      </trkpt>
      <trkpt lat="6.97725" lon="125.2923">
        <ele>1904.02</ele>
      </trkpt>
      <trkpt lat="6.97729" lon="125.29227">
        <ele>1904.56</ele>
      </trkpt>
      <trkpt lat="6.97731" lon="125.29226">
        <ele>1904.81</ele>
      </trkpt>
      <trkpt lat="6.97752" lon="125.29218">
        <ele>1907.31</ele>
      </trkpt>
      <trkpt lat="6.97756" lon="125.29216">
        <ele>1907.7</ele>
      </trkpt>
      <trkpt lat="6.97761" lon="125.29214">
        <ele>1908.21</ele>
      </trkpt>
      <trkpt lat="6.97765" lon="125.29212">
        <ele>1908.65</ele>
      </trkpt>
      <trkpt lat="6.97767" lon="125.29208">
        <ele>1909.05</ele>
      </trkpt>
      <trkpt lat="6.97769" lon="125.29203">
        <ele>1909.53</ele>
      </trkpt>
      <trkpt lat="6.97772" lon="125.29199">
        <ele>1910.08</ele>
      </trkpt>
      <trkpt lat="6.97775" lon="125.29196">
        <ele>1910.59</ele>
      </trkpt>
      <trkpt lat="6.97775" lon="125.29196">
        <ele>1910.59</ele>
      </trkpt>
      <trkpt lat="6.97781" lon="125.29181">
        <ele>1912.37</ele>
      </trkpt>
      <trkpt lat="6.97783" lon="125.29176">
        <ele>1913.02</ele>
      </trkpt>
      <trkpt lat="6.97786" lon="125.29172">
        <ele>1913.74</ele>
      </trkpt>
      <trkpt lat="6.97789" lon="125.29168">
        <ele>1914.5</ele>
      </trkpt>
      <trkpt lat="6.97792" lon="125.29164">
        <ele>1915.48</ele>
      </trkpt>
      <trkpt lat="6.97795" lon="125.29161">
        <ele>1916.42</ele>
      </trkpt>
      <trkpt lat="6.97799" lon="125.29157">
        <ele>1917.71</ele>
      </trkpt>
      <trkpt lat="6.97802" lon="125.29153">
        <ele>1918.89</ele>
      </trkpt>
      <trkpt lat="6.97808" lon="125.29149">
        <ele>1920.59</ele>
      </trkpt>
      <trkpt lat="6.97813" lon="125.29147">
        <ele>1921.8</ele>
      </trkpt>
      <trkpt lat="6.97814" lon="125.29147">
        <ele>1921.97</ele>
      </trkpt>
      <trkpt lat="6.97824" lon="125.29142">
        <ele>1924.69</ele>
      </trkpt>
      <trkpt lat="6.97828" lon="125.2914">
        <ele>1925.81</ele>
      </trkpt>
      <trkpt lat="6.97832" lon="125.29136">
        <ele>1927.28</ele>
      </trkpt>
      <trkpt lat="6.97835" lon="125.29132">
        <ele>1928.63</ele>
      </trkpt>
      <trkpt lat="6.97837" lon="125.29128">
        <ele>1929.86</ele>
      </trkpt>
      <trkpt lat="6.97839" lon="125.29123">
        <ele>1931.32</ele>
      </trkpt>
      <trkpt lat="6.97839" lon="125.29117">
        <ele>1932.49</ele>
      </trkpt>
      <trkpt lat="6.9784" lon="125.29113">
        <ele>1933.55</ele>
      </trkpt>
      <trkpt lat="6.97842" lon="125.29108">
        <ele>1935.2</ele>
      </trkpt>
      <trkpt lat="6.97846" lon="125.29104">
        <ele>1937.3</ele>
      </trkpt>
      <trkpt lat="6.9785" lon="125.29102">
        <ele>1938.96</ele>
      </trkpt>
      <trkpt lat="6.97851" lon="125.29101">
        <ele>1939.5</ele>
      </trkpt>
      <trkpt lat="6.97874" lon="125.29083">
        <ele>1951.69</ele>
      </trkpt>
      <trkpt lat="6.97874" lon="125.29083">
        <ele>1951.69</ele>
      </trkpt>
      <trkpt lat="6.97878" lon="125.29081">
        <ele>1953.45</ele>
      </trkpt>
      <trkpt lat="6.97878" lon="125.2908">
        <ele>1953.61</ele>
      </trkpt>
      <trkpt lat="6.97879" lon="125.29078">
        <ele>1954.28</ele>
      </trkpt>
      <trkpt lat="6.9788" lon="125.29078">
        <ele>1954.63</ele>
      </trkpt>
      <trkpt lat="6.9788" lon="125.29077">
        <ele>1954.78</ele>
      </trkpt>
      <trkpt lat="6.97889" lon="125.29076">
        <ele>1958.09</ele>
      </trkpt>
      <trkpt lat="6.9789" lon="125.29075">
        <ele>1958.56</ele>
      </trkpt>
      <trkpt lat="6.97889" lon="125.29074">
        <ele>1958.38</ele>
      </trkpt>
      <trkpt lat="6.9789" lon="125.29071">
        <ele>1959.14</ele>
      </trkpt>
      <trkpt lat="6.9789" lon="125.29069">
        <ele>1959.42</ele>
      </trkpt>
      <trkpt lat="6.97889" lon="125.29066">
        <ele>1959.53</ele>
      </trkpt>
      <trkpt lat="6.97889" lon="125.29064">
        <ele>1959.82</ele>
      </trkpt>
      <trkpt lat="6.97889" lon="125.2906">
        <ele>1960.4</ele>
      </trkpt>
      <trkpt lat="6.9789" lon="125.29058">
        <ele>1961.01</ele>
      </trkpt>
      <trkpt lat="6.97889" lon="125.29055">
        <ele>1961.14</ele>
      </trkpt>
      <trkpt lat="6.97891" lon="125.29052">
        <ele>1962.31</ele>
      </trkpt>
      <trkpt lat="6.9789" lon="125.29051">
        <ele>1962.17</ele>
      </trkpt>
      <trkpt lat="6.97891" lon="125.29049">
        <ele>1962.85</ele>
      </trkpt>
      <trkpt lat="6.97891" lon="125.29046">
        <ele>1963.38</ele>
      </trkpt>
      <trkpt lat="6.9789" lon="125.29045">
        <ele>1963.24</ele>
      </trkpt>
      <trkpt lat="6.97891" lon="125.29045">
        <ele>1963.56</ele>
      </trkpt>
      <trkpt lat="6.9789" lon="125.29043">
        <ele>1963.6</ele>
      </trkpt>
      <trkpt lat="6.97889" lon="125.29037">
        <ele>1964.37</ele>
      </trkpt>
      <trkpt lat="6.97887" lon="125.29032">
        <ele>1964.63</ele>
      </trkpt>
      <trkpt lat="6.97888" lon="125.29029">
        <ele>1965.49</ele>
      </trkpt>
      <trkpt lat="6.97888" lon="125.29024">
        <ele>1966.26</ele>
      </trkpt>
      <trkpt lat="6.97888" lon="125.29023">
        <ele>1966.41</ele>
      </trkpt>
      <trkpt lat="6.97886" lon="125.29018">
        <ele>1966.51</ele>
      </trkpt>
      <trkpt lat="6.97888" lon="125.29014">
        <ele>1967.71</ele>
      </trkpt>
      <trkpt lat="6.97889" lon="125.29014">
        <ele>1968.02</ele>
      </trkpt>
      <trkpt lat="6.97889" lon="125.29013">
        <ele>1968.16</ele>
      </trkpt>
      <trkpt lat="6.97888" lon="125.2901">
        <ele>1968.29</ele>
      </trkpt>
      <trkpt lat="6.9789" lon="125.29003">
        <ele>1969.89</ele>
      </trkpt>
      <trkpt lat="6.9789" lon="125.29002">
        <ele>1970.03</ele>
      </trkpt>
      <trkpt lat="6.9789" lon="125.28999">
        <ele>1970.68</ele>
      </trkpt>
      <trkpt lat="6.97892" lon="125.28996">
        <ele>1972.32</ele>
      </trkpt>
      <trkpt lat="6.97893" lon="125.28992">
        <ele>1974.02</ele>
      </trkpt>
      <trkpt lat="6.97893" lon="125.28988">
        <ele>1975.44</ele>
      </trkpt>
      <trkpt lat="6.97892" lon="125.28984">
        <ele>1976.59</ele>
      </trkpt>
      <trkpt lat="6.97893" lon="125.28981">
        <ele>1977.92</ele>
      </trkpt>
      <trkpt lat="6.97894" lon="125.28978">
        <ele>1979.25</ele>
      </trkpt>
      <trkpt lat="6.97892" lon="125.28975">
        <ele>1979.8</ele>
      </trkpt>
      <trkpt lat="6.97892" lon="125.28971">
        <ele>1981.22</ele>
      </trkpt>
      <trkpt lat="6.9789" lon="125.28967">
        <ele>1982.15</ele>
      </trkpt>
      <trkpt lat="6.9789" lon="125.28966">
        <ele>1982.51</ele>
      </trkpt>
      <trkpt lat="6.97894" lon="125.28958">
        <ele>1986.31</ele>
      </trkpt>
      <trkpt lat="6.97897" lon="125.28949">
        <ele>1990.16</ele>
      </trkpt>
      <trkpt lat="6.97898" lon="125.28947">
        <ele>1991.08</ele>
      </trkpt>
      <trkpt lat="6.97898" lon="125.28944">
        <ele>1992.12</ele>
      </trkpt>
      <trkpt lat="6.97898" lon="125.28942">
        <ele>1992.82</ele>
      </trkpt>
      <trkpt lat="6.97898" lon="125.2894">
        <ele>1993.52</ele>
      </trkpt>
      <trkpt lat="6.97897" lon="125.28939">
        <ele>1993.65</ele>
      </trkpt>
      <trkpt lat="6.97897" lon="125.28938">
        <ele>1994.0</ele>
      </trkpt>
      <trkpt lat="6.97896" lon="125.28937">
        <ele>1994.15</ele>
      </trkpt>
      <trkpt lat="6.97895" lon="125.28934">
        <ele>1995.0</ele>
      </trkpt>
      <trkpt lat="6.97894" lon="125.28931">
        <ele>1995.85</ele>
      </trkpt>
      <trkpt lat="6.97894" lon="125.28928">
        <ele>1996.92</ele>
      </trkpt>
      <trkpt lat="6.97892" lon="125.28922">
        <ele>1998.66</ele>
      </trkpt>
      <trkpt lat="6.97891" lon="125.28918">
        <ele>1999.9</ele>
      </trkpt>
      <trkpt lat="6.97892" lon="125.28915">
        <ele>2001.05</ele>
      </trkpt>
      <trkpt lat="6.97892" lon="125.28912">
        <ele>2001.92</ele>
      </trkpt>
      <trkpt lat="6.97892" lon="125.28907">
        <ele>2003.38</ele>
      </trkpt>
      <trkpt lat="6.97892" lon="125.28899">
        <ele>2005.72</ele>
      </trkpt>
      <trkpt lat="6.97892" lon="125.28893">
        <ele>2007.47</ele>
      </trkpt>
      <trkpt lat="6.97893" lon="125.2889">
        <ele>2008.56</ele>
      </trkpt>
      <trkpt lat="6.97898" lon="125.28883">
        <ele>2011.66</ele>
      </trkpt>
      <trkpt lat="6.97899" lon="125.28882">
        <ele>2012.17</ele>
      </trkpt>
      <trkpt lat="6.97902" lon="125.28879">
        <ele>2013.68</ele>
      </trkpt>
      <trkpt lat="6.97902" lon="125.28879">
        <ele>2013.68</ele>
      </trkpt>
      <trkpt lat="6.97902" lon="125.28877">
        <ele>2014.26</ele>
      </trkpt>
      <trkpt lat="6.97902" lon="125.28876">
        <ele>2014.54</ele>
      </trkpt>
      <trkpt lat="6.97902" lon="125.28874">
        <ele>2015.12</ele>
      </trkpt>
      <trkpt lat="6.97904" lon="125.28872">
        <ele>2016.13</ele>
      </trkpt>
      <trkpt lat="6.97905" lon="125.2887">
        <ele>2016.92</ele>
      </trkpt>
      <trkpt lat="6.97906" lon="125.28867">
        <ele>2018.0</ele>
      </trkpt>
      <trkpt lat="6.97908" lon="125.28866">
        <ele>2018.72</ele>
      </trkpt>
      <trkpt lat="6.97909" lon="125.28864">
        <ele>2019.51</ele>
      </trkpt>
      <trkpt lat="6.9791" lon="125.2886">
        <ele>2020.91</ele>
      </trkpt>
      <trkpt lat="6.9791" lon="125.28856">
        <ele>2022.17</ele>
      </trkpt>
      <trkpt lat="6.9791" lon="125.28853">
        <ele>2023.12</ele>
      </trkpt>
      <trkpt lat="6.97911" lon="125.2885">
        <ele>2024.29</ele>
      </trkpt>
      <trkpt lat="6.97913" lon="125.28846">
        <ele>2026.03</ele>
      </trkpt>
      <trkpt lat="6.97914" lon="125.28844">
        <ele>2026.91</ele>
      </trkpt>
      <trkpt lat="6.97914" lon="125.28843">
        <ele>2027.23</ele>
      </trkpt>
      <trkpt lat="6.97915" lon="125.28841">
        <ele>2028.11</ele>
      </trkpt>
      <trkpt lat="6.97916" lon="125.28839">
        <ele>2029.0</ele>
      </trkpt>
      <trkpt lat="6.97919" lon="125.28838">
        <ele>2029.99</ele>
      </trkpt>
      <trkpt lat="6.97923" lon="125.28835">
        <ele>2031.83</ele>
      </trkpt>
      <trkpt lat="6.97924" lon="125.28833">
        <ele>2032.65</ele>
      </trkpt>
      <trkpt lat="6.97924" lon="125.28824">
        <ele>2034.35</ele>
      </trkpt>
      <trkpt lat="6.97923" lon="125.28821">
        <ele>2034.69</ele>
      </trkpt>
      <trkpt lat="6.97923" lon="125.28817">
        <ele>2035.44</ele>
      </trkpt>
      <trkpt lat="6.97924" lon="125.28814">
        <ele>2036.25</ele>
      </trkpt>
      <trkpt lat="6.97923" lon="125.28812">
        <ele>2036.38</ele>
      </trkpt>
      <trkpt lat="6.97926" lon="125.28805">
        <ele>2038.44</ele>
      </trkpt>
      <trkpt lat="6.9793" lon="125.28803">
        <ele>2039.77</ele>
      </trkpt>
      <trkpt lat="6.97935" lon="125.28802">
        <ele>2041.22</ele>
      </trkpt>
      <trkpt lat="6.97943" lon="125.28799">
        <ele>2043.8</ele>
      </trkpt>
      <trkpt lat="6.97943" lon="125.28798">
        <ele>2043.98</ele>
      </trkpt>
      <trkpt lat="6.97945" lon="125.28796">
        <ele>2044.87</ele>
      </trkpt>
      <trkpt lat="6.97945" lon="125.28794">
        <ele>2045.24</ele>
      </trkpt>
      <trkpt lat="6.97947" lon="125.2879">
        <ele>2046.55</ele>
      </trkpt>
      <trkpt lat="6.97949" lon="125.28787">
        <ele>2047.71</ele>
      </trkpt>
      <trkpt lat="6.97951" lon="125.28785">
        <ele>2048.7</ele>
      </trkpt>
      <trkpt lat="6.97953" lon="125.28784">
        <ele>2049.51</ele>
      </trkpt>
      <trkpt lat="6.97955" lon="125.28783">
        <ele>2050.34</ele>
      </trkpt>
      <trkpt lat="6.97955" lon="125.28783">
        <ele>2050.34</ele>
      </trkpt>
      <trkpt lat="6.97956" lon="125.28781">
        <ele>2051.07</ele>
      </trkpt>
      <trkpt lat="6.9796" lon="125.28778">
        <ele>2052.99</ele>
      </trkpt>
      <trkpt lat="6.97964" lon="125.28778">
        <ele>2054.28</ele>
      </trkpt>
      <trkpt lat="6.97968" lon="125.28776">
        <ele>2056.02</ele>
      </trkpt>
      <trkpt lat="6.97972" lon="125.28777">
        <ele>2057.1</ele>
      </trkpt>
      <trkpt lat="6.97976" lon="125.28774">
        <ele>2058.92</ele>
      </trkpt>
      <trkpt lat="6.97979" lon="125.28773">
        <ele>2060.03</ele>
      </trkpt>
      <trkpt lat="6.97981" lon="125.28773">
        <ele>2060.61</ele>
      </trkpt>
      <trkpt lat="6.97984" lon="125.28772">
        <ele>2061.73</ele>
      </trkpt>
      <trkpt lat="6.97988" lon="125.28772">
        <ele>2062.91</ele>
      </trkpt>
      <trkpt lat="6.97991" lon="125.28773">
        <ele>2063.56</ele>
      </trkpt>
      <trkpt lat="6.97993" lon="125.28772">
        <ele>2064.39</ele>
      </trkpt>
      <trkpt lat="6.97996" lon="125.28768">
        <ele>2066.26</ele>
      </trkpt>
      <trkpt lat="6.97996" lon="125.28766">
        <ele>2066.75</ele>
      </trkpt>
      <trkpt lat="6.97998" lon="125.28766">
        <ele>2067.36</ele>
      </trkpt>
      <trkpt lat="6.98001" lon="125.28764">
        <ele>2068.38</ele>
      </trkpt>
      <trkpt lat="6.98002" lon="125.28764">
        <ele>2068.29</ele>
      </trkpt>
      <trkpt lat="6.98004" lon="125.28762">
        <ele>2068.63</ele>
      </trkpt>
      <trkpt lat="6.98007" lon="125.28761">
        <ele>2068.62</ele>
      </trkpt>
      <trkpt lat="6.9801" lon="125.28758">
        <ele>2069.16</ele>
      </trkpt>
      <trkpt lat="6.98011" lon="125.28758">
        <ele>2069.08</ele>
      </trkpt>
      <trkpt lat="6.98015" lon="125.28755">
        <ele>2069.56</ele>
      </trkpt>
      <trkpt lat="6.98017" lon="125.28754">
        <ele>2069.68</ele>
      </trkpt>
      <trkpt lat="6.98021" lon="125.28751">
        <ele>2070.21</ele>
      </trkpt>
      <trkpt lat="6.98026" lon="125.28751">
        <ele>2069.84</ele>
      </trkpt>
      <trkpt lat="6.98028" lon="125.28749">
        <ele>2070.3</ele>
      </trkpt>
      <trkpt lat="6.98029" lon="125.28749">
        <ele>2070.19</ele>
      </trkpt>
      <trkpt lat="6.98045" lon="125.28736">
        <ele>2072.99</ele>
      </trkpt>
      <trkpt lat="6.98049" lon="125.28734">
        <ele>2073.33</ele>
      </trkpt>
      <trkpt lat="6.98055" lon="125.2873">
        <ele>2074.25</ele>
      </trkpt>
      <trkpt lat="6.98058" lon="125.28729">
        <ele>2074.45</ele>
      </trkpt>
      <trkpt lat="6.98081" lon="125.2872">
        <ele>2076.96</ele>
      </trkpt>
      <trkpt lat="6.98081" lon="125.2872">
        <ele>2076.96</ele>
      </trkpt>
      <trkpt lat="6.98096" lon="125.28709">
        <ele>2079.89</ele>
      </trkpt>
      <trkpt lat="6.98096" lon="125.28709">
        <ele>2079.89</ele>
      </trkpt>
      <trkpt lat="6.98098" lon="125.28707">
        <ele>2080.39</ele>
      </trkpt>
      <trkpt lat="6.98103" lon="125.28703">
        <ele>2081.22</ele>
      </trkpt>
      <trkpt lat="6.98106" lon="125.287">
        <ele>2081.86</ele>
      </trkpt>
      <trkpt lat="6.98107" lon="125.28698">
        <ele>2082.4</ele>
      </trkpt>
      <trkpt lat="6.98108" lon="125.28697">
        <ele>2082.6</ele>
      </trkpt>
      <trkpt lat="6.9811" lon="125.28695">
        <ele>2082.98</ele>
      </trkpt>
      <trkpt lat="6.9811" lon="125.28694">
        <ele>2083.32</ele>
      </trkpt>
      <trkpt lat="6.9811" lon="125.28692">
        <ele>2084.04</ele>
      </trkpt>
      <trkpt lat="6.98111" lon="125.28689">
        <ele>2084.98</ele>
      </trkpt>
      <trkpt lat="6.98113" lon="125.28688">
        <ele>2085.1</ele>
      </trkpt>
      <trkpt lat="6.98115" lon="125.28687">
        <ele>2085.22</ele>
      </trkpt>
      <trkpt lat="6.98117" lon="125.28686">
        <ele>2085.34</ele>
      </trkpt>
      <trkpt lat="6.9812" lon="125.28686">
        <ele>2084.98</ele>
      </trkpt>
      <trkpt lat="6.98124" lon="125.28684">
        <ele>2085.19</ele>
      </trkpt>
      <trkpt lat="6.98128" lon="125.28683">
        <ele>2085.05</ele>
      </trkpt>
      <trkpt lat="6.98142" lon="125.28683">
        <ele>2083.21</ele>
      </trkpt>
      <trkpt lat="6.98148" lon="125.28682">
        <ele>2082.57</ele>
      </trkpt>
      <trkpt lat="6.98152" lon="125.2868">
        <ele>2082.55</ele>
      </trkpt>
      <trkpt lat="6.98155" lon="125.28677">
        <ele>2082.97</ele>
      </trkpt>
      <trkpt lat="6.98162" lon="125.28669">
        <ele>2084.15</ele>
      </trkpt>
      <trkpt lat="6.98168" lon="125.28667">
        <ele>2084.1</ele>
      </trkpt>
      <trkpt lat="6.98173" lon="125.28665">
        <ele>2085.95</ele>
      </trkpt>
      <trkpt lat="6.98176" lon="125.28663">
        <ele>2087.59</ele>
      </trkpt>
      <trkpt lat="6.98197" lon="125.28654">
        <ele>2095.03</ele>
      </trkpt>
      <trkpt lat="6.98197" lon="125.28654">
        <ele>2095.03</ele>
      </trkpt>
      <trkpt lat="6.98198" lon="125.28651">
        <ele>2096.7</ele>
      </trkpt>
      <trkpt lat="6.98202" lon="125.28647">
        <ele>2099.05</ele>
      </trkpt>
      <trkpt lat="6.98205" lon="125.2864">
        <ele>2102.81</ele>
      </trkpt>
      <trkpt lat="6.98207" lon="125.28638">
        <ele>2103.89</ele>
      </trkpt>
      <trkpt lat="6.98209" lon="125.28637">
        <ele>2104.44</ele>
      </trkpt>
      <trkpt lat="6.9821" lon="125.28634">
        <ele>2105.9</ele>
      </trkpt>
      <trkpt lat="6.98216" lon="125.28625">
        <ele>2110.11</ele>
      </trkpt>
      <trkpt lat="6.98221" lon="125.28623">
        <ele>2110.9</ele>
      </trkpt>
      <trkpt lat="6.98226" lon="125.28624">
        <ele>2110.42</ele>
      </trkpt>
      <trkpt lat="6.98229" lon="125.28627">
        <ele>2109.17</ele>
      </trkpt>
      <trkpt lat="6.98231" lon="125.28628">
        <ele>2108.77</ele>
      </trkpt>
      <trkpt lat="6.98243" lon="125.28625">
        <ele>2110.0</ele>
      </trkpt>
      <trkpt lat="6.98243" lon="125.28625">
        <ele>2110.0</ele>
      </trkpt>
      <trkpt lat="6.98248" lon="125.28625">
        <ele>2110.0</ele>
      </trkpt>
      <trkpt lat="6.98251" lon="125.28624">
        <ele>2110.63</ele>
      </trkpt>
      <trkpt lat="6.98253" lon="125.28624">
        <ele>2111.18</ele>
      </trkpt>
      <trkpt lat="6.98253" lon="125.28624">
        <ele>2111.18</ele>
      </trkpt>
      <trkpt lat="6.98255" lon="125.28622">
        <ele>2112.49</ele>
      </trkpt>
      <trkpt lat="6.98257" lon="125.28621">
        <ele>2113.44</ele>
      </trkpt>
      <trkpt lat="6.98259" lon="125.28619">
        <ele>2114.8</ele>
      </trkpt>
      <trkpt lat="6.9826" lon="125.28618">
        <ele>2115.49</ele>
      </trkpt>
      <trkpt lat="6.98263" lon="125.28616">
        <ele>2117.2</ele>
      </trkpt>
      <trkpt lat="6.9827" lon="125.28612">
        <ele>2121.09</ele>
      </trkpt>
      <trkpt lat="6.98274" lon="125.28611">
        <ele>2122.81</ele>
      </trkpt>
      <trkpt lat="6.98278" lon="125.28609">
        <ele>2124.7</ele>
      </trkpt>
      <trkpt lat="6.98281" lon="125.28605">
        <ele>2126.08</ele>
      </trkpt>
      <trkpt lat="6.98281" lon="125.286">
        <ele>2127.6</ele>
      </trkpt>
      <trkpt lat="6.98282" lon="125.28599">
        <ele>2127.9</ele>
      </trkpt>
      <trkpt lat="6.98282" lon="125.28598">
        <ele>2128.19</ele>
      </trkpt>
      <trkpt lat="6.98285" lon="125.28593">
        <ele>2129.54</ele>
      </trkpt>
      <trkpt lat="6.98288" lon="125.28591">
        <ele>2129.92</ele>
      </trkpt>
      <trkpt lat="6.98297" lon="125.28577">
        <ele>2133.73</ele>
      </trkpt>
      <trkpt lat="6.98302" lon="125.28571">
        <ele>2135.77</ele>
      </trkpt>
      <trkpt lat="6.98305" lon="125.28568">
        <ele>2136.7</ele>
      </trkpt>
      <trkpt lat="6.98309" lon="125.28566">
        <ele>2137.05</ele>
      </trkpt>
      <trkpt lat="6.98314" lon="125.28565">
        <ele>2136.9</ele>
      </trkpt>
      <trkpt lat="6.98318" lon="125.28563">
        <ele>2137.41</ele>
      </trkpt>
      <trkpt lat="6.98323" lon="125.28562">
        <ele>2137.38</ele>
      </trkpt>
      <trkpt lat="6.98327" lon="125.28559">
        <ele>2138.59</ele>
      </trkpt>
      <trkpt lat="6.9833" lon="125.28556">
        <ele>2139.99</ele>
      </trkpt>
      <trkpt lat="6.9833" lon="125.28555">
        <ele>2140.35</ele>
      </trkpt>
      <trkpt lat="6.98337" lon="125.28547">
        <ele>2141.41</ele>
      </trkpt>
      <trkpt lat="6.98341" lon="125.28544">
        <ele>2141.99</ele>
      </trkpt>
      <trkpt lat="6.98346" lon="125.28542">
        <ele>2142.42</ele>
      </trkpt>
      <trkpt lat="6.98348" lon="125.28537">
        <ele>2143.02</ele>
      </trkpt>
      <trkpt lat="6.98347" lon="125.28533">
        <ele>2143.43</ele>
      </trkpt>
      <trkpt lat="6.98349" lon="125.28528">
        <ele>2143.98</ele>
      </trkpt>
      <trkpt lat="6.98353" lon="125.28526">
        <ele>2145.47</ele>
      </trkpt>
      <trkpt lat="6.98359" lon="125.28525">
        <ele>2146.08</ele>
      </trkpt>
      <trkpt lat="6.98361" lon="125.28526">
        <ele>2145.28</ele>
      </trkpt>
      <trkpt lat="6.98375" lon="125.28523">
        <ele>2157.51</ele>
      </trkpt>
      <trkpt lat="6.98379" lon="125.28521">
        <ele>2161.62</ele>
      </trkpt>
      <trkpt lat="6.98383" lon="125.28518">
        <ele>2166.2</ele>
      </trkpt>
      <trkpt lat="6.98387" lon="125.28514">
        <ele>2171.18</ele>
      </trkpt>
      <trkpt lat="6.98391" lon="125.2851">
        <ele>2175.69</ele>
      </trkpt>
      <trkpt lat="6.98395" lon="125.28507">
        <ele>2179.36</ele>
      </trkpt>
      <trkpt lat="6.98398" lon="125.28503">
        <ele>2183.01</ele>
      </trkpt>
      <trkpt lat="6.984" lon="125.28499">
        <ele>2185.95</ele>
      </trkpt>
      <trkpt lat="6.984" lon="125.28494">
        <ele>2187.72</ele>
      </trkpt>
      <trkpt lat="6.98399" lon="125.2849">
        <ele>2188.73</ele>
      </trkpt>
      <trkpt lat="6.98399" lon="125.28489">
        <ele>2189.09</ele>
      </trkpt>
      <trkpt lat="6.98397" lon="125.28475">
        <ele>2193.69</ele>
      </trkpt>
      <trkpt lat="6.98397" lon="125.2847">
        <ele>2196.27</ele>
      </trkpt>
      <trkpt lat="6.98397" lon="125.28465">
        <ele>2199.7</ele>
      </trkpt>
      <trkpt lat="6.98397" lon="125.28459">
        <ele>2203.81</ele>
      </trkpt>
      <trkpt lat="6.98397" lon="125.28455">
        <ele>2206.55</ele>
      </trkpt>
      <trkpt lat="6.98396" lon="125.28449">
        <ele>2210.96</ele>
      </trkpt>
      <trkpt lat="6.98395" lon="125.28444">
        <ele>2215.17</ele>
      </trkpt>
      <trkpt lat="6.98395" lon="125.28437">
        <ele>2224.5</ele>
      </trkpt>
      <trkpt lat="6.98395" lon="125.28433">
        <ele>2229.82</ele>
      </trkpt>
      <trkpt lat="6.98396" lon="125.28427">
        <ele>2237.42</ele>
      </trkpt>
      <trkpt lat="6.98398" lon="125.28423">
        <ele>2241.96</ele>
      </trkpt>
      <trkpt lat="6.98399" lon="125.2842">
        <ele>2245.56</ele>
      </trkpt>
      <trkpt lat="6.98405" lon="125.28414">
        <ele>2249.53</ele>
      </trkpt>
      <trkpt lat="6.98405" lon="125.28414">
        <ele>2249.53</ele>
      </trkpt>
      <trkpt lat="6.98405" lon="125.2841">
        <ele>2252.39</ele>
      </trkpt>
      <trkpt lat="6.98404" lon="125.28406">
        <ele>2255.41</ele>
      </trkpt>
      <trkpt lat="6.98401" lon="125.28404">
        <ele>2257.14</ele>
      </trkpt>
      <trkpt lat="6.98399" lon="125.28398">
        <ele>2260.87</ele>
      </trkpt>
      <trkpt lat="6.98397" lon="125.28396">
        <ele>2261.92</ele>
      </trkpt>
      <trkpt lat="6.98389" lon="125.28391">
        <ele>2263.26</ele>
      </trkpt>
      <trkpt lat="6.9839" lon="125.28389">
        <ele>2264.2</ele>
      </trkpt>
      <trkpt lat="6.98387" lon="125.28386">
        <ele>2264.57</ele>
      </trkpt>
      <trkpt lat="6.98388" lon="125.28384">
        <ele>2265.54</ele>
      </trkpt>
      <trkpt lat="6.98386" lon="125.28381">
        <ele>2266.14</ele>
      </trkpt>
      <trkpt lat="6.98385" lon="125.2838">
        <ele>2266.26</ele>
      </trkpt>
      <trkpt lat="6.98381" lon="125.28378">
        <ele>2266.04</ele>
      </trkpt>
      <trkpt lat="6.9838" lon="125.28376">
        <ele>2266.55</ele>
      </trkpt>
      <trkpt lat="6.98378" lon="125.28371">
        <ele>2267.95</ele>
      </trkpt>
      <trkpt lat="6.98377" lon="125.28368">
        <ele>2268.85</ele>
      </trkpt>
      <trkpt lat="6.98377" lon="125.28366">
        <ele>2269.6</ele>
      </trkpt>
      <trkpt lat="6.98376" lon="125.28364">
        <ele>2270.13</ele>
      </trkpt>
      <trkpt lat="6.98376" lon="125.28362">
        <ele>2270.88</ele>
      </trkpt>
      <trkpt lat="6.98374" lon="125.28356">
        <ele>2272.62</ele>
      </trkpt>
      <trkpt lat="6.98375" lon="125.28354">
        <ele>2273.56</ele>
      </trkpt>
      <trkpt lat="6.98374" lon="125.28352">
        <ele>2274.06</ele>
      </trkpt>
      <trkpt lat="6.98374" lon="125.2835">
        <ele>2274.78</ele>
      </trkpt>
      <trkpt lat="6.98376" lon="125.28343">
        <ele>2277.74</ele>
      </trkpt>
      <trkpt lat="6.98379" lon="125.28339">
        <ele>2279.82</ele>
      </trkpt>
      <trkpt lat="6.98382" lon="125.28334">
        <ele>2282.27</ele>
      </trkpt>
      <trkpt lat="6.98384" lon="125.28329">
        <ele>2284.22</ele>
      </trkpt>
      <trkpt lat="6.98385" lon="125.28324">
        <ele>2285.9</ele>
      </trkpt>
      <trkpt lat="6.98385" lon="125.28318">
        <ele>2287.65</ele>
      </trkpt>
      <trkpt lat="6.98383" lon="125.28314">
        <ele>2288.44</ele>
      </trkpt>
      <trkpt lat="6.98382" lon="125.28308">
        <ele>2290.03</ele>
      </trkpt>
      <trkpt lat="6.9838" lon="125.28303">
        <ele>2291.14</ele>
      </trkpt>
      <trkpt lat="6.9838" lon="125.28299">
        <ele>2292.29</ele>
      </trkpt>
      <trkpt lat="6.98382" lon="125.28294">
        <ele>2294.09</ele>
      </trkpt>
      <trkpt lat="6.98385" lon="125.2829">
        <ele>2295.78</ele>
      </trkpt>
      <trkpt lat="6.98387" lon="125.28287">
        <ele>2297.0</ele>
      </trkpt>
      <trkpt lat="6.98389" lon="125.28284">
        <ele>2298.23</ele>
      </trkpt>
      <trkpt lat="6.98389" lon="125.28284">
        <ele>2298.23</ele>
      </trkpt>
      <trkpt lat="6.98391" lon="125.2828">
        <ele>2299.74</ele>
      </trkpt>
      <trkpt lat="6.98394" lon="125.28275">
        <ele>2301.72</ele>
      </trkpt>
      <trkpt lat="6.98397" lon="125.2827">
        <ele>2303.7</ele>
      </trkpt>
      <trkpt lat="6.98399" lon="125.28266">
        <ele>2305.21</ele>
      </trkpt>
      <trkpt lat="6.98399" lon="125.28264">
        <ele>2305.79</ele>
      </trkpt>
      <trkpt lat="6.98404" lon="125.28255">
        <ele>2309.28</ele>
      </trkpt>
      <trkpt lat="6.98408" lon="125.2825">
        <ele>2311.44</ele>
      </trkpt>
      <trkpt lat="6.98411" lon="125.28246">
        <ele>2314.14</ele>
      </trkpt>
      <trkpt lat="6.98412" lon="125.28242">
        <ele>2316.48</ele>
      </trkpt>
      <trkpt lat="6.98416" lon="125.28234">
        <ele>2321.52</ele>
      </trkpt>
      <trkpt lat="6.98419" lon="125.2823">
        <ele>2324.63</ele>
      </trkpt>
      <trkpt lat="6.98419" lon="125.28228">
        <ele>2325.69</ele>
      </trkpt>
      <trkpt lat="6.98421" lon="125.28218">
        <ele>2331.64</ele>
      </trkpt>
      <trkpt lat="6.98423" lon="125.28213">
        <ele>2334.88</ele>
      </trkpt>
      <trkpt lat="6.98423" lon="125.28208">
        <ele>2337.5</ele>
      </trkpt>
      <trkpt lat="6.98419" lon="125.28204">
        <ele>2338.49</ele>
      </trkpt>
      <trkpt lat="6.98417" lon="125.28201">
        <ele>2339.55</ele>
      </trkpt>
      <trkpt lat="6.98415" lon="125.28197">
        <ele>2341.37</ele>
      </trkpt>
      <trkpt lat="6.98415" lon="125.28192">
        <ele>2344.08</ele>
      </trkpt>
      <trkpt lat="6.98418" lon="125.28188">
        <ele>2346.78</ele>
      </trkpt>
      <trkpt lat="6.98422" lon="125.28187">
        <ele>2348.21</ele>
      </trkpt>
      <trkpt lat="6.98425" lon="125.28183">
        <ele>2350.91</ele>
      </trkpt>
      <trkpt lat="6.98427" lon="125.28178">
        <ele>2353.82</ele>
      </trkpt>
      <trkpt lat="6.98431" lon="125.28174">
        <ele>2356.51</ele>
      </trkpt>
      <trkpt lat="6.98435" lon="125.28172">
        <ele>2358.14</ele>
      </trkpt>
      <trkpt lat="6.9844" lon="125.2817">
        <ele>2359.86</ele>
      </trkpt>
      <trkpt lat="6.98441" lon="125.28169">
        <ele>2360.46</ele>
      </trkpt>
      <trkpt lat="6.98456" lon="125.28159">
        <ele>2370.38</ele>
      </trkpt>
      <trkpt lat="6.9846" lon="125.28157">
        <ele>2372.51</ele>
      </trkpt>
      <trkpt lat="6.98462" lon="125.28153">
        <ele>2376.08</ele>
      </trkpt>
      <trkpt lat="6.98464" lon="125.28148">
        <ele>2380.4</ele>
      </trkpt>
      <trkpt lat="6.98463" lon="125.28144">
        <ele>2383.71</ele>
      </trkpt>
      <trkpt lat="6.9846" lon="125.2814">
        <ele>2387.05</ele>
      </trkpt>
      <trkpt lat="6.98457" lon="125.28137">
        <ele>2389.68</ele>
      </trkpt>
      <trkpt lat="6.98457" lon="125.28137">
        <ele>2389.68</ele>
      </trkpt>
      <trkpt lat="6.98456" lon="125.28136">
        <ele>2390.57</ele>
      </trkpt>
      <trkpt lat="6.98456" lon="125.28134">
        <ele>2392.36</ele>
      </trkpt>
      <trkpt lat="6.98457" lon="125.28129">
        <ele>2396.77</ele>
      </trkpt>
      <trkpt lat="6.98457" lon="125.28119">
        <ele>2405.65</ele>
      </trkpt>
      <trkpt lat="6.98456" lon="125.28114">
        <ele>2410.18</ele>
      </trkpt>
      <trkpt lat="6.98456" lon="125.28112">
        <ele>2411.96</ele>
      </trkpt>
      <trkpt lat="6.98455" lon="125.2811">
        <ele>2413.84</ele>
      </trkpt>
      <trkpt lat="6.98452" lon="125.28106">
        <ele>2417.77</ele>
      </trkpt>
      <trkpt lat="6.98452" lon="125.28105">
        <ele>2418.66</ele>
      </trkpt>
      <trkpt lat="6.98453" lon="125.28099">
        <ele>2423.87</ele>
      </trkpt>
      <trkpt lat="6.98453" lon="125.28097">
        <ele>2425.66</ele>
      </trkpt>
      <trkpt lat="6.98452" lon="125.28095">
        <ele>2427.63</ele>
      </trkpt>
      <trkpt lat="6.98451" lon="125.28091">
        <ele>2431.43</ele>
      </trkpt>
      <trkpt lat="6.98452" lon="125.28089">
        <ele>2433.01</ele>
      </trkpt>
      <trkpt lat="6.98453" lon="125.28083">
        <ele>2437.96</ele>
      </trkpt>
      <trkpt lat="6.98454" lon="125.28078">
        <ele>2439.45</ele>
      </trkpt>
      <trkpt lat="6.98452" lon="125.28074">
        <ele>2441.3</ele>
      </trkpt>
      <trkpt lat="6.98452" lon="125.28073">
        <ele>2441.65</ele>
      </trkpt>
      <trkpt lat="6.98453" lon="125.28071">
        <ele>2442.11</ele>
      </trkpt>
      <trkpt lat="6.98453" lon="125.2807">
        <ele>2442.46</ele>
      </trkpt>
      <trkpt lat="6.98452" lon="125.28068">
        <ele>2443.36</ele>
      </trkpt>
      <trkpt lat="6.9845" lon="125.28068">
        <ele>2443.79</ele>
      </trkpt>
      <trkpt lat="6.98449" lon="125.28065">
        <ele>2445.01</ele>
      </trkpt>
      <trkpt lat="6.98451" lon="125.28062">
        <ele>2445.62</ele>
      </trkpt>
      <trkpt lat="6.98452" lon="125.2806">
        <ele>2446.11</ele>
      </trkpt>
      <trkpt lat="6.98453" lon="125.28059">
        <ele>2446.27</ele>
      </trkpt>
      <trkpt lat="6.98453" lon="125.28059">
        <ele>2446.27</ele>
      </trkpt>
      <trkpt lat="6.98457" lon="125.28057">
        <ele>2446.22</ele>
      </trkpt>
      <trkpt lat="6.98461" lon="125.28053">
        <ele>2446.9</ele>
      </trkpt>
      <trkpt lat="6.98462" lon="125.28051">
        <ele>2447.42</ele>
      </trkpt>
      <trkpt lat="6.98462" lon="125.28048">
        <ele>2448.46</ele>
      </trkpt>
      <trkpt lat="6.98464" lon="125.28045">
        <ele>2449.17</ele>
      </trkpt>
      <trkpt lat="6.98465" lon="125.28038">
        <ele>2451.46</ele>
      </trkpt>
      <trkpt lat="6.98465" lon="125.28032">
        <ele>2453.56</ele>
      </trkpt>
      <trkpt lat="6.98465" lon="125.28026">
        <ele>2455.71</ele>
      </trkpt>
      <trkpt lat="6.98466" lon="125.28025">
        <ele>2455.95</ele>
      </trkpt>
      <trkpt lat="6.98467" lon="125.28023">
        <ele>2456.58</ele>
      </trkpt>
      <trkpt lat="6.98467" lon="125.28019">
        <ele>2458.11</ele>
      </trkpt>
      <trkpt lat="6.98469" lon="125.28011">
        <ele>2460.97</ele>
      </trkpt>
      <trkpt lat="6.98468" lon="125.28005">
        <ele>2463.38</ele>
      </trkpt>
      <trkpt lat="6.98469" lon="125.27997">
        <ele>2466.61</ele>
      </trkpt>
      <trkpt lat="6.98469" lon="125.27992">
        <ele>2468.91</ele>
      </trkpt>
      <trkpt lat="6.98469" lon="125.2799">
        <ele>2469.83</ele>
      </trkpt>
      <trkpt lat="6.98468" lon="125.27986">
        <ele>2471.7</ele>
      </trkpt>
      <trkpt lat="6.9847" lon="125.27982">
        <ele>2473.48</ele>
      </trkpt>
      <trkpt lat="6.98477" lon="125.27971">
        <ele>2478.64</ele>
      </trkpt>
      <trkpt lat="6.9848" lon="125.27967">
        <ele>2480.79</ele>
      </trkpt>
      <trkpt lat="6.98481" lon="125.27963">
        <ele>2482.96</ele>
      </trkpt>
      <trkpt lat="6.98482" lon="125.27958">
        <ele>2485.71</ele>
      </trkpt>
      <trkpt lat="6.98484" lon="125.27953">
        <ele>2488.57</ele>
      </trkpt>
      <trkpt lat="6.98486" lon="125.27948">
        <ele>2491.51</ele>
      </trkpt>
      <trkpt lat="6.98488" lon="125.27944">
        <ele>2493.95</ele>
      </trkpt>
      <trkpt lat="6.98489" lon="125.27943">
        <ele>2494.6</ele>
      </trkpt>
      <trkpt lat="6.98496" lon="125.27935">
        <ele>2499.91</ele>
      </trkpt>
      <trkpt lat="6.98497" lon="125.27929">
        <ele>2503.45</ele>
      </trkpt>
      <trkpt lat="6.98498" lon="125.27925">
        <ele>2505.88</ele>
      </trkpt>
      <trkpt lat="6.985" lon="125.2792">
        <ele>2509.08</ele>
      </trkpt>
      <trkpt lat="6.98504" lon="125.27916">
        <ele>2512.32</ele>
      </trkpt>
      <trkpt lat="6.98508" lon="125.27914">
        <ele>2514.29</ele>
      </trkpt>
      <trkpt lat="6.9851" lon="125.27912">
        <ele>2515.76</ele>
      </trkpt>
      <trkpt lat="6.98514" lon="125.27905">
        <ele>2520.2</ele>
      </trkpt>
      <trkpt lat="6.98515" lon="125.279">
        <ele>2522.9</ele>
      </trkpt>
      <trkpt lat="6.98516" lon="125.27895">
        <ele>2525.62</ele>
      </trkpt>
      <trkpt lat="6.98518" lon="125.2789">
        <ele>2528.64</ele>
      </trkpt>
      <trkpt lat="6.98523" lon="125.27887">
        <ele>2531.55</ele>
      </trkpt>
      <trkpt lat="6.98527" lon="125.27885">
        <ele>2533.73</ele>
      </trkpt>
      <trkpt lat="6.98529" lon="125.2788">
        <ele>2536.85</ele>
      </trkpt>
      <trkpt lat="6.9853" lon="125.27875">
        <ele>2539.68</ele>
      </trkpt>
      <trkpt lat="6.98532" lon="125.2787">
        <ele>2542.84</ele>
      </trkpt>
      <trkpt lat="6.98533" lon="125.27865">
        <ele>2545.71</ele>
      </trkpt>
      <trkpt lat="6.98536" lon="125.27861">
        <ele>2548.72</ele>
      </trkpt>
      <trkpt lat="6.98539" lon="125.27857">
        <ele>2551.68</ele>
      </trkpt>
      <trkpt lat="6.9854" lon="125.27857">
        <ele>2552.01</ele>
      </trkpt>
      <trkpt lat="6.9855" lon="125.27849">
        <ele>2559.57</ele>
      </trkpt>
      <trkpt lat="6.9855" lon="125.27848">
        <ele>2560.09</ele>
      </trkpt>
      <trkpt lat="6.98561" lon="125.27843">
        <ele>2566.67</ele>
      </trkpt>
      <trkpt lat="6.98566" lon="125.27841">
        <ele>2569.52</ele>
      </trkpt>
      <trkpt lat="6.9857" lon="125.27839">
        <ele>2572.03</ele>
      </trkpt>
      <trkpt lat="6.98571" lon="125.27834">
        <ele>2575.19</ele>
      </trkpt>
      <trkpt lat="6.9857" lon="125.27829">
        <ele>2577.46</ele>
      </trkpt>
      <trkpt lat="6.98572" lon="125.27825">
        <ele>2580.24</ele>
      </trkpt>
      <trkpt lat="6.98575" lon="125.27821">
        <ele>2583.35</ele>
      </trkpt>
      <trkpt lat="6.98576" lon="125.2782">
        <ele>2584.21</ele>
      </trkpt>
      <trkpt lat="6.98579" lon="125.27815">
        <ele>2587.78</ele>
      </trkpt>
      <trkpt lat="6.98579" lon="125.27815">
        <ele>2587.78</ele>
      </trkpt>
      <trkpt lat="6.9858" lon="125.27814">
        <ele>2588.63</ele>
      </trkpt>
      <trkpt lat="6.98583" lon="125.2781">
        <ele>2591.65</ele>
      </trkpt>
      <trkpt lat="6.98585" lon="125.27804">
        <ele>2595.26</ele>
      </trkpt>
      <trkpt lat="6.98586" lon="125.27799">
        <ele>2597.91</ele>
      </trkpt>
      <trkpt lat="6.98587" lon="125.27796">
        <ele>2599.61</ele>
      </trkpt>
      <trkpt lat="6.98589" lon="125.27794">
        <ele>2601.16</ele>
      </trkpt>
      <trkpt lat="6.98592" lon="125.27791">
        <ele>2603.46</ele>
      </trkpt>
      <trkpt lat="6.98595" lon="125.27788">
        <ele>2605.73</ele>
      </trkpt>
      <trkpt lat="6.98602" lon="125.27782">
        <ele>2610.5</ele>
      </trkpt>
      <trkpt lat="6.98604" lon="125.27781">
        <ele>2611.53</ele>
      </trkpt>
      <trkpt lat="6.98605" lon="125.27779">
        <ele>2612.7</ele>
      </trkpt>
      <trkpt lat="6.98608" lon="125.27778">
        <ele>2614.01</ele>
      </trkpt>
      <trkpt lat="6.98611" lon="125.27776">
        <ele>2615.74</ele>
      </trkpt>
      <trkpt lat="6.98613" lon="125.27775">
        <ele>2616.73</ele>
      </trkpt>
      <trkpt lat="6.98618" lon="125.27775">
        <ele>2618.13</ele>
      </trkpt>
      <trkpt lat="6.98621" lon="125.27774">
        <ele>2619.38</ele>
      </trkpt>
      <trkpt lat="6.98623" lon="125.27774">
        <ele>2619.94</ele>
      </trkpt>
      <trkpt lat="6.98629" lon="125.27771">
        <ele>2622.77</ele>
      </trkpt>
      <trkpt lat="6.9863" lon="125.27769">
        <ele>2623.8</ele>
      </trkpt>
      <trkpt lat="6.98633" lon="125.27767">
        <ele>2625.35</ele>
      </trkpt>
      <trkpt lat="6.98637" lon="125.27761">
        <ele>2628.58</ele>
      </trkpt>
      <trkpt lat="6.98639" lon="125.27759">
        <ele>2629.79</ele>
      </trkpt>
      <trkpt lat="6.98641" lon="125.27755">
        <ele>2631.68</ele>
      </trkpt>
      <trkpt lat="6.98646" lon="125.2775">
        <ele>2634.54</ele>
      </trkpt>
      <trkpt lat="6.98647" lon="125.27749">
        <ele>2635.35</ele>
      </trkpt>
      <trkpt lat="6.98651" lon="125.27746">
        <ele>2638.0</ele>
      </trkpt>
      <trkpt lat="6.98654" lon="125.27745">
        <ele>2639.23</ele>
      </trkpt>
      <trkpt lat="6.98656" lon="125.27746">
        <ele>2639.06</ele>
      </trkpt>
      <trkpt lat="6.98659" lon="125.27745">
        <ele>2640.27</ele>
      </trkpt>
      <trkpt lat="6.98662" lon="125.27744">
        <ele>2641.48</ele>
      </trkpt>
      <trkpt lat="6.98665" lon="125.27744">
        <ele>2642.11</ele>
      </trkpt>
      <trkpt lat="6.98671" lon="125.27739">
        <ele>2648.21</ele>
      </trkpt>
      <trkpt lat="6.98673" lon="125.27738">
        <ele>2650.08</ele>
      </trkpt>
      <trkpt lat="6.98678" lon="125.27734">
        <ele>2655.44</ele>
      </trkpt>
      <trkpt lat="6.98683" lon="125.27732">
        <ele>2659.6</ele>
      </trkpt>
      <trkpt lat="6.98686" lon="125.27731">
        <ele>2661.96</ele>
      </trkpt>
      <trkpt lat="6.98689" lon="125.27728">
        <ele>2665.2</ele>
      </trkpt>
      <trkpt lat="6.9869" lon="125.27723">
        <ele>2668.09</ele>
      </trkpt>
      <trkpt lat="6.98693" lon="125.27719">
        <ele>2671.58</ele>
      </trkpt>
      <trkpt lat="6.98695" lon="125.27715">
        <ele>2674.42</ele>
      </trkpt>
      <trkpt lat="6.98697" lon="125.27712">
        <ele>2676.79</ele>
      </trkpt>
      <trkpt lat="6.987" lon="125.27709">
        <ele>2679.63</ele>
      </trkpt>
      <trkpt lat="6.98702" lon="125.27706">
        <ele>2681.88</ele>
      </trkpt>
      <trkpt lat="6.98704" lon="125.277">
        <ele>2685.28</ele>
      </trkpt>
      <trkpt lat="6.98707" lon="125.27697">
        <ele>2687.9</ele>
      </trkpt>
      <trkpt lat="6.98709" lon="125.27695">
        <ele>2689.6</ele>
      </trkpt>
      <trkpt lat="6.98714" lon="125.27688">
        <ele>2694.35</ele>
      </trkpt>
      <trkpt lat="6.98717" lon="125.27685">
        <ele>2696.6</ele>
      </trkpt>
      <trkpt lat="6.98718" lon="125.27685">
        <ele>2697.0</ele>
      </trkpt>
      <trkpt lat="6.98724" lon="125.27677">
        <ele>2701.67</ele>
      </trkpt>
      <trkpt lat="6.98728" lon="125.27666">
        <ele>2706.21</ele>
      </trkpt>
      <trkpt lat="6.9873" lon="125.27665">
        <ele>2707.34</ele>
      </trkpt>
      <trkpt lat="6.98737" lon="125.27659">
        <ele>2712.19</ele>
      </trkpt>
      <trkpt lat="6.98739" lon="125.27656">
        <ele>2714.04</ele>
      </trkpt>
      <trkpt lat="6.98741" lon="125.2765">
        <ele>2717.06</ele>
      </trkpt>
      <trkpt lat="6.98744" lon="125.27646">
        <ele>2719.3</ele>
      </trkpt>
      <trkpt lat="6.98745" lon="125.27645">
        <ele>2719.88</ele>
      </trkpt>
      <trkpt lat="6.98746" lon="125.27643">
        <ele>2720.84</ele>
      </trkpt>
      <trkpt lat="6.98747" lon="125.27641">
        <ele>2721.77</ele>
      </trkpt>
      <trkpt lat="6.98749" lon="125.27639">
        <ele>2722.82</ele>
      </trkpt>
      <trkpt lat="6.98751" lon="125.27638">
        <ele>2723.75</ele>
      </trkpt>
      <trkpt lat="6.98754" lon="125.27634">
        <ele>2726.52</ele>
      </trkpt>
      <trkpt lat="6.98754" lon="125.27632">
        <ele>2727.31</ele>
      </trkpt>
      <trkpt lat="6.98759" lon="125.27622">
        <ele>2733.25</ele>
      </trkpt>
      <trkpt lat="6.98759" lon="125.27616">
        <ele>2735.63</ele>
      </trkpt>
      <trkpt lat="6.98761" lon="125.27612">
        <ele>2738.0</ele>
      </trkpt>
      <trkpt lat="6.98762" lon="125.27609">
        <ele>2739.26</ele>
      </trkpt>
      <trkpt lat="6.98762" lon="125.27608">
        <ele>2739.51</ele>
      </trkpt>
      <trkpt lat="6.98762" lon="125.27606">
        <ele>2739.99</ele>
      </trkpt>
      <trkpt lat="6.98762" lon="125.27605">
        <ele>2740.23</ele>
      </trkpt>
      <trkpt lat="6.98761" lon="125.27602">
        <ele>2740.52</ele>
      </trkpt>
      <trkpt lat="6.98763" lon="125.276">
        <ele>2741.9</ele>
      </trkpt>
      <trkpt lat="6.98763" lon="125.27598">
        <ele>2742.39</ele>
      </trkpt>
      <trkpt lat="6.98763" lon="125.27597">
        <ele>2742.64</ele>
      </trkpt>
      <trkpt lat="6.98761" lon="125.27594">
        <ele>2742.41</ele>
      </trkpt>
      <trkpt lat="6.98762" lon="125.27592">
        <ele>2743.38</ele>
      </trkpt>
      <trkpt lat="6.98762" lon="125.2759">
        <ele>2743.87</ele>
      </trkpt>
      <trkpt lat="6.98762" lon="125.27588">
        <ele>2744.35</ele>
      </trkpt>
      <trkpt lat="6.98761" lon="125.27585">
        <ele>2744.54</ele>
      </trkpt>
      <trkpt lat="6.98761" lon="125.2758">
        <ele>2742.74</ele>
      </trkpt>
      <trkpt lat="6.98761" lon="125.27576">
        <ele>2740.1</ele>
      </trkpt>
      <trkpt lat="6.98762" lon="125.27574">
        <ele>2739.13</ele>
      </trkpt>
      <trkpt lat="6.98761" lon="125.27572">
        <ele>2737.46</ele>
      </trkpt>
      <trkpt lat="6.98762" lon="125.27571">
        <ele>2737.08</ele>
      </trkpt>
      <trkpt lat="6.98759" lon="125.27567">
        <ele>2733.76</ele>
      </trkpt>
      <trkpt lat="6.9876" lon="125.27565">
        <ele>2732.68</ele>
      </trkpt>
      <trkpt lat="6.98759" lon="125.27562">
        <ele>2730.66</ele>
      </trkpt>
      <trkpt lat="6.98759" lon="125.27554">
        <ele>2726.03</ele>
      </trkpt>
      <trkpt lat="6.98759" lon="125.27552">
        <ele>2725.19</ele>
      </trkpt>
      <trkpt lat="6.98762" lon="125.27551">
        <ele>2724.57</ele>
      </trkpt>
      <trkpt lat="6.98763" lon="125.27548">
        <ele>2723.18</ele>
      </trkpt>
      <trkpt lat="6.98763" lon="125.27545">
        <ele>2721.84</ele>
      </trkpt>
      <trkpt lat="6.98763" lon="125.27542">
        <ele>2720.51</ele>
      </trkpt>
      <trkpt lat="6.98764" lon="125.2754">
        <ele>2719.48</ele>
      </trkpt>
      <trkpt lat="6.98768" lon="125.2753">
        <ele>2714.17</ele>
      </trkpt>
      <trkpt lat="6.98768" lon="125.27527">
        <ele>2712.96</ele>
      </trkpt>
      <trkpt lat="6.98767" lon="125.27525">
        <ele>2712.82</ele>
      </trkpt>
      <trkpt lat="6.98767" lon="125.27521">
        <ele>2712.08</ele>
      </trkpt>
      <trkpt lat="6.98766" lon="125.27519">
        <ele>2712.04</ele>
      </trkpt>
      <trkpt lat="6.98766" lon="125.27516">
        <ele>2711.53</ele>
      </trkpt>
      <trkpt lat="6.98765" lon="125.27513">
        <ele>2711.42</ele>
      </trkpt>
      <trkpt lat="6.98765" lon="125.27509">
        <ele>2710.79</ele>
      </trkpt>
      <trkpt lat="6.98763" lon="125.27502">
        <ele>2710.78</ele>
      </trkpt>
      <trkpt lat="6.98764" lon="125.27499">
        <ele>2710.64</ele>
      </trkpt>
      <trkpt lat="6.98762" lon="125.27495">
        <ele>2714.68</ele>
      </trkpt>
      <trkpt lat="6.98758" lon="125.27492">
        <ele>2719.44</ele>
      </trkpt>
      <trkpt lat="6.98758" lon="125.2749">
        <ele>2720.95</ele>
      </trkpt>
      <trkpt lat="6.98752" lon="125.27482">
        <ele>2731.43</ele>
      </trkpt>
      <trkpt lat="6.98746" lon="125.27478">
        <ele>2737.16</ele>
      </trkpt>
      <trkpt lat="6.98743" lon="125.27473">
        <ele>2742.11</ele>
      </trkpt>
      <trkpt lat="6.98743" lon="125.27471">
        <ele>2744.13</ele>
      </trkpt>
      <trkpt lat="6.98742" lon="125.2747">
        <ele>2745.47</ele>
      </trkpt>
      <trkpt lat="6.98737" lon="125.27467">
        <ele>2749.78</ele>
      </trkpt>
      <trkpt lat="6.98729" lon="125.2746">
        <ele>2758.15</ele>
      </trkpt>
      <trkpt lat="6.98727" lon="125.27458">
        <ele>2760.3</ele>
      </trkpt>
      <trkpt lat="6.98724" lon="125.27457">
        <ele>2761.53</ele>
      </trkpt>
      <trkpt lat="6.98721" lon="125.27456">
        <ele>2762.63</ele>
      </trkpt>
      <trkpt lat="6.98719" lon="125.27454">
        <ele>2764.41</ele>
      </trkpt>
      <trkpt lat="6.98716" lon="125.27452">
        <ele>2766.08</ele>
      </trkpt>
      <trkpt lat="6.98713" lon="125.2745">
        <ele>2767.6</ele>
      </trkpt>
      <trkpt lat="6.9871" lon="125.27447">
        <ele>2769.74</ele>
      </trkpt>
      <trkpt lat="6.98709" lon="125.27444">
        <ele>2771.69</ele>
      </trkpt>
      <trkpt lat="6.98708" lon="125.27444">
        <ele>2771.58</ele>
      </trkpt>
      <trkpt lat="6.98707" lon="125.27442">
        <ele>2772.01</ele>
      </trkpt>
      <trkpt lat="6.98705" lon="125.27441">
        <ele>2772.06</ele>
      </trkpt>
      <trkpt lat="6.98701" lon="125.27434">
        <ele>2773.43</ele>
      </trkpt>
      <trkpt lat="6.98699" lon="125.27431">
        <ele>2773.96</ele>
      </trkpt>
      <trkpt lat="6.98697" lon="125.2743">
        <ele>2773.96</ele>
      </trkpt>
      <trkpt lat="6.98694" lon="125.27431">
        <ele>2773.17</ele>
      </trkpt>
      <trkpt lat="6.98689" lon="125.27428">
        <ele>2771.52</ele>
      </trkpt>
      <trkpt lat="6.98686" lon="125.27428">
        <ele>2770.07</ele>
      </trkpt>
      <trkpt lat="6.98684" lon="125.27426">
        <ele>2769.63</ele>
      </trkpt>
      <trkpt lat="6.98681" lon="125.27425">
        <ele>2768.46</ele>
      </trkpt>
      <trkpt lat="6.9868" lon="125.27426">
        <ele>2767.71</ele>
      </trkpt>
      <trkpt lat="6.98678" lon="125.27426">
        <ele>2766.75</ele>
      </trkpt>
      <trkpt lat="6.98676" lon="125.27426">
        <ele>2765.79</ele>
      </trkpt>
      <trkpt lat="6.98673" lon="125.27426">
        <ele>2764.35</ele>
      </trkpt>
      <trkpt lat="6.98664" lon="125.27423">
        <ele>2761.25</ele>
      </trkpt>
      <trkpt lat="6.98657" lon="125.27419">
        <ele>2760.11</ele>
      </trkpt>
      <trkpt lat="6.9865" lon="125.27419">
        <ele>2757.78</ele>
      </trkpt>
      <trkpt lat="6.98645" lon="125.27416">
        <ele>2757.1</ele>
      </trkpt>
      <trkpt lat="6.98644" lon="125.27415">
        <ele>2756.94</ele>
      </trkpt>
      <trkpt lat="6.98644" lon="125.27415">
        <ele>2756.94</ele>
      </trkpt>
      <trkpt lat="6.98642" lon="125.27415">
        <ele>2756.27</ele>
      </trkpt>
      <trkpt lat="6.98639" lon="125.27416">
        <ele>2755.13</ele>
      </trkpt>
      <trkpt lat="6.98637" lon="125.27416">
        <ele>2754.43</ele>
      </trkpt>
      <trkpt lat="6.98632" lon="125.27414">
        <ele>2753.07</ele>
      </trkpt>
      <trkpt lat="6.98622" lon="125.27404">
        <ele>2752.68</ele>
      </trkpt>
      <trkpt lat="6.98622" lon="125.27404">
        <ele>2752.68</ele>
      </trkpt>
      <trkpt lat="6.98617" lon="125.27395">
        <ele>2754.54</ele>
      </trkpt>
      <trkpt lat="6.98617" lon="125.27395">
        <ele>2754.54</ele>
      </trkpt>
      <trkpt lat="6.98616" lon="125.27395">
        <ele>2754.38</ele>
      </trkpt>
      <trkpt lat="6.98616" lon="125.27394">
        <ele>2754.73</ele>
      </trkpt>
      <trkpt lat="6.98616" lon="125.27391">
        <ele>2755.79</ele>
      </trkpt>
      <trkpt lat="6.98618" lon="125.27389">
        <ele>2756.71</ele>
      </trkpt>
      <trkpt lat="6.98618" lon="125.27388">
        <ele>2757.67</ele>
      </trkpt>
      <trkpt lat="6.98616" lon="125.27385">
        <ele>2760.63</ele>
      </trkpt>
      <trkpt lat="6.98616" lon="125.27381">
        <ele>2764.85</ele>
      </trkpt>
      <trkpt lat="6.98618" lon="125.27379">
        <ele>2767.07</ele>
      </trkpt>
      <trkpt lat="6.98617" lon="125.27375">
        <ele>2771.21</ele>
      </trkpt>
      <trkpt lat="6.98617" lon="125.27373">
        <ele>2773.31</ele>
      </trkpt>
      <trkpt lat="6.98616" lon="125.2737">
        <ele>2776.45</ele>
      </trkpt>
      <trkpt lat="6.98617" lon="125.27368">
        <ele>2778.56</ele>
      </trkpt>
      <trkpt lat="6.98615" lon="125.27364">
        <ele>2782.8</ele>
      </trkpt>
      <trkpt lat="6.98615" lon="125.27363">
        <ele>2783.86</ele>
      </trkpt>
      <trkpt lat="6.98615" lon="125.27362">
        <ele>2784.92</ele>
      </trkpt>
      <trkpt lat="6.98612" lon="125.27361">
        <ele>2786.01</ele>
      </trkpt>
      <trkpt lat="6.98612" lon="125.27358">
        <ele>2787.27</ele>
      </trkpt>
      <trkpt lat="6.9861" lon="125.27356">
        <ele>2787.96</ele>
      </trkpt>
      <trkpt lat="6.98611" lon="125.27354">
        <ele>2788.81</ele>
      </trkpt>
      <trkpt lat="6.98611" lon="125.27354">
        <ele>2788.81</ele>
      </trkpt>
      <trkpt lat="6.9861" lon="125.27351">
        <ele>2789.92</ele>
      </trkpt>
      <trkpt lat="6.9861" lon="125.2735">
        <ele>2790.31</ele>
      </trkpt>
      <trkpt lat="6.98612" lon="125.27341">
        <ele>2794.4</ele>
      </trkpt>
      <trkpt lat="6.98614" lon="125.27337">
        <ele>2797.25</ele>
      </trkpt>
      <trkpt lat="6.98616" lon="125.27332">
        <ele>2801.58</ele>
      </trkpt>
      <trkpt lat="6.98616" lon="125.2733">
        <ele>2803.43</ele>
      </trkpt>
      <trkpt lat="6.98616" lon="125.27327">
        <ele>2806.2</ele>
      </trkpt>
      <trkpt lat="6.98619" lon="125.27323">
        <ele>2812.12</ele>
      </trkpt>
      <trkpt lat="6.98623" lon="125.27321">
        <ele>2816.99</ele>
      </trkpt>
      <trkpt lat="6.98625" lon="125.2732">
        <ele>2819.46</ele>
      </trkpt>
      <trkpt lat="6.98645" lon="125.27312">
        <ele>2839.78</ele>
      </trkpt>
      <trkpt lat="6.9865" lon="125.2731">
        <ele>2842.87</ele>
      </trkpt>
      <trkpt lat="6.98654" lon="125.27309">
        <ele>2844.66</ele>
      </trkpt>
      <trkpt lat="6.98652" lon="125.27305">
        <ele>2847.66</ele>
      </trkpt>
      <trkpt lat="6.98648" lon="125.27302">
        <ele>2848.69</ele>
      </trkpt>
      <trkpt lat="6.98644" lon="125.273">
        <ele>2849.39</ele>
      </trkpt>
      <trkpt lat="6.9864" lon="125.27297">
        <ele>2850.94</ele>
      </trkpt>
      <trkpt lat="6.98638" lon="125.27297">
        <ele>2850.29</ele>
      </trkpt>
      <trkpt lat="6.98635" lon="125.27292">
        <ele>2852.28</ele>
      </trkpt>
      <trkpt lat="6.98632" lon="125.27288">
        <ele>2854.13</ele>
      </trkpt>
      <trkpt lat="6.9863" lon="125.27284">
        <ele>2856.85</ele>
      </trkpt>
      <trkpt lat="6.9863" lon="125.27279">
        <ele>2861.31</ele>
      </trkpt>
      <trkpt lat="6.9863" lon="125.27278">
        <ele>2862.2</ele>
      </trkpt>
      <trkpt lat="6.98629" lon="125.27274">
        <ele>2864.14</ele>
      </trkpt>
      <trkpt lat="6.98626" lon="125.27271">
        <ele>2864.92</ele>
      </trkpt>
      <trkpt lat="6.98624" lon="125.27267">
        <ele>2866.25</ele>
      </trkpt>
      <trkpt lat="6.98615" lon="125.27253">
        <ele>2868.73</ele>
      </trkpt>
      <trkpt lat="6.98615" lon="125.27253">
        <ele>2868.73</ele>
      </trkpt>
      <trkpt lat="6.98614" lon="125.27249">
        <ele>2869.84</ele>
      </trkpt>
      <trkpt lat="6.98613" lon="125.27247">
        <ele>2870.39</ele>
      </trkpt>
      <trkpt lat="6.98613" lon="125.27241">
        <ele>2873.41</ele>
      </trkpt>
      <trkpt lat="6.98612" lon="125.27239">
        <ele>2874.17</ele>
      </trkpt>
      <trkpt lat="6.98611" lon="125.27235">
        <ele>2876.09</ele>
      </trkpt>
      <trkpt lat="6.98608" lon="125.27229">
        <ele>2879.14</ele>
      </trkpt>
      <trkpt lat="6.98606" lon="125.27225">
        <ele>2881.15</ele>
      </trkpt>
      <trkpt lat="6.98607" lon="125.27223">
        <ele>2882.29</ele>
      </trkpt>
      <trkpt lat="6.98607" lon="125.27222">
        <ele>2882.82</ele>
      </trkpt>
      <trkpt lat="6.98604" lon="125.27218">
        <ele>2884.49</ele>
      </trkpt>
      <trkpt lat="6.98602" lon="125.27215">
        <ele>2885.57</ele>
      </trkpt>
      <trkpt lat="6.986" lon="125.27213">
        <ele>2886.05</ele>
      </trkpt>
      <trkpt lat="6.98593" lon="125.27211">
        <ele>2885.26</ele>
      </trkpt>
      <trkpt lat="6.98589" lon="125.27206">
        <ele>2885.64</ele>
      </trkpt>
      <trkpt lat="6.98585" lon="125.27203">
        <ele>2885.04</ele>
      </trkpt>
      <trkpt lat="6.98581" lon="125.272">
        <ele>2884.26</ele>
      </trkpt>
      <trkpt lat="6.98579" lon="125.27195">
        <ele>2884.64</ele>
      </trkpt>
      <trkpt lat="6.98579" lon="125.2719">
        <ele>2887.12</ele>
      </trkpt>
      <trkpt lat="6.98579" lon="125.27186">
        <ele>2889.26</ele>
      </trkpt>
      <trkpt lat="6.98578" lon="125.27181">
        <ele>2891.39</ele>
      </trkpt>
      <trkpt lat="6.98578" lon="125.2718">
        <ele>2891.91</ele>
      </trkpt>
      <trkpt lat="6.98578" lon="125.27181">
        <ele>2891.39</ele>
      </trkpt>
      <trkpt lat="6.98579" lon="125.27186">
        <ele>2889.26</ele>
      </trkpt>
      <trkpt lat="6.98579" lon="125.2719">
        <ele>2887.12</ele>
      </trkpt>
      <trkpt lat="6.98579" lon="125.27195">
        <ele>2884.64</ele>
      </trkpt>
      <trkpt lat="6.98581" lon="125.272">
        <ele>2884.26</ele>
      </trkpt>
      <trkpt lat="6.98585" lon="125.27203">
        <ele>2885.04</ele>
      </trkpt>
      <trkpt lat="6.98589" lon="125.27206">
        <ele>2885.64</ele>
      </trkpt>
      <trkpt lat="6.98593" lon="125.27211">
        <ele>2885.26</ele>
      </trkpt>
      <trkpt lat="6.986" lon="125.27213">
        <ele>2886.05</ele>
      </trkpt>
      <trkpt lat="6.98602" lon="125.27215">
        <ele>2885.57</ele>
      </trkpt>
      <trkpt lat="6.98604" lon="125.27218">
        <ele>2884.49</ele>
      </trkpt>
      <trkpt lat="6.98607" lon="125.27222">
        <ele>2882.82</ele>
      </trkpt>
      <trkpt lat="6.98607" lon="125.27223">
        <ele>2882.29</ele>
      </trkpt>
      <trkpt lat="6.98606" lon="125.27225">
        <ele>2881.15</ele>
      </trkpt>
      <trkpt lat="6.98608" lon="125.27229">
        <ele>2879.14</ele>
      </trkpt>
      <trkpt lat="6.98611" lon="125.27235">
        <ele>2876.09</ele>
      </trkpt>
      <trkpt lat="6.98612" lon="125.27239">
        <ele>2874.17</ele>
      </trkpt>
      <trkpt lat="6.98613" lon="125.27241">
        <ele>2873.41</ele>
      </trkpt>
      <trkpt lat="6.98613" lon="125.27247">
        <ele>2870.39</ele>
      </trkpt>
      <trkpt lat="6.98614" lon="125.27249">
        <ele>2869.84</ele>
      </trkpt>
      <trkpt lat="6.98615" lon="125.27253">
        <ele>2868.73</ele>
      </trkpt>
      <trkpt lat="6.98615" lon="125.27253">
        <ele>2868.73</ele>
      </trkpt>
      <trkpt lat="6.98624" lon="125.27267">
        <ele>2866.25</ele>
      </trkpt>
      <trkpt lat="6.98626" lon="125.27271">
        <ele>2864.92</ele>
      </trkpt>
      <trkpt lat="6.98629" lon="125.27274">
        <ele>2864.14</ele>
      </trkpt>
      <trkpt lat="6.9863" lon="125.27278">
        <ele>2862.2</ele>
      </trkpt>
      <trkpt lat="6.9863" lon="125.27279">
        <ele>2861.31</ele>
      </trkpt>
      <trkpt lat="6.9863" lon="125.27284">
        <ele>2856.85</ele>
      </trkpt>
      <trkpt lat="6.98632" lon="125.27288">
        <ele>2854.13</ele>
      </trkpt>
      <trkpt lat="6.98635" lon="125.27292">
        <ele>2852.28</ele>
      </trkpt>
      <trkpt lat="6.98638" lon="125.27297">
        <ele>2850.29</ele>
      </trkpt>
      <trkpt lat="6.9864" lon="125.27297">
        <ele>2850.94</ele>
      </trkpt>
      <trkpt lat="6.98644" lon="125.273">
        <ele>2849.39</ele>
      </trkpt>
      <trkpt lat="6.98648" lon="125.27302">
        <ele>2848.69</ele>
      </trkpt>
      <trkpt lat="6.98652" lon="125.27305">
        <ele>2847.66</ele>
      </trkpt>
      <trkpt lat="6.98654" lon="125.27309">
        <ele>2844.66</ele>
      </trkpt>
      <trkpt lat="6.9865" lon="125.2731">
        <ele>2842.87</ele>
      </trkpt>
      <trkpt lat="6.98645" lon="125.27312">
        <ele>2839.78</ele>
      </trkpt>
      <trkpt lat="6.98625" lon="125.2732">
        <ele>2819.46</ele>
      </trkpt>
      <trkpt lat="6.98623" lon="125.27321">
        <ele>2816.99</ele>
      </trkpt>
      <trkpt lat="6.98619" lon="125.27323">
        <ele>2812.12</ele>
      </trkpt>
      <trkpt lat="6.98616" lon="125.27327">
        <ele>2806.2</ele>
      </trkpt>
      <trkpt lat="6.98616" lon="125.2733">
        <ele>2803.43</ele>
      </trkpt>
      <trkpt lat="6.98616" lon="125.27332">
        <ele>2801.58</ele>
      </trkpt>
      <trkpt lat="6.98614" lon="125.27337">
        <ele>2797.25</ele>
      </trkpt>
      <trkpt lat="6.98612" lon="125.27341">
        <ele>2794.4</ele>
      </trkpt>
      <trkpt lat="6.9861" lon="125.2735">
        <ele>2790.31</ele>
      </trkpt>
      <trkpt lat="6.9861" lon="125.27351">
        <ele>2789.92</ele>
      </trkpt>
      <trkpt lat="6.98611" lon="125.27354">
        <ele>2788.81</ele>
      </trkpt>
      <trkpt lat="6.98611" lon="125.27354">
        <ele>2788.81</ele>
      </trkpt>
      <trkpt lat="6.9861" lon="125.27356">
        <ele>2787.96</ele>
      </trkpt>
      <trkpt lat="6.98612" lon="125.27358">
        <ele>2787.27</ele>
      </trkpt>
      <trkpt lat="6.98612" lon="125.27361">
        <ele>2786.01</ele>
      </trkpt>
      <trkpt lat="6.98615" lon="125.27362">
        <ele>2784.92</ele>
      </trkpt>
      <trkpt lat="6.98615" lon="125.27363">
        <ele>2783.86</ele>
      </trkpt>
      <trkpt lat="6.98615" lon="125.27364">
        <ele>2782.8</ele>
      </trkpt>
      <trkpt lat="6.98617" lon="125.27368">
        <ele>2778.56</ele>
      </trkpt>
      <trkpt lat="6.98616" lon="125.2737">
        <ele>2776.45</ele>
      </trkpt>
      <trkpt lat="6.98617" lon="125.27373">
        <ele>2773.31</ele>
      </trkpt>
      <trkpt lat="6.98617" lon="125.27375">
        <ele>2771.21</ele>
      </trkpt>
      <trkpt lat="6.98618" lon="125.27379">
        <ele>2767.07</ele>
      </trkpt>
      <trkpt lat="6.98616" lon="125.27381">
        <ele>2764.85</ele>
      </trkpt>
      <trkpt lat="6.98616" lon="125.27385">
        <ele>2760.63</ele>
      </trkpt>
      <trkpt lat="6.98618" lon="125.27388">
        <ele>2757.67</ele>
      </trkpt>
      <trkpt lat="6.98618" lon="125.27389">
        <ele>2756.71</ele>
      </trkpt>
      <trkpt lat="6.98616" lon="125.27391">
        <ele>2755.79</ele>
      </trkpt>
      <trkpt lat="6.98616" lon="125.27394">
        <ele>2754.73</ele>
      </trkpt>
      <trkpt lat="6.98616" lon="125.27395">
        <ele>2754.38</ele>
      </trkpt>
      <trkpt lat="6.98617" lon="125.27395">
        <ele>2754.54</ele>
      </trkpt>
      <trkpt lat="6.98617" lon="125.27395">
        <ele>2754.54</ele>
      </trkpt>
      <trkpt lat="6.98622" lon="125.27404">
        <ele>2752.68</ele>
      </trkpt>
      <trkpt lat="6.98622" lon="125.27404">
        <ele>2752.68</ele>
      </trkpt>
      <trkpt lat="6.98632" lon="125.27414">
        <ele>2753.07</ele>
      </trkpt>
      <trkpt lat="6.98637" lon="125.27416">
        <ele>2754.43</ele>
      </trkpt>
      <trkpt lat="6.98639" lon="125.27416">
        <ele>2755.13</ele>
      </trkpt>
      <trkpt lat="6.98642" lon="125.27415">
        <ele>2756.27</ele>
      </trkpt>
      <trkpt lat="6.98644" lon="125.27415">
        <ele>2756.94</ele>
      </trkpt>
      <trkpt lat="6.98644" lon="125.27415">
        <ele>2756.94</ele>
      </trkpt>
      <trkpt lat="6.98645" lon="125.27416">
        <ele>2757.1</ele>
      </trkpt>
      <trkpt lat="6.9865" lon="125.27419">
        <ele>2757.78</ele>
      </trkpt>
      <trkpt lat="6.98657" lon="125.27419">
        <ele>2760.11</ele>
      </trkpt>
      <trkpt lat="6.98664" lon="125.27423">
        <ele>2761.25</ele>
      </trkpt>
      <trkpt lat="6.98673" lon="125.27426">
        <ele>2764.35</ele>
      </trkpt>
      <trkpt lat="6.98676" lon="125.27426">
        <ele>2765.79</ele>
      </trkpt>
      <trkpt lat="6.98678" lon="125.27426">
        <ele>2766.75</ele>
      </trkpt>
      <trkpt lat="6.9868" lon="125.27426">
        <ele>2767.71</ele>
      </trkpt>
      <trkpt lat="6.98681" lon="125.27425">
        <ele>2768.46</ele>
      </trkpt>
      <trkpt lat="6.98684" lon="125.27426">
        <ele>2769.63</ele>
      </trkpt>
      <trkpt lat="6.98686" lon="125.27428">
        <ele>2770.07</ele>
      </trkpt>
      <trkpt lat="6.98689" lon="125.27428">
        <ele>2771.52</ele>
      </trkpt>
      <trkpt lat="6.98694" lon="125.27431">
        <ele>2773.17</ele>
      </trkpt>
      <trkpt lat="6.98697" lon="125.2743">
        <ele>2773.96</ele>
      </trkpt>
      <trkpt lat="6.98699" lon="125.27431">
        <ele>2773.96</ele>
      </trkpt>
      <trkpt lat="6.98701" lon="125.27434">
        <ele>2773.43</ele>
      </trkpt>
      <trkpt lat="6.98705" lon="125.27441">
        <ele>2772.06</ele>
      </trkpt>
      <trkpt lat="6.98707" lon="125.27442">
        <ele>2772.01</ele>
      </trkpt>
      <trkpt lat="6.98708" lon="125.27444">
        <ele>2771.58</ele>
      </trkpt>
      <trkpt lat="6.98709" lon="125.27444">
        <ele>2771.69</ele>
      </trkpt>
      <trkpt lat="6.9871" lon="125.27447">
        <ele>2769.74</ele>
      </trkpt>
      <trkpt lat="6.98713" lon="125.2745">
        <ele>2767.6</ele>
      </trkpt>
      <trkpt lat="6.98716" lon="125.27452">
        <ele>2766.08</ele>
      </trkpt>
      <trkpt lat="6.98719" lon="125.27454">
        <ele>2764.41</ele>
      </trkpt>
      <trkpt lat="6.98721" lon="125.27456">
        <ele>2762.63</ele>
      </trkpt>
      <trkpt lat="6.98724" lon="125.27457">
        <ele>2761.53</ele>
      </trkpt>
      <trkpt lat="6.98727" lon="125.27458">
        <ele>2760.3</ele>
      </trkpt>
      <trkpt lat="6.98729" lon="125.2746">
        <ele>2758.15</ele>
      </trkpt>
      <trkpt lat="6.98737" lon="125.27467">
        <ele>2749.78</ele>
      </trkpt>
      <trkpt lat="6.98742" lon="125.2747">
        <ele>2745.47</ele>
      </trkpt>
      <trkpt lat="6.98743" lon="125.27471">
        <ele>2744.13</ele>
      </trkpt>
      <trkpt lat="6.98743" lon="125.27473">
        <ele>2742.11</ele>
      </trkpt>
      <trkpt lat="6.98746" lon="125.27478">
        <ele>2737.16</ele>
      </trkpt>
      <trkpt lat="6.98752" lon="125.27482">
        <ele>2731.43</ele>
      </trkpt>
      <trkpt lat="6.98758" lon="125.2749">
        <ele>2720.95</ele>
      </trkpt>
      <trkpt lat="6.98758" lon="125.27492">
        <ele>2719.44</ele>
      </trkpt>
      <trkpt lat="6.98762" lon="125.27495">
        <ele>2714.68</ele>
      </trkpt>
      <trkpt lat="6.98764" lon="125.27499">
        <ele>2710.64</ele>
      </trkpt>
      <trkpt lat="6.98763" lon="125.27502">
        <ele>2710.78</ele>
      </trkpt>
      <trkpt lat="6.98765" lon="125.27509">
        <ele>2710.79</ele>
      </trkpt>
      <trkpt lat="6.98765" lon="125.27513">
        <ele>2711.42</ele>
      </trkpt>
      <trkpt lat="6.98766" lon="125.27516">
        <ele>2711.53</ele>
      </trkpt>
      <trkpt lat="6.98766" lon="125.27519">
        <ele>2712.04</ele>
      </trkpt>
      <trkpt lat="6.98767" lon="125.27521">
        <ele>2712.08</ele>
      </trkpt>
      <trkpt lat="6.98767" lon="125.27525">
        <ele>2712.82</ele>
      </trkpt>
      <trkpt lat="6.98768" lon="125.27527">
        <ele>2712.96</ele>
      </trkpt>
      <trkpt lat="6.98768" lon="125.2753">
        <ele>2714.17</ele>
      </trkpt>
      <trkpt lat="6.98764" lon="125.2754">
        <ele>2719.48</ele>
      </trkpt>
      <trkpt lat="6.98763" lon="125.27542">
        <ele>2720.51</ele>
      </trkpt>
      <trkpt lat="6.98763" lon="125.27545">
        <ele>2721.84</ele>
      </trkpt>
      <trkpt lat="6.98763" lon="125.27548">
        <ele>2723.18</ele>
      </trkpt>
      <trkpt lat="6.98762" lon="125.27551">
        <ele>2724.57</ele>
      </trkpt>
      <trkpt lat="6.98759" lon="125.27552">
        <ele>2725.19</ele>
      </trkpt>
      <trkpt lat="6.98759" lon="125.27554">
        <ele>2726.03</ele>
      </trkpt>
      <trkpt lat="6.98759" lon="125.27562">
        <ele>2730.66</ele>
      </trkpt>
      <trkpt lat="6.9876" lon="125.27565">
        <ele>2732.68</ele>
      </trkpt>
      <trkpt lat="6.98759" lon="125.27567">
        <ele>2733.76</ele>
      </trkpt>
      <trkpt lat="6.98762" lon="125.27571">
        <ele>2737.08</ele>
      </trkpt>
      <trkpt lat="6.98761" lon="125.27572">
        <ele>2737.46</ele>
      </trkpt>
      <trkpt lat="6.98762" lon="125.27574">
        <ele>2739.13</ele>
      </trkpt>
      <trkpt lat="6.98761" lon="125.27576">
        <ele>2740.1</ele>
      </trkpt>
      <trkpt lat="6.98761" lon="125.2758">
        <ele>2742.74</ele>
      </trkpt>
      <trkpt lat="6.98761" lon="125.27585">
        <ele>2744.54</ele>
      </trkpt>
      <trkpt lat="6.98762" lon="125.27588">
        <ele>2744.35</ele>
      </trkpt>
      <trkpt lat="6.98762" lon="125.2759">
        <ele>2743.87</ele>
      </trkpt>
      <trkpt lat="6.98762" lon="125.27592">
        <ele>2743.38</ele>
      </trkpt>
      <trkpt lat="6.98761" lon="125.27594">
        <ele>2742.41</ele>
      </trkpt>
      <trkpt lat="6.98763" lon="125.27597">
        <ele>2742.64</ele>
      </trkpt>
      <trkpt lat="6.98763" lon="125.27598">
        <ele>2742.39</ele>
      </trkpt>
      <trkpt lat="6.98763" lon="125.276">
        <ele>2741.9</ele>
      </trkpt>
      <trkpt lat="6.98761" lon="125.27602">
        <ele>2740.52</ele>
      </trkpt>
      <trkpt lat="6.98762" lon="125.27605">
        <ele>2740.23</ele>
      </trkpt>
      <trkpt lat="6.98762" lon="125.27606">
        <ele>2739.99</ele>
      </trkpt>
      <trkpt lat="6.98762" lon="125.27608">
        <ele>2739.51</ele>
      </trkpt>
      <trkpt lat="6.98762" lon="125.27609">
        <ele>2739.26</ele>
      </trkpt>
      <trkpt lat="6.98761" lon="125.27612">
        <ele>2738.0</ele>
      </trkpt>
      <trkpt lat="6.98759" lon="125.27616">
        <ele>2735.63</ele>
      </trkpt>
      <trkpt lat="6.98759" lon="125.27622">
        <ele>2733.25</ele>
      </trkpt>
      <trkpt lat="6.98754" lon="125.27632">
        <ele>2727.31</ele>
      </trkpt>
      <trkpt lat="6.98754" lon="125.27634">
        <ele>2726.52</ele>
      </trkpt>
      <trkpt lat="6.98751" lon="125.27638">
        <ele>2723.75</ele>
      </trkpt>
      <trkpt lat="6.98749" lon="125.27639">
        <ele>2722.82</ele>
      </trkpt>
      <trkpt lat="6.98747" lon="125.27641">
        <ele>2721.77</ele>
      </trkpt>
      <trkpt lat="6.98746" lon="125.27643">
        <ele>2720.84</ele>
      </trkpt>
      <trkpt lat="6.98745" lon="125.27645">
        <ele>2719.88</ele>
      </trkpt>
      <trkpt lat="6.98744" lon="125.27646">
        <ele>2719.3</ele>
      </trkpt>
      <trkpt lat="6.98741" lon="125.2765">
        <ele>2717.06</ele>
      </trkpt>
      <trkpt lat="6.98739" lon="125.27656">
        <ele>2714.04</ele>
      </trkpt>
      <trkpt lat="6.98737" lon="125.27659">
        <ele>2712.19</ele>
      </trkpt>
      <trkpt lat="6.9873" lon="125.27665">
        <ele>2707.34</ele>
      </trkpt>
      <trkpt lat="6.98728" lon="125.27666">
        <ele>2706.21</ele>
      </trkpt>
      <trkpt lat="6.98724" lon="125.27677">
        <ele>2701.67</ele>
      </trkpt>
      <trkpt lat="6.98718" lon="125.27685">
        <ele>2697.0</ele>
      </trkpt>
      <trkpt lat="6.98717" lon="125.27685">
        <ele>2696.6</ele>
      </trkpt>
      <trkpt lat="6.98714" lon="125.27688">
        <ele>2694.35</ele>
      </trkpt>
      <trkpt lat="6.98709" lon="125.27695">
        <ele>2689.6</ele>
      </trkpt>
      <trkpt lat="6.98707" lon="125.27697">
        <ele>2687.9</ele>
      </trkpt>
      <trkpt lat="6.98704" lon="125.277">
        <ele>2685.28</ele>
      </trkpt>
      <trkpt lat="6.98702" lon="125.27706">
        <ele>2681.88</ele>
      </trkpt>
      <trkpt lat="6.987" lon="125.27709">
        <ele>2679.63</ele>
      </trkpt>
      <trkpt lat="6.98697" lon="125.27712">
        <ele>2676.79</ele>
      </trkpt>
      <trkpt lat="6.98695" lon="125.27715">
        <ele>2674.42</ele>
      </trkpt>
      <trkpt lat="6.98693" lon="125.27719">
        <ele>2671.58</ele>
      </trkpt>
      <trkpt lat="6.9869" lon="125.27723">
        <ele>2668.09</ele>
      </trkpt>
      <trkpt lat="6.98689" lon="125.27728">
        <ele>2665.2</ele>
      </trkpt>
      <trkpt lat="6.98686" lon="125.27731">
        <ele>2661.96</ele>
      </trkpt>
      <trkpt lat="6.98683" lon="125.27732">
        <ele>2659.6</ele>
      </trkpt>
      <trkpt lat="6.98678" lon="125.27734">
        <ele>2655.44</ele>
      </trkpt>
      <trkpt lat="6.98673" lon="125.27738">
        <ele>2650.08</ele>
      </trkpt>
      <trkpt lat="6.98671" lon="125.27739">
        <ele>2648.21</ele>
      </trkpt>
      <trkpt lat="6.98665" lon="125.27744">
        <ele>2642.11</ele>
      </trkpt>
      <trkpt lat="6.98662" lon="125.27744">
        <ele>2641.48</ele>
      </trkpt>
      <trkpt lat="6.98659" lon="125.27745">
        <ele>2640.27</ele>
      </trkpt>
      <trkpt lat="6.98656" lon="125.27746">
        <ele>2639.06</ele>
      </trkpt>
      <trkpt lat="6.98654" lon="125.27745">
        <ele>2639.23</ele>
      </trkpt>
      <trkpt lat="6.98651" lon="125.27746">
        <ele>2638.0</ele>
      </trkpt>
      <trkpt lat="6.98647" lon="125.27749">
        <ele>2635.35</ele>
      </trkpt>
      <trkpt lat="6.98646" lon="125.2775">
        <ele>2634.54</ele>
      </trkpt>
      <trkpt lat="6.98641" lon="125.27755">
        <ele>2631.68</ele>
      </trkpt>
      <trkpt lat="6.98639" lon="125.27759">
        <ele>2629.79</ele>
      </trkpt>
      <trkpt lat="6.98637" lon="125.27761">
        <ele>2628.58</ele>
      </trkpt>
      <trkpt lat="6.98633" lon="125.27767">
        <ele>2625.35</ele>
      </trkpt>
      <trkpt lat="6.9863" lon="125.27769">
        <ele>2623.8</ele>
      </trkpt>
      <trkpt lat="6.98629" lon="125.27771">
        <ele>2622.77</ele>
      </trkpt>
      <trkpt lat="6.98623" lon="125.27774">
        <ele>2619.94</ele>
      </trkpt>
      <trkpt lat="6.98621" lon="125.27774">
        <ele>2619.38</ele>
      </trkpt>
      <trkpt lat="6.98618" lon="125.27775">
        <ele>2618.13</ele>
      </trkpt>
      <trkpt lat="6.98613" lon="125.27775">
        <ele>2616.73</ele>
      </trkpt>
      <trkpt lat="6.98611" lon="125.27776">
        <ele>2615.74</ele>
      </trkpt>
      <trkpt lat="6.98608" lon="125.27778">
        <ele>2614.01</ele>
      </trkpt>
      <trkpt lat="6.98605" lon="125.27779">
        <ele>2612.7</ele>
      </trkpt>
      <trkpt lat="6.98604" lon="125.27781">
        <ele>2611.53</ele>
      </trkpt>
      <trkpt lat="6.98602" lon="125.27782">
        <ele>2610.5</ele>
      </trkpt>
      <trkpt lat="6.98595" lon="125.27788">
        <ele>2605.73</ele>
      </trkpt>
      <trkpt lat="6.98592" lon="125.27791">
        <ele>2603.46</ele>
      </trkpt>
      <trkpt lat="6.98589" lon="125.27794">
        <ele>2601.16</ele>
      </trkpt>
      <trkpt lat="6.98587" lon="125.27796">
        <ele>2599.61</ele>
      </trkpt>
      <trkpt lat="6.98586" lon="125.27799">
        <ele>2597.91</ele>
      </trkpt>
      <trkpt lat="6.98585" lon="125.27804">
        <ele>2595.26</ele>
      </trkpt>
      <trkpt lat="6.98583" lon="125.2781">
        <ele>2591.65</ele>
      </trkpt>
      <trkpt lat="6.9858" lon="125.27814">
        <ele>2588.63</ele>
      </trkpt>
      <trkpt lat="6.98579" lon="125.27815">
        <ele>2587.78</ele>
      </trkpt>
      <trkpt lat="6.98579" lon="125.27815">
        <ele>2587.78</ele>
      </trkpt>
      <trkpt lat="6.98576" lon="125.2782">
        <ele>2584.21</ele>
      </trkpt>
      <trkpt lat="6.98575" lon="125.27821">
        <ele>2583.35</ele>
      </trkpt>
      <trkpt lat="6.98572" lon="125.27825">
        <ele>2580.24</ele>
      </trkpt>
      <trkpt lat="6.9857" lon="125.27829">
        <ele>2577.46</ele>
      </trkpt>
      <trkpt lat="6.98571" lon="125.27834">
        <ele>2575.19</ele>
      </trkpt>
      <trkpt lat="6.9857" lon="125.27839">
        <ele>2572.03</ele>
      </trkpt>
      <trkpt lat="6.98566" lon="125.27841">
        <ele>2569.52</ele>
      </trkpt>
      <trkpt lat="6.98561" lon="125.27843">
        <ele>2566.67</ele>
      </trkpt>
      <trkpt lat="6.9855" lon="125.27848">
        <ele>2560.09</ele>
      </trkpt>
      <trkpt lat="6.9855" lon="125.27849">
        <ele>2559.57</ele>
      </trkpt>
      <trkpt lat="6.9854" lon="125.27857">
        <ele>2552.01</ele>
      </trkpt>
      <trkpt lat="6.98539" lon="125.27857">
        <ele>2551.68</ele>
      </trkpt>
      <trkpt lat="6.98536" lon="125.27861">
        <ele>2548.72</ele>
      </trkpt>
      <trkpt lat="6.98533" lon="125.27865">
        <ele>2545.71</ele>
      </trkpt>
      <trkpt lat="6.98532" lon="125.2787">
        <ele>2542.84</ele>
      </trkpt>
      <trkpt lat="6.9853" lon="125.27875">
        <ele>2539.68</ele>
      </trkpt>
      <trkpt lat="6.98529" lon="125.2788">
        <ele>2536.85</ele>
      </trkpt>
      <trkpt lat="6.98527" lon="125.27885">
        <ele>2533.73</ele>
      </trkpt>
      <trkpt lat="6.98523" lon="125.27887">
        <ele>2531.55</ele>
      </trkpt>
      <trkpt lat="6.98518" lon="125.2789">
        <ele>2528.64</ele>
      </trkpt>
      <trkpt lat="6.98516" lon="125.27895">
        <ele>2525.62</ele>
      </trkpt>
      <trkpt lat="6.98515" lon="125.279">
        <ele>2522.9</ele>
      </trkpt>
      <trkpt lat="6.98514" lon="125.27905">
        <ele>2520.2</ele>
      </trkpt>
      <trkpt lat="6.9851" lon="125.27912">
        <ele>2515.76</ele>
      </trkpt>
      <trkpt lat="6.98508" lon="125.27914">
        <ele>2514.29</ele>
      </trkpt>
      <trkpt lat="6.98504" lon="125.27916">
        <ele>2512.32</ele>
      </trkpt>
      <trkpt lat="6.985" lon="125.2792">
        <ele>2509.08</ele>
      </trkpt>
      <trkpt lat="6.98498" lon="125.27925">
        <ele>2505.88</ele>
      </trkpt>
      <trkpt lat="6.98497" lon="125.27929">
        <ele>2503.45</ele>
      </trkpt>
      <trkpt lat="6.98496" lon="125.27935">
        <ele>2499.91</ele>
      </trkpt>
      <trkpt lat="6.98489" lon="125.27943">
        <ele>2494.6</ele>
      </trkpt>
      <trkpt lat="6.98488" lon="125.27944">
        <ele>2493.95</ele>
      </trkpt>
      <trkpt lat="6.98486" lon="125.27948">
        <ele>2491.51</ele>
      </trkpt>
      <trkpt lat="6.98484" lon="125.27953">
        <ele>2488.57</ele>
      </trkpt>
      <trkpt lat="6.98482" lon="125.27958">
        <ele>2485.71</ele>
      </trkpt>
      <trkpt lat="6.98481" lon="125.27963">
        <ele>2482.96</ele>
      </trkpt>
      <trkpt lat="6.9848" lon="125.27967">
        <ele>2480.79</ele>
      </trkpt>
      <trkpt lat="6.98477" lon="125.27971">
        <ele>2478.64</ele>
      </trkpt>
      <trkpt lat="6.9847" lon="125.27982">
        <ele>2473.48</ele>
      </trkpt>
      <trkpt lat="6.98468" lon="125.27986">
        <ele>2471.7</ele>
      </trkpt>
      <trkpt lat="6.98469" lon="125.2799">
        <ele>2469.83</ele>
      </trkpt>
      <trkpt lat="6.98469" lon="125.27992">
        <ele>2468.91</ele>
      </trkpt>
      <trkpt lat="6.98469" lon="125.27997">
        <ele>2466.61</ele>
      </trkpt>
      <trkpt lat="6.98468" lon="125.28005">
        <ele>2463.38</ele>
      </trkpt>
      <trkpt lat="6.98469" lon="125.28011">
        <ele>2460.97</ele>
      </trkpt>
      <trkpt lat="6.98467" lon="125.28019">
        <ele>2458.11</ele>
      </trkpt>
      <trkpt lat="6.98467" lon="125.28023">
        <ele>2456.58</ele>
      </trkpt>
      <trkpt lat="6.98466" lon="125.28025">
        <ele>2455.95</ele>
      </trkpt>
      <trkpt lat="6.98465" lon="125.28026">
        <ele>2455.71</ele>
      </trkpt>
      <trkpt lat="6.98465" lon="125.28032">
        <ele>2453.56</ele>
      </trkpt>
      <trkpt lat="6.98465" lon="125.28038">
        <ele>2451.46</ele>
      </trkpt>
      <trkpt lat="6.98464" lon="125.28045">
        <ele>2449.17</ele>
      </trkpt>
      <trkpt lat="6.98462" lon="125.28048">
        <ele>2448.46</ele>
      </trkpt>
      <trkpt lat="6.98462" lon="125.28051">
        <ele>2447.42</ele>
      </trkpt>
      <trkpt lat="6.98461" lon="125.28053">
        <ele>2446.9</ele>
      </trkpt>
      <trkpt lat="6.98457" lon="125.28057">
        <ele>2446.22</ele>
      </trkpt>
      <trkpt lat="6.98453" lon="125.28059">
        <ele>2446.27</ele>
      </trkpt>
      <trkpt lat="6.98453" lon="125.28059">
        <ele>2446.27</ele>
      </trkpt>
      <trkpt lat="6.98452" lon="125.2806">
        <ele>2446.11</ele>
      </trkpt>
      <trkpt lat="6.98451" lon="125.28062">
        <ele>2445.62</ele>
      </trkpt>
      <trkpt lat="6.98449" lon="125.28065">
        <ele>2445.01</ele>
      </trkpt>
      <trkpt lat="6.9845" lon="125.28068">
        <ele>2443.79</ele>
      </trkpt>
      <trkpt lat="6.98452" lon="125.28068">
        <ele>2443.36</ele>
      </trkpt>
      <trkpt lat="6.98453" lon="125.2807">
        <ele>2442.46</ele>
      </trkpt>
      <trkpt lat="6.98453" lon="125.28071">
        <ele>2442.11</ele>
      </trkpt>
      <trkpt lat="6.98452" lon="125.28073">
        <ele>2441.65</ele>
      </trkpt>
      <trkpt lat="6.98452" lon="125.28074">
        <ele>2441.3</ele>
      </trkpt>
      <trkpt lat="6.98454" lon="125.28078">
        <ele>2439.45</ele>
      </trkpt>
      <trkpt lat="6.98453" lon="125.28083">
        <ele>2437.96</ele>
      </trkpt>
      <trkpt lat="6.98452" lon="125.28089">
        <ele>2433.01</ele>
      </trkpt>
      <trkpt lat="6.98451" lon="125.28091">
        <ele>2431.43</ele>
      </trkpt>
      <trkpt lat="6.98452" lon="125.28095">
        <ele>2427.63</ele>
      </trkpt>
      <trkpt lat="6.98453" lon="125.28097">
        <ele>2425.66</ele>
      </trkpt>
      <trkpt lat="6.98453" lon="125.28099">
        <ele>2423.87</ele>
      </trkpt>
      <trkpt lat="6.98452" lon="125.28105">
        <ele>2418.66</ele>
      </trkpt>
      <trkpt lat="6.98452" lon="125.28106">
        <ele>2417.77</ele>
      </trkpt>
      <trkpt lat="6.98455" lon="125.2811">
        <ele>2413.84</ele>
      </trkpt>
      <trkpt lat="6.98456" lon="125.28112">
        <ele>2411.96</ele>
      </trkpt>
      <trkpt lat="6.98456" lon="125.28114">
        <ele>2410.18</ele>
      </trkpt>
      <trkpt lat="6.98457" lon="125.28119">
        <ele>2405.65</ele>
      </trkpt>
      <trkpt lat="6.98457" lon="125.28129">
        <ele>2396.77</ele>
      </trkpt>
      <trkpt lat="6.98456" lon="125.28134">
        <ele>2392.36</ele>
      </trkpt>
      <trkpt lat="6.98456" lon="125.28136">
        <ele>2390.57</ele>
      </trkpt>
      <trkpt lat="6.98457" lon="125.28137">
        <ele>2389.68</ele>
      </trkpt>
      <trkpt lat="6.98457" lon="125.28137">
        <ele>2389.68</ele>
      </trkpt>
      <trkpt lat="6.9846" lon="125.2814">
        <ele>2387.05</ele>
      </trkpt>
      <trkpt lat="6.98463" lon="125.28144">
        <ele>2383.71</ele>
      </trkpt>
      <trkpt lat="6.98464" lon="125.28148">
        <ele>2380.4</ele>
      </trkpt>
      <trkpt lat="6.98462" lon="125.28153">
        <ele>2376.08</ele>
      </trkpt>
      <trkpt lat="6.9846" lon="125.28157">
        <ele>2372.51</ele>
      </trkpt>
      <trkpt lat="6.98456" lon="125.28159">
        <ele>2370.38</ele>
      </trkpt>
      <trkpt lat="6.98441" lon="125.28169">
        <ele>2360.46</ele>
      </trkpt>
      <trkpt lat="6.9844" lon="125.2817">
        <ele>2359.86</ele>
      </trkpt>
      <trkpt lat="6.98435" lon="125.28172">
        <ele>2358.14</ele>
      </trkpt>
      <trkpt lat="6.98431" lon="125.28174">
        <ele>2356.51</ele>
      </trkpt>
      <trkpt lat="6.98427" lon="125.28178">
        <ele>2353.82</ele>
      </trkpt>
      <trkpt lat="6.98425" lon="125.28183">
        <ele>2350.91</ele>
      </trkpt>
      <trkpt lat="6.98422" lon="125.28187">
        <ele>2348.21</ele>
      </trkpt>
      <trkpt lat="6.98418" lon="125.28188">
        <ele>2346.78</ele>
      </trkpt>
      <trkpt lat="6.98415" lon="125.28192">
        <ele>2344.08</ele>
      </trkpt>
      <trkpt lat="6.98415" lon="125.28197">
        <ele>2341.37</ele>
      </trkpt>
      <trkpt lat="6.98417" lon="125.28201">
        <ele>2339.55</ele>
      </trkpt>
      <trkpt lat="6.98419" lon="125.28204">
        <ele>2338.49</ele>
      </trkpt>
      <trkpt lat="6.98423" lon="125.28208">
        <ele>2337.5</ele>
      </trkpt>
      <trkpt lat="6.98423" lon="125.28213">
        <ele>2334.88</ele>
      </trkpt>
      <trkpt lat="6.98421" lon="125.28218">
        <ele>2331.64</ele>
      </trkpt>
      <trkpt lat="6.98419" lon="125.28228">
        <ele>2325.69</ele>
      </trkpt>
      <trkpt lat="6.98419" lon="125.2823">
        <ele>2324.63</ele>
      </trkpt>
      <trkpt lat="6.98416" lon="125.28234">
        <ele>2321.52</ele>
      </trkpt>
      <trkpt lat="6.98412" lon="125.28242">
        <ele>2316.48</ele>
      </trkpt>
      <trkpt lat="6.98411" lon="125.28246">
        <ele>2314.14</ele>
      </trkpt>
      <trkpt lat="6.98408" lon="125.2825">
        <ele>2311.44</ele>
      </trkpt>
      <trkpt lat="6.98404" lon="125.28255">
        <ele>2309.28</ele>
      </trkpt>
      <trkpt lat="6.98399" lon="125.28264">
        <ele>2305.79</ele>
      </trkpt>
      <trkpt lat="6.98399" lon="125.28266">
        <ele>2305.21</ele>
      </trkpt>
      <trkpt lat="6.98397" lon="125.2827">
        <ele>2303.7</ele>
      </trkpt>
      <trkpt lat="6.98394" lon="125.28275">
        <ele>2301.72</ele>
      </trkpt>
      <trkpt lat="6.98391" lon="125.2828">
        <ele>2299.74</ele>
      </trkpt>
      <trkpt lat="6.98389" lon="125.28284">
        <ele>2298.23</ele>
      </trkpt>
      <trkpt lat="6.98389" lon="125.28284">
        <ele>2298.23</ele>
      </trkpt>
      <trkpt lat="6.98387" lon="125.28287">
        <ele>2297.0</ele>
      </trkpt>
      <trkpt lat="6.98385" lon="125.2829">
        <ele>2295.78</ele>
      </trkpt>
      <trkpt lat="6.98382" lon="125.28294">
        <ele>2294.09</ele>
      </trkpt>
      <trkpt lat="6.9838" lon="125.28299">
        <ele>2292.29</ele>
      </trkpt>
      <trkpt lat="6.9838" lon="125.28303">
        <ele>2291.14</ele>
      </trkpt>
      <trkpt lat="6.98382" lon="125.28308">
        <ele>2290.03</ele>
      </trkpt>
      <trkpt lat="6.98383" lon="125.28314">
        <ele>2288.44</ele>
      </trkpt>
      <trkpt lat="6.98385" lon="125.28318">
        <ele>2287.65</ele>
      </trkpt>
      <trkpt lat="6.98385" lon="125.28324">
        <ele>2285.9</ele>
      </trkpt>
      <trkpt lat="6.98384" lon="125.28329">
        <ele>2284.22</ele>
      </trkpt>
      <trkpt lat="6.98382" lon="125.28334">
        <ele>2282.27</ele>
      </trkpt>
      <trkpt lat="6.98379" lon="125.28339">
        <ele>2279.82</ele>
      </trkpt>
      <trkpt lat="6.98376" lon="125.28343">
        <ele>2277.74</ele>
      </trkpt>
      <trkpt lat="6.98374" lon="125.2835">
        <ele>2274.78</ele>
      </trkpt>
      <trkpt lat="6.98374" lon="125.28352">
        <ele>2274.06</ele>
      </trkpt>
      <trkpt lat="6.98375" lon="125.28354">
        <ele>2273.56</ele>
      </trkpt>
      <trkpt lat="6.98374" lon="125.28356">
        <ele>2272.62</ele>
      </trkpt>
      <trkpt lat="6.98376" lon="125.28362">
        <ele>2270.88</ele>
      </trkpt>
      <trkpt lat="6.98376" lon="125.28364">
        <ele>2270.13</ele>
      </trkpt>
      <trkpt lat="6.98377" lon="125.28366">
        <ele>2269.6</ele>
      </trkpt>
      <trkpt lat="6.98377" lon="125.28368">
        <ele>2268.85</ele>
      </trkpt>
      <trkpt lat="6.98378" lon="125.28371">
        <ele>2267.95</ele>
      </trkpt>
      <trkpt lat="6.9838" lon="125.28376">
        <ele>2266.55</ele>
      </trkpt>
      <trkpt lat="6.98381" lon="125.28378">
        <ele>2266.04</ele>
      </trkpt>
      <trkpt lat="6.98385" lon="125.2838">
        <ele>2266.26</ele>
      </trkpt>
      <trkpt lat="6.98386" lon="125.28381">
        <ele>2266.14</ele>
      </trkpt>
      <trkpt lat="6.98388" lon="125.28384">
        <ele>2265.54</ele>
      </trkpt>
      <trkpt lat="6.98387" lon="125.28386">
        <ele>2264.57</ele>
      </trkpt>
      <trkpt lat="6.9839" lon="125.28389">
        <ele>2264.2</ele>
      </trkpt>
      <trkpt lat="6.98389" lon="125.28391">
        <ele>2263.26</ele>
      </trkpt>
      <trkpt lat="6.98397" lon="125.28396">
        <ele>2261.92</ele>
      </trkpt>
      <trkpt lat="6.98399" lon="125.28398">
        <ele>2260.87</ele>
      </trkpt>
      <trkpt lat="6.98401" lon="125.28404">
        <ele>2257.14</ele>
      </trkpt>
      <trkpt lat="6.98404" lon="125.28406">
        <ele>2255.41</ele>
      </trkpt>
      <trkpt lat="6.98405" lon="125.2841">
        <ele>2252.39</ele>
      </trkpt>
      <trkpt lat="6.98405" lon="125.28414">
        <ele>2249.53</ele>
      </trkpt>
      <trkpt lat="6.98405" lon="125.28414">
        <ele>2249.53</ele>
      </trkpt>
      <trkpt lat="6.98399" lon="125.2842">
        <ele>2245.56</ele>
      </trkpt>
      <trkpt lat="6.98398" lon="125.28423">
        <ele>2241.96</ele>
      </trkpt>
      <trkpt lat="6.98396" lon="125.28427">
        <ele>2237.42</ele>
      </trkpt>
      <trkpt lat="6.98395" lon="125.28433">
        <ele>2229.82</ele>
      </trkpt>
      <trkpt lat="6.98395" lon="125.28437">
        <ele>2224.5</ele>
      </trkpt>
      <trkpt lat="6.98395" lon="125.28444">
        <ele>2215.17</ele>
      </trkpt>
      <trkpt lat="6.98396" lon="125.28449">
        <ele>2210.96</ele>
      </trkpt>
      <trkpt lat="6.98397" lon="125.28455">
        <ele>2206.55</ele>
      </trkpt>
      <trkpt lat="6.98397" lon="125.28459">
        <ele>2203.81</ele>
      </trkpt>
      <trkpt lat="6.98397" lon="125.28465">
        <ele>2199.7</ele>
      </trkpt>
      <trkpt lat="6.98397" lon="125.2847">
        <ele>2196.27</ele>
      </trkpt>
      <trkpt lat="6.98397" lon="125.28475">
        <ele>2193.69</ele>
      </trkpt>
      <trkpt lat="6.98399" lon="125.28489">
        <ele>2189.09</ele>
      </trkpt>
      <trkpt lat="6.98399" lon="125.2849">
        <ele>2188.73</ele>
      </trkpt>
      <trkpt lat="6.984" lon="125.28494">
        <ele>2187.72</ele>
      </trkpt>
      <trkpt lat="6.984" lon="125.28499">
        <ele>2185.95</ele>
      </trkpt>
      <trkpt lat="6.98398" lon="125.28503">
        <ele>2183.01</ele>
      </trkpt>
      <trkpt lat="6.98395" lon="125.28507">
        <ele>2179.36</ele>
      </trkpt>
      <trkpt lat="6.98391" lon="125.2851">
        <ele>2175.69</ele>
      </trkpt>
      <trkpt lat="6.98387" lon="125.28514">
        <ele>2171.18</ele>
      </trkpt>
      <trkpt lat="6.98383" lon="125.28518">
        <ele>2166.2</ele>
      </trkpt>
      <trkpt lat="6.98379" lon="125.28521">
        <ele>2161.62</ele>
      </trkpt>
      <trkpt lat="6.98375" lon="125.28523">
        <ele>2157.51</ele>
      </trkpt>
      <trkpt lat="6.98361" lon="125.28526">
        <ele>2145.28</ele>
      </trkpt>
      <trkpt lat="6.98359" lon="125.28525">
        <ele>2146.08</ele>
      </trkpt>
      <trkpt lat="6.98353" lon="125.28526">
        <ele>2145.47</ele>
      </trkpt>
      <trkpt lat="6.98349" lon="125.28528">
        <ele>2143.98</ele>
      </trkpt>
      <trkpt lat="6.98347" lon="125.28533">
        <ele>2143.43</ele>
      </trkpt>
      <trkpt lat="6.98348" lon="125.28537">
        <ele>2143.02</ele>
      </trkpt>
      <trkpt lat="6.98346" lon="125.28542">
        <ele>2142.42</ele>
      </trkpt>
      <trkpt lat="6.98341" lon="125.28544">
        <ele>2141.99</ele>
      </trkpt>
      <trkpt lat="6.98337" lon="125.28547">
        <ele>2141.41</ele>
      </trkpt>
      <trkpt lat="6.9833" lon="125.28555">
        <ele>2140.35</ele>
      </trkpt>
      <trkpt lat="6.9833" lon="125.28556">
        <ele>2139.99</ele>
      </trkpt>
      <trkpt lat="6.98327" lon="125.28559">
        <ele>2138.59</ele>
      </trkpt>
      <trkpt lat="6.98323" lon="125.28562">
        <ele>2137.38</ele>
      </trkpt>
      <trkpt lat="6.98318" lon="125.28563">
        <ele>2137.41</ele>
      </trkpt>
      <trkpt lat="6.98314" lon="125.28565">
        <ele>2136.9</ele>
      </trkpt>
      <trkpt lat="6.98309" lon="125.28566">
        <ele>2137.05</ele>
      </trkpt>
      <trkpt lat="6.98305" lon="125.28568">
        <ele>2136.7</ele>
      </trkpt>
      <trkpt lat="6.98302" lon="125.28571">
        <ele>2135.77</ele>
      </trkpt>
      <trkpt lat="6.98297" lon="125.28577">
        <ele>2133.73</ele>
      </trkpt>
      <trkpt lat="6.98288" lon="125.28591">
        <ele>2129.92</ele>
      </trkpt>
      <trkpt lat="6.98285" lon="125.28593">
        <ele>2129.54</ele>
      </trkpt>
      <trkpt lat="6.98282" lon="125.28598">
        <ele>2128.19</ele>
      </trkpt>
      <trkpt lat="6.98282" lon="125.28599">
        <ele>2127.9</ele>
      </trkpt>
      <trkpt lat="6.98281" lon="125.286">
        <ele>2127.6</ele>
      </trkpt>
      <trkpt lat="6.98281" lon="125.28605">
        <ele>2126.08</ele>
      </trkpt>
      <trkpt lat="6.98278" lon="125.28609">
        <ele>2124.7</ele>
      </trkpt>
      <trkpt lat="6.98274" lon="125.28611">
        <ele>2122.81</ele>
      </trkpt>
      <trkpt lat="6.9827" lon="125.28612">
        <ele>2121.09</ele>
      </trkpt>
      <trkpt lat="6.98263" lon="125.28616">
        <ele>2117.2</ele>
      </trkpt>
      <trkpt lat="6.9826" lon="125.28618">
        <ele>2115.49</ele>
      </trkpt>
      <trkpt lat="6.98259" lon="125.28619">
        <ele>2114.8</ele>
      </trkpt>
      <trkpt lat="6.98257" lon="125.28621">
        <ele>2113.44</ele>
      </trkpt>
      <trkpt lat="6.98255" lon="125.28622">
        <ele>2112.49</ele>
      </trkpt>
      <trkpt lat="6.98253" lon="125.28624">
        <ele>2111.18</ele>
      </trkpt>
      <trkpt lat="6.98253" lon="125.28624">
        <ele>2111.18</ele>
      </trkpt>
      <trkpt lat="6.98251" lon="125.28624">
        <ele>2110.63</ele>
      </trkpt>
      <trkpt lat="6.98248" lon="125.28625">
        <ele>2110.0</ele>
      </trkpt>
      <trkpt lat="6.98243" lon="125.28625">
        <ele>2110.0</ele>
      </trkpt>
      <trkpt lat="6.98243" lon="125.28625">
        <ele>2110.0</ele>
      </trkpt>
      <trkpt lat="6.98231" lon="125.28628">
        <ele>2108.77</ele>
      </trkpt>
      <trkpt lat="6.98229" lon="125.28627">
        <ele>2109.17</ele>
      </trkpt>
      <trkpt lat="6.98226" lon="125.28624">
        <ele>2110.42</ele>
      </trkpt>
      <trkpt lat="6.98221" lon="125.28623">
        <ele>2110.9</ele>
      </trkpt>
      <trkpt lat="6.98216" lon="125.28625">
        <ele>2110.11</ele>
      </trkpt>
      <trkpt lat="6.9821" lon="125.28634">
        <ele>2105.9</ele>
      </trkpt>
      <trkpt lat="6.98209" lon="125.28637">
        <ele>2104.44</ele>
      </trkpt>
      <trkpt lat="6.98207" lon="125.28638">
        <ele>2103.89</ele>
      </trkpt>
      <trkpt lat="6.98205" lon="125.2864">
        <ele>2102.81</ele>
      </trkpt>
      <trkpt lat="6.98202" lon="125.28647">
        <ele>2099.05</ele>
      </trkpt>
      <trkpt lat="6.98198" lon="125.28651">
        <ele>2096.7</ele>
      </trkpt>
      <trkpt lat="6.98197" lon="125.28654">
        <ele>2095.03</ele>
      </trkpt>
      <trkpt lat="6.98197" lon="125.28654">
        <ele>2095.03</ele>
      </trkpt>
      <trkpt lat="6.98176" lon="125.28663">
        <ele>2087.59</ele>
      </trkpt>
      <trkpt lat="6.98173" lon="125.28665">
        <ele>2085.95</ele>
      </trkpt>
      <trkpt lat="6.98168" lon="125.28667">
        <ele>2084.1</ele>
      </trkpt>
      <trkpt lat="6.98162" lon="125.28669">
        <ele>2084.15</ele>
      </trkpt>
      <trkpt lat="6.98155" lon="125.28677">
        <ele>2082.97</ele>
      </trkpt>
      <trkpt lat="6.98152" lon="125.2868">
        <ele>2082.55</ele>
      </trkpt>
      <trkpt lat="6.98148" lon="125.28682">
        <ele>2082.57</ele>
      </trkpt>
      <trkpt lat="6.98142" lon="125.28683">
        <ele>2083.21</ele>
      </trkpt>
      <trkpt lat="6.98128" lon="125.28683">
        <ele>2085.05</ele>
      </trkpt>
      <trkpt lat="6.98124" lon="125.28684">
        <ele>2085.19</ele>
      </trkpt>
      <trkpt lat="6.9812" lon="125.28686">
        <ele>2084.98</ele>
      </trkpt>
      <trkpt lat="6.98117" lon="125.28686">
        <ele>2085.34</ele>
      </trkpt>
      <trkpt lat="6.98115" lon="125.28687">
        <ele>2085.22</ele>
      </trkpt>
      <trkpt lat="6.98113" lon="125.28688">
        <ele>2085.1</ele>
      </trkpt>
      <trkpt lat="6.98111" lon="125.28689">
        <ele>2084.98</ele>
      </trkpt>
      <trkpt lat="6.9811" lon="125.28692">
        <ele>2084.04</ele>
      </trkpt>
      <trkpt lat="6.9811" lon="125.28694">
        <ele>2083.32</ele>
      </trkpt>
      <trkpt lat="6.9811" lon="125.28695">
        <ele>2082.98</ele>
      </trkpt>
      <trkpt lat="6.98108" lon="125.28697">
        <ele>2082.6</ele>
      </trkpt>
      <trkpt lat="6.98107" lon="125.28698">
        <ele>2082.4</ele>
      </trkpt>
      <trkpt lat="6.98106" lon="125.287">
        <ele>2081.86</ele>
      </trkpt>
      <trkpt lat="6.98103" lon="125.28703">
        <ele>2081.22</ele>
      </trkpt>
      <trkpt lat="6.98098" lon="125.28707">
        <ele>2080.39</ele>
      </trkpt>
      <trkpt lat="6.98096" lon="125.28709">
        <ele>2079.89</ele>
      </trkpt>
      <trkpt lat="6.98096" lon="125.28709">
        <ele>2079.89</ele>
      </trkpt>
      <trkpt lat="6.98081" lon="125.2872">
        <ele>2076.96</ele>
      </trkpt>
      <trkpt lat="6.98081" lon="125.2872">
        <ele>2076.96</ele>
      </trkpt>
      <trkpt lat="6.98058" lon="125.28729">
        <ele>2074.45</ele>
      </trkpt>
      <trkpt lat="6.98055" lon="125.2873">
        <ele>2074.25</ele>
      </trkpt>
      <trkpt lat="6.98049" lon="125.28734">
        <ele>2073.33</ele>
      </trkpt>
      <trkpt lat="6.98045" lon="125.28736">
        <ele>2072.99</ele>
      </trkpt>
      <trkpt lat="6.98029" lon="125.28749">
        <ele>2070.19</ele>
      </trkpt>
      <trkpt lat="6.98028" lon="125.28749">
        <ele>2070.3</ele>
      </trkpt>
      <trkpt lat="6.98026" lon="125.28751">
        <ele>2069.84</ele>
      </trkpt>
      <trkpt lat="6.98021" lon="125.28751">
        <ele>2070.21</ele>
      </trkpt>
      <trkpt lat="6.98017" lon="125.28754">
        <ele>2069.68</ele>
      </trkpt>
      <trkpt lat="6.98015" lon="125.28755">
        <ele>2069.56</ele>
      </trkpt>
      <trkpt lat="6.98011" lon="125.28758">
        <ele>2069.08</ele>
      </trkpt>
      <trkpt lat="6.9801" lon="125.28758">
        <ele>2069.16</ele>
      </trkpt>
      <trkpt lat="6.98007" lon="125.28761">
        <ele>2068.62</ele>
      </trkpt>
      <trkpt lat="6.98004" lon="125.28762">
        <ele>2068.63</ele>
      </trkpt>
      <trkpt lat="6.98002" lon="125.28764">
        <ele>2068.29</ele>
      </trkpt>
      <trkpt lat="6.98001" lon="125.28764">
        <ele>2068.38</ele>
      </trkpt>
      <trkpt lat="6.97998" lon="125.28766">
        <ele>2067.36</ele>
      </trkpt>
      <trkpt lat="6.97996" lon="125.28766">
        <ele>2066.75</ele>
      </trkpt>
      <trkpt lat="6.97996" lon="125.28768">
        <ele>2066.26</ele>
      </trkpt>
      <trkpt lat="6.97993" lon="125.28772">
        <ele>2064.39</ele>
      </trkpt>
      <trkpt lat="6.97991" lon="125.28773">
        <ele>2063.56</ele>
      </trkpt>
      <trkpt lat="6.97988" lon="125.28772">
        <ele>2062.91</ele>
      </trkpt>
      <trkpt lat="6.97984" lon="125.28772">
        <ele>2061.73</ele>
      </trkpt>
      <trkpt lat="6.97981" lon="125.28773">
        <ele>2060.61</ele>
      </trkpt>
      <trkpt lat="6.97979" lon="125.28773">
        <ele>2060.03</ele>
      </trkpt>
      <trkpt lat="6.97976" lon="125.28774">
        <ele>2058.92</ele>
      </trkpt>
      <trkpt lat="6.97972" lon="125.28777">
        <ele>2057.1</ele>
      </trkpt>
      <trkpt lat="6.97968" lon="125.28776">
        <ele>2056.02</ele>
      </trkpt>
      <trkpt lat="6.97964" lon="125.28778">
        <ele>2054.28</ele>
      </trkpt>
      <trkpt lat="6.9796" lon="125.28778">
        <ele>2052.99</ele>
      </trkpt>
      <trkpt lat="6.97956" lon="125.28781">
        <ele>2051.07</ele>
      </trkpt>
      <trkpt lat="6.97955" lon="125.28783">
        <ele>2050.34</ele>
      </trkpt>
      <trkpt lat="6.97955" lon="125.28783">
        <ele>2050.34</ele>
      </trkpt>
      <trkpt lat="6.97953" lon="125.28784">
        <ele>2049.51</ele>
      </trkpt>
      <trkpt lat="6.97951" lon="125.28785">
        <ele>2048.7</ele>
      </trkpt>
      <trkpt lat="6.97949" lon="125.28787">
        <ele>2047.71</ele>
      </trkpt>
      <trkpt lat="6.97947" lon="125.2879">
        <ele>2046.55</ele>
      </trkpt>
      <trkpt lat="6.97945" lon="125.28794">
        <ele>2045.24</ele>
      </trkpt>
      <trkpt lat="6.97945" lon="125.28796">
        <ele>2044.87</ele>
      </trkpt>
      <trkpt lat="6.97943" lon="125.28798">
        <ele>2043.98</ele>
      </trkpt>
      <trkpt lat="6.97943" lon="125.28799">
        <ele>2043.8</ele>
      </trkpt>
      <trkpt lat="6.97935" lon="125.28802">
        <ele>2041.22</ele>
      </trkpt>
      <trkpt lat="6.9793" lon="125.28803">
        <ele>2039.77</ele>
      </trkpt>
      <trkpt lat="6.97926" lon="125.28805">
        <ele>2038.44</ele>
      </trkpt>
      <trkpt lat="6.97923" lon="125.28812">
        <ele>2036.38</ele>
      </trkpt>
      <trkpt lat="6.97924" lon="125.28814">
        <ele>2036.25</ele>
      </trkpt>
      <trkpt lat="6.97923" lon="125.28817">
        <ele>2035.44</ele>
      </trkpt>
      <trkpt lat="6.97923" lon="125.28821">
        <ele>2034.69</ele>
      </trkpt>
      <trkpt lat="6.97924" lon="125.28824">
        <ele>2034.35</ele>
      </trkpt>
      <trkpt lat="6.97924" lon="125.28833">
        <ele>2032.65</ele>
      </trkpt>
      <trkpt lat="6.97923" lon="125.28835">
        <ele>2031.83</ele>
      </trkpt>
      <trkpt lat="6.97919" lon="125.28838">
        <ele>2029.99</ele>
      </trkpt>
      <trkpt lat="6.97916" lon="125.28839">
        <ele>2029.0</ele>
      </trkpt>
      <trkpt lat="6.97915" lon="125.28841">
        <ele>2028.11</ele>
      </trkpt>
      <trkpt lat="6.97914" lon="125.28843">
        <ele>2027.23</ele>
      </trkpt>
      <trkpt lat="6.97914" lon="125.28844">
        <ele>2026.91</ele>
      </trkpt>
      <trkpt lat="6.97913" lon="125.28846">
        <ele>2026.03</ele>
      </trkpt>
      <trkpt lat="6.97911" lon="125.2885">
        <ele>2024.29</ele>
      </trkpt>
      <trkpt lat="6.9791" lon="125.28853">
        <ele>2023.12</ele>
      </trkpt>
      <trkpt lat="6.9791" lon="125.28856">
        <ele>2022.17</ele>
      </trkpt>
      <trkpt lat="6.9791" lon="125.2886">
        <ele>2020.91</ele>
      </trkpt>
      <trkpt lat="6.97909" lon="125.28864">
        <ele>2019.51</ele>
      </trkpt>
      <trkpt lat="6.97908" lon="125.28866">
        <ele>2018.72</ele>
      </trkpt>
      <trkpt lat="6.97906" lon="125.28867">
        <ele>2018.0</ele>
      </trkpt>
      <trkpt lat="6.97905" lon="125.2887">
        <ele>2016.92</ele>
      </trkpt>
      <trkpt lat="6.97904" lon="125.28872">
        <ele>2016.13</ele>
      </trkpt>
      <trkpt lat="6.97902" lon="125.28874">
        <ele>2015.12</ele>
      </trkpt>
      <trkpt lat="6.97902" lon="125.28876">
        <ele>2014.54</ele>
      </trkpt>
      <trkpt lat="6.97902" lon="125.28877">
        <ele>2014.26</ele>
      </trkpt>
      <trkpt lat="6.97902" lon="125.28879">
        <ele>2013.68</ele>
      </trkpt>
      <trkpt lat="6.97902" lon="125.28879">
        <ele>2013.68</ele>
      </trkpt>
      <trkpt lat="6.97899" lon="125.28882">
        <ele>2012.17</ele>
      </trkpt>
      <trkpt lat="6.97898" lon="125.28883">
        <ele>2011.66</ele>
      </trkpt>
      <trkpt lat="6.97893" lon="125.2889">
        <ele>2008.56</ele>
      </trkpt>
      <trkpt lat="6.97892" lon="125.28893">
        <ele>2007.47</ele>
      </trkpt>
      <trkpt lat="6.97892" lon="125.28899">
        <ele>2005.72</ele>
      </trkpt>
      <trkpt lat="6.97892" lon="125.28907">
        <ele>2003.38</ele>
      </trkpt>
      <trkpt lat="6.97892" lon="125.28912">
        <ele>2001.92</ele>
      </trkpt>
      <trkpt lat="6.97892" lon="125.28915">
        <ele>2001.05</ele>
      </trkpt>
      <trkpt lat="6.97891" lon="125.28918">
        <ele>1999.9</ele>
      </trkpt>
      <trkpt lat="6.97892" lon="125.28922">
        <ele>1998.66</ele>
      </trkpt>
      <trkpt lat="6.97894" lon="125.28928">
        <ele>1996.92</ele>
      </trkpt>
      <trkpt lat="6.97894" lon="125.28931">
        <ele>1995.85</ele>
      </trkpt>
      <trkpt lat="6.97895" lon="125.28934">
        <ele>1995.0</ele>
      </trkpt>
      <trkpt lat="6.97896" lon="125.28937">
        <ele>1994.15</ele>
      </trkpt>
      <trkpt lat="6.97897" lon="125.28938">
        <ele>1994.0</ele>
      </trkpt>
      <trkpt lat="6.97897" lon="125.28939">
        <ele>1993.65</ele>
      </trkpt>
      <trkpt lat="6.97898" lon="125.2894">
        <ele>1993.52</ele>
      </trkpt>
      <trkpt lat="6.97898" lon="125.28942">
        <ele>1992.82</ele>
      </trkpt>
      <trkpt lat="6.97898" lon="125.28944">
        <ele>1992.12</ele>
      </trkpt>
      <trkpt lat="6.97898" lon="125.28947">
        <ele>1991.08</ele>
      </trkpt>
      <trkpt lat="6.97897" lon="125.28949">
        <ele>1990.16</ele>
      </trkpt>
      <trkpt lat="6.97894" lon="125.28958">
        <ele>1986.31</ele>
      </trkpt>
      <trkpt lat="6.9789" lon="125.28966">
        <ele>1982.51</ele>
      </trkpt>
      <trkpt lat="6.9789" lon="125.28967">
        <ele>1982.15</ele>
      </trkpt>
      <trkpt lat="6.97892" lon="125.28971">
        <ele>1981.22</ele>
      </trkpt>
      <trkpt lat="6.97892" lon="125.28975">
        <ele>1979.8</ele>
      </trkpt>
      <trkpt lat="6.97894" lon="125.28978">
        <ele>1979.25</ele>
      </trkpt>
      <trkpt lat="6.97893" lon="125.28981">
        <ele>1977.92</ele>
      </trkpt>
      <trkpt lat="6.97892" lon="125.28984">
        <ele>1976.59</ele>
      </trkpt>
      <trkpt lat="6.97893" lon="125.28988">
        <ele>1975.44</ele>
      </trkpt>
      <trkpt lat="6.97893" lon="125.28992">
        <ele>1974.02</ele>
      </trkpt>
      <trkpt lat="6.97892" lon="125.28996">
        <ele>1972.32</ele>
      </trkpt>
      <trkpt lat="6.9789" lon="125.28999">
        <ele>1970.68</ele>
      </trkpt>
      <trkpt lat="6.9789" lon="125.29002">
        <ele>1970.03</ele>
      </trkpt>
      <trkpt lat="6.9789" lon="125.29003">
        <ele>1969.89</ele>
      </trkpt>
      <trkpt lat="6.97888" lon="125.2901">
        <ele>1968.29</ele>
      </trkpt>
      <trkpt lat="6.97889" lon="125.29013">
        <ele>1968.16</ele>
      </trkpt>
      <trkpt lat="6.97889" lon="125.29014">
        <ele>1968.02</ele>
      </trkpt>
      <trkpt lat="6.97888" lon="125.29014">
        <ele>1967.71</ele>
      </trkpt>
      <trkpt lat="6.97886" lon="125.29018">
        <ele>1966.51</ele>
      </trkpt>
      <trkpt lat="6.97888" lon="125.29023">
        <ele>1966.41</ele>
      </trkpt>
      <trkpt lat="6.97888" lon="125.29024">
        <ele>1966.26</ele>
      </trkpt>
      <trkpt lat="6.97888" lon="125.29029">
        <ele>1965.49</ele>
      </trkpt>
      <trkpt lat="6.97887" lon="125.29032">
        <ele>1964.63</ele>
      </trkpt>
      <trkpt lat="6.97889" lon="125.29037">
        <ele>1964.37</ele>
      </trkpt>
      <trkpt lat="6.9789" lon="125.29043">
        <ele>1963.6</ele>
      </trkpt>
      <trkpt lat="6.97891" lon="125.29045">
        <ele>1963.56</ele>
      </trkpt>
      <trkpt lat="6.9789" lon="125.29045">
        <ele>1963.24</ele>
      </trkpt>
      <trkpt lat="6.97891" lon="125.29046">
        <ele>1963.38</ele>
      </trkpt>
      <trkpt lat="6.97891" lon="125.29049">
        <ele>1962.85</ele>
      </trkpt>
      <trkpt lat="6.9789" lon="125.29051">
        <ele>1962.17</ele>
      </trkpt>
      <trkpt lat="6.97891" lon="125.29052">
        <ele>1962.31</ele>
      </trkpt>
      <trkpt lat="6.97889" lon="125.29055">
        <ele>1961.14</ele>
      </trkpt>
      <trkpt lat="6.9789" lon="125.29058">
        <ele>1961.01</ele>
      </trkpt>
      <trkpt lat="6.97889" lon="125.2906">
        <ele>1960.4</ele>
      </trkpt>
      <trkpt lat="6.97889" lon="125.29064">
        <ele>1959.82</ele>
      </trkpt>
      <trkpt lat="6.97889" lon="125.29066">
        <ele>1959.53</ele>
      </trkpt>
      <trkpt lat="6.9789" lon="125.29069">
        <ele>1959.42</ele>
      </trkpt>
      <trkpt lat="6.9789" lon="125.29071">
        <ele>1959.14</ele>
      </trkpt>
      <trkpt lat="6.97889" lon="125.29074">
        <ele>1958.38</ele>
      </trkpt>
      <trkpt lat="6.9789" lon="125.29075">
        <ele>1958.56</ele>
      </trkpt>
      <trkpt lat="6.97889" lon="125.29076">
        <ele>1958.09</ele>
      </trkpt>
      <trkpt lat="6.9788" lon="125.29077">
        <ele>1954.78</ele>
      </trkpt>
      <trkpt lat="6.9788" lon="125.29078">
        <ele>1954.63</ele>
      </trkpt>
      <trkpt lat="6.97879" lon="125.29078">
        <ele>1954.28</ele>
      </trkpt>
      <trkpt lat="6.97878" lon="125.2908">
        <ele>1953.61</ele>
      </trkpt>
      <trkpt lat="6.97878" lon="125.29081">
        <ele>1953.45</ele>
      </trkpt>
      <trkpt lat="6.97874" lon="125.29083">
        <ele>1951.69</ele>
      </trkpt>
      <trkpt lat="6.97874" lon="125.29083">
        <ele>1951.69</ele>
      </trkpt>
      <trkpt lat="6.97851" lon="125.29101">
        <ele>1939.5</ele>
      </trkpt>
      <trkpt lat="6.9785" lon="125.29102">
        <ele>1938.96</ele>
      </trkpt>
      <trkpt lat="6.97846" lon="125.29104">
        <ele>1937.3</ele>
      </trkpt>
      <trkpt lat="6.97842" lon="125.29108">
        <ele>1935.2</ele>
      </trkpt>
      <trkpt lat="6.9784" lon="125.29113">
        <ele>1933.55</ele>
      </trkpt>
      <trkpt lat="6.97839" lon="125.29117">
        <ele>1932.49</ele>
      </trkpt>
      <trkpt lat="6.97839" lon="125.29123">
        <ele>1931.32</ele>
      </trkpt>
      <trkpt lat="6.97837" lon="125.29128">
        <ele>1929.86</ele>
      </trkpt>
      <trkpt lat="6.97835" lon="125.29132">
        <ele>1928.63</ele>
      </trkpt>
      <trkpt lat="6.97832" lon="125.29136">
        <ele>1927.28</ele>
      </trkpt>
      <trkpt lat="6.97828" lon="125.2914">
        <ele>1925.81</ele>
      </trkpt>
      <trkpt lat="6.97824" lon="125.29142">
        <ele>1924.69</ele>
      </trkpt>
      <trkpt lat="6.97814" lon="125.29147">
        <ele>1921.97</ele>
      </trkpt>
      <trkpt lat="6.97813" lon="125.29147">
        <ele>1921.8</ele>
      </trkpt>
      <trkpt lat="6.97808" lon="125.29149">
        <ele>1920.59</ele>
      </trkpt>
      <trkpt lat="6.97802" lon="125.29153">
        <ele>1918.89</ele>
      </trkpt>
      <trkpt lat="6.97799" lon="125.29157">
        <ele>1917.71</ele>
      </trkpt>
      <trkpt lat="6.97795" lon="125.29161">
        <ele>1916.42</ele>
      </trkpt>
      <trkpt lat="6.97792" lon="125.29164">
        <ele>1915.48</ele>
      </trkpt>
      <trkpt lat="6.97789" lon="125.29168">
        <ele>1914.5</ele>
      </trkpt>
      <trkpt lat="6.97786" lon="125.29172">
        <ele>1913.74</ele>
      </trkpt>
      <trkpt lat="6.97783" lon="125.29176">
        <ele>1913.02</ele>
      </trkpt>
      <trkpt lat="6.97781" lon="125.29181">
        <ele>1912.37</ele>
      </trkpt>
      <trkpt lat="6.97775" lon="125.29196">
        <ele>1910.59</ele>
      </trkpt>
      <trkpt lat="6.97775" lon="125.29196">
        <ele>1910.59</ele>
      </trkpt>
      <trkpt lat="6.97772" lon="125.29199">
        <ele>1910.08</ele>
      </trkpt>
      <trkpt lat="6.97769" lon="125.29203">
        <ele>1909.53</ele>
      </trkpt>
      <trkpt lat="6.97767" lon="125.29208">
        <ele>1909.05</ele>
      </trkpt>
      <trkpt lat="6.97765" lon="125.29212">
        <ele>1908.65</ele>
      </trkpt>
      <trkpt lat="6.97761" lon="125.29214">
        <ele>1908.21</ele>
      </trkpt>
      <trkpt lat="6.97756" lon="125.29216">
        <ele>1907.7</ele>
      </trkpt>
      <trkpt lat="6.97752" lon="125.29218">
        <ele>1907.31</ele>
      </trkpt>
      <trkpt lat="6.97731" lon="125.29226">
        <ele>1904.81</ele>
      </trkpt>
      <trkpt lat="6.97729" lon="125.29227">
        <ele>1904.56</ele>
      </trkpt>
      <trkpt lat="6.97725" lon="125.2923">
        <ele>1904.02</ele>
      </trkpt>
      <trkpt lat="6.97722" lon="125.29233">
        <ele>1903.59</ele>
      </trkpt>
      <trkpt lat="6.9772" lon="125.29238">
        <ele>1903.19</ele>
      </trkpt>
      <trkpt lat="6.97718" lon="125.29242">
        <ele>1902.83</ele>
      </trkpt>
      <trkpt lat="6.97715" lon="125.29247">
        <ele>1902.33</ele>
      </trkpt>
      <trkpt lat="6.97712" lon="125.2925">
        <ele>1901.9</ele>
      </trkpt>
      <trkpt lat="6.97706" lon="125.29254">
        <ele>1900.7</ele>
      </trkpt>
      <trkpt lat="6.97692" lon="125.29264">
        <ele>1898.31</ele>
      </trkpt>
      <trkpt lat="6.97688" lon="125.29266">
        <ele>1897.84</ele>
      </trkpt>
      <trkpt lat="6.97684" lon="125.29268">
        <ele>1897.42</ele>
      </trkpt>
      <trkpt lat="6.97677" lon="125.2927">
        <ele>1896.86</ele>
      </trkpt>
      <trkpt lat="6.97659" lon="125.29282">
        <ele>1894.83</ele>
      </trkpt>
      <trkpt lat="6.97657" lon="125.29282">
        <ele>1894.56</ele>
      </trkpt>
      <trkpt lat="6.97652" lon="125.29285">
        <ele>1893.9</ele>
      </trkpt>
      <trkpt lat="6.97648" lon="125.29288">
        <ele>1893.44</ele>
      </trkpt>
      <trkpt lat="6.97643" lon="125.29292">
        <ele>1892.95</ele>
      </trkpt>
      <trkpt lat="6.97638" lon="125.29296">
        <ele>1892.56</ele>
      </trkpt>
      <trkpt lat="6.97633" lon="125.29301">
        <ele>1892.2</ele>
      </trkpt>
      <trkpt lat="6.97633" lon="125.29301">
        <ele>1892.2</ele>
      </trkpt>
      <trkpt lat="6.9763" lon="125.29305">
        <ele>1892.02</ele>
      </trkpt>
      <trkpt lat="6.97629" lon="125.29308">
        <ele>1891.96</ele>
      </trkpt>
      <trkpt lat="6.97628" lon="125.29312">
        <ele>1891.91</ele>
      </trkpt>
      <trkpt lat="6.9763" lon="125.29318">
        <ele>1892.18</ele>
      </trkpt>
      <trkpt lat="6.97634" lon="125.29332">
        <ele>1892.64</ele>
      </trkpt>
      <trkpt lat="6.97634" lon="125.29334">
        <ele>1892.56</ele>
      </trkpt>
      <trkpt lat="6.97636" lon="125.29339">
        <ele>1892.0</ele>
      </trkpt>
      <trkpt lat="6.97636" lon="125.29341">
        <ele>1891.72</ele>
      </trkpt>
      <trkpt lat="6.97638" lon="125.29345">
        <ele>1891.27</ele>
      </trkpt>
      <trkpt lat="6.97639" lon="125.29348">
        <ele>1890.89</ele>
      </trkpt>
      <trkpt lat="6.97639" lon="125.2935">
        <ele>1890.61</ele>
      </trkpt>
      <trkpt lat="6.97641" lon="125.29354">
        <ele>1890.16</ele>
      </trkpt>
      <trkpt lat="6.97641" lon="125.29358">
        <ele>1889.59</ele>
      </trkpt>
      <trkpt lat="6.9764" lon="125.29361">
        <ele>1889.1</ele>
      </trkpt>
      <trkpt lat="6.97637" lon="125.29365">
        <ele>1888.5</ele>
      </trkpt>
      <trkpt lat="6.97635" lon="125.29368">
        <ele>1888.08</ele>
      </trkpt>
      <trkpt lat="6.97632" lon="125.29372">
        <ele>1887.48</ele>
      </trkpt>
      <trkpt lat="6.97632" lon="125.29374">
        <ele>1887.24</ele>
      </trkpt>
      <trkpt lat="6.9763" lon="125.29377">
        <ele>1886.78</ele>
      </trkpt>
      <trkpt lat="6.97631" lon="125.29378">
        <ele>1886.72</ele>
      </trkpt>
      <trkpt lat="6.9763" lon="125.2938">
        <ele>1886.42</ele>
      </trkpt>
      <trkpt lat="6.97631" lon="125.29382">
        <ele>1886.25</ele>
      </trkpt>
      <trkpt lat="6.9763" lon="125.29384">
        <ele>1885.94</ele>
      </trkpt>
      <trkpt lat="6.97631" lon="125.29386">
        <ele>1885.77</ele>
      </trkpt>
      <trkpt lat="6.97632" lon="125.29388">
        <ele>1885.61</ele>
      </trkpt>
      <trkpt lat="6.97633" lon="125.29388">
        <ele>1885.68</ele>
      </trkpt>
      <trkpt lat="6.97633" lon="125.29389">
        <ele>1885.56</ele>
      </trkpt>
      <trkpt lat="6.97631" lon="125.29391">
        <ele>1885.18</ele>
      </trkpt>
      <trkpt lat="6.97631" lon="125.29393">
        <ele>1884.95</ele>
      </trkpt>
      <trkpt lat="6.9763" lon="125.29396">
        <ele>1884.51</ele>
      </trkpt>
      <trkpt lat="6.97629" lon="125.29397">
        <ele>1884.31</ele>
      </trkpt>
      <trkpt lat="6.9763" lon="125.294">
        <ele>1884.03</ele>
      </trkpt>
      <trkpt lat="6.97627" lon="125.29404">
        <ele>1883.28</ele>
      </trkpt>
      <trkpt lat="6.97625" lon="125.29406">
        <ele>1882.84</ele>
      </trkpt>
      <trkpt lat="6.97625" lon="125.29406">
        <ele>1882.84</ele>
      </trkpt>
      <trkpt lat="6.97606" lon="125.29432">
        <ele>1870.55</ele>
      </trkpt>
      <trkpt lat="6.97606" lon="125.29432">
        <ele>1870.55</ele>
      </trkpt>
      <trkpt lat="6.97604" lon="125.29469">
        <ele>1849.56</ele>
      </trkpt>
      <trkpt lat="6.97604" lon="125.29472">
        <ele>1847.89</ele>
      </trkpt>
      <trkpt lat="6.97603" lon="125.29476">
        <ele>1845.68</ele>
      </trkpt>
      <trkpt lat="6.976" lon="125.29481">
        <ele>1843.21</ele>
      </trkpt>
      <trkpt lat="6.97596" lon="125.29483">
        <ele>1842.67</ele>
      </trkpt>
      <trkpt lat="6.97588" lon="125.29489">
        <ele>1840.74</ele>
      </trkpt>
      <trkpt lat="6.97585" lon="125.29495">
        <ele>1838.19</ele>
      </trkpt>
      <trkpt lat="6.9758" lon="125.29504">
        <ele>1833.6</ele>
      </trkpt>
      <trkpt lat="6.9758" lon="125.29504">
        <ele>1833.6</ele>
      </trkpt>
      <trkpt lat="6.97547" lon="125.29522">
        <ele>1821.82</ele>
      </trkpt>
      <trkpt lat="6.97547" lon="125.29522">
        <ele>1821.82</ele>
      </trkpt>
      <trkpt lat="6.97543" lon="125.29524">
        <ele>1820.75</ele>
      </trkpt>
      <trkpt lat="6.97537" lon="125.29527">
        <ele>1819.21</ele>
      </trkpt>
      <trkpt lat="6.97534" lon="125.2953">
        <ele>1818.0</ele>
      </trkpt>
      <trkpt lat="6.97518" lon="125.29543">
        <ele>1812.98</ele>
      </trkpt>
      <trkpt lat="6.97517" lon="125.29543">
        <ele>1812.91</ele>
      </trkpt>
      <trkpt lat="6.97512" lon="125.29547">
        <ele>1811.76</ele>
      </trkpt>
      <trkpt lat="6.97509" lon="125.29551">
        <ele>1810.87</ele>
      </trkpt>
      <trkpt lat="6.97508" lon="125.29555">
        <ele>1810.1</ele>
      </trkpt>
      <trkpt lat="6.97507" lon="125.2956">
        <ele>1809.12</ele>
      </trkpt>
      <trkpt lat="6.97506" lon="125.29566">
        <ele>1807.96</ele>
      </trkpt>
      <trkpt lat="6.97503" lon="125.2957">
        <ele>1807.29</ele>
      </trkpt>
      <trkpt lat="6.97494" lon="125.29578">
        <ele>1803.58</ele>
      </trkpt>
      <trkpt lat="6.97493" lon="125.2958">
        <ele>1802.83</ele>
      </trkpt>
      <trkpt lat="6.97493" lon="125.29585">
        <ele>1801.73</ele>
      </trkpt>
      <trkpt lat="6.97493" lon="125.29589">
        <ele>1800.55</ele>
      </trkpt>
      <trkpt lat="6.97492" lon="125.29595">
        <ele>1798.41</ele>
      </trkpt>
      <trkpt lat="6.97498" lon="125.2961">
        <ele>1795.78</ele>
      </trkpt>
      <trkpt lat="6.97498" lon="125.29612">
        <ele>1795.17</ele>
      </trkpt>
      <trkpt lat="6.97498" lon="125.29617">
        <ele>1793.74</ele>
      </trkpt>
      <trkpt lat="6.97498" lon="125.29622">
        <ele>1792.32</ele>
      </trkpt>
      <trkpt lat="6.97497" lon="125.29627">
        <ele>1790.62</ele>
      </trkpt>
      <trkpt lat="6.97497" lon="125.29632">
        <ele>1789.2</ele>
      </trkpt>
      <trkpt lat="6.97496" lon="125.29643">
        <ele>1785.72</ele>
      </trkpt>
      <trkpt lat="6.97485" lon="125.29655">
        <ele>1779.94</ele>
      </trkpt>
      <trkpt lat="6.97484" lon="125.29657">
        <ele>1779.23</ele>
      </trkpt>
      <trkpt lat="6.97483" lon="125.29659">
        <ele>1778.53</ele>
      </trkpt>
      <trkpt lat="6.97482" lon="125.29662">
        <ele>1777.59</ele>
      </trkpt>
      <trkpt lat="6.9748" lon="125.29665">
        <ele>1776.53</ele>
      </trkpt>
      <trkpt lat="6.97477" lon="125.29669">
        <ele>1775.0</ele>
      </trkpt>
      <trkpt lat="6.97477" lon="125.29673">
        <ele>1773.82</ele>
      </trkpt>
      <trkpt lat="6.97475" lon="125.29677">
        <ele>1772.39</ele>
      </trkpt>
      <trkpt lat="6.97472" lon="125.2968">
        <ele>1771.13</ele>
      </trkpt>
      <trkpt lat="6.97471" lon="125.29683">
        <ele>1770.13</ele>
      </trkpt>
      <trkpt lat="6.97467" lon="125.29687">
        <ele>1768.48</ele>
      </trkpt>
      <trkpt lat="6.97467" lon="125.29691">
        <ele>1767.38</ele>
      </trkpt>
      <trkpt lat="6.97466" lon="125.29694">
        <ele>1766.45</ele>
      </trkpt>
      <trkpt lat="6.97467" lon="125.29697">
        <ele>1765.72</ele>
      </trkpt>
      <trkpt lat="6.97466" lon="125.29699">
        <ele>1765.05</ele>
      </trkpt>
      <trkpt lat="6.97466" lon="125.29699">
        <ele>1765.05</ele>
      </trkpt>
      <trkpt lat="6.97469" lon="125.29704">
        <ele>1763.94</ele>
      </trkpt>
      <trkpt lat="6.97469" lon="125.29707">
        <ele>1763.09</ele>
      </trkpt>
      <trkpt lat="6.97472" lon="125.29708">
        <ele>1763.08</ele>
      </trkpt>
      <trkpt lat="6.97472" lon="125.29716">
        <ele>1760.77</ele>
      </trkpt>
      <trkpt lat="6.97471" lon="125.29719">
        <ele>1759.83</ele>
      </trkpt>
      <trkpt lat="6.9747" lon="125.29721">
        <ele>1759.19</ele>
      </trkpt>
      <trkpt lat="6.97468" lon="125.29722">
        <ele>1758.76</ele>
      </trkpt>
      <trkpt lat="6.97464" lon="125.29728">
        <ele>1756.81</ele>
      </trkpt>
      <trkpt lat="6.97463" lon="125.29732">
        <ele>1755.64</ele>
      </trkpt>
      <trkpt lat="6.97461" lon="125.29734">
        <ele>1754.97</ele>
      </trkpt>
      <trkpt lat="6.97461" lon="125.29736">
        <ele>1754.42</ele>
      </trkpt>
      <trkpt lat="6.97459" lon="125.29739">
        <ele>1753.5</ele>
      </trkpt>
      <trkpt lat="6.97459" lon="125.2974">
        <ele>1753.23</ele>
      </trkpt>
      <trkpt lat="6.97458" lon="125.29741">
        <ele>1752.91</ele>
      </trkpt>
      <trkpt lat="6.97456" lon="125.29746">
        <ele>1751.48</ele>
      </trkpt>
      <trkpt lat="6.97451" lon="125.29749">
        <ele>1750.5</ele>
      </trkpt>
      <trkpt lat="6.9745" lon="125.29752">
        <ele>1749.62</ele>
      </trkpt>
      <trkpt lat="6.97442" lon="125.29759">
        <ele>1747.32</ele>
      </trkpt>
      <trkpt lat="6.97438" lon="125.29763">
        <ele>1746.02</ele>
      </trkpt>
      <trkpt lat="6.97438" lon="125.29764">
        <ele>1745.74</ele>
      </trkpt>
      <trkpt lat="6.97434" lon="125.29767">
        <ele>1744.73</ele>
      </trkpt>
      <trkpt lat="6.97432" lon="125.29767">
        <ele>1744.66</ele>
      </trkpt>
      <trkpt lat="6.9743" lon="125.29769">
        <ele>1744.01</ele>
      </trkpt>
      <trkpt lat="6.97429" lon="125.2977">
        <ele>1743.68</ele>
      </trkpt>
      <trkpt lat="6.97428" lon="125.2977">
        <ele>1743.65</ele>
      </trkpt>
      <trkpt lat="6.97427" lon="125.29771">
        <ele>1743.32</ele>
      </trkpt>
      <trkpt lat="6.97426" lon="125.29772">
        <ele>1743.0</ele>
      </trkpt>
      <trkpt lat="6.97424" lon="125.29774">
        <ele>1742.35</ele>
      </trkpt>
      <trkpt lat="6.97421" lon="125.29777">
        <ele>1741.38</ele>
      </trkpt>
      <trkpt lat="6.97419" lon="125.29778">
        <ele>1741.03</ele>
      </trkpt>
      <trkpt lat="6.97418" lon="125.29781">
        <ele>1740.24</ele>
      </trkpt>
      <trkpt lat="6.97415" lon="125.29782">
        <ele>1739.64</ele>
      </trkpt>
      <trkpt lat="6.97414" lon="125.29784">
        <ele>1738.95</ele>
      </trkpt>
      <trkpt lat="6.9741" lon="125.29786">
        <ele>1737.73</ele>
      </trkpt>
      <trkpt lat="6.97406" lon="125.29791">
        <ele>1735.75</ele>
      </trkpt>
      <trkpt lat="6.97401" lon="125.29793">
        <ele>1734.34</ele>
      </trkpt>
      <trkpt lat="6.97398" lon="125.29796">
        <ele>1733.05</ele>
      </trkpt>
      <trkpt lat="6.97394" lon="125.29798">
        <ele>1731.82</ele>
      </trkpt>
      <trkpt lat="6.97391" lon="125.298">
        <ele>1730.78</ele>
      </trkpt>
      <trkpt lat="6.97388" lon="125.29804">
        <ele>1729.23</ele>
      </trkpt>
      <trkpt lat="6.97386" lon="125.29806">
        <ele>1728.37</ele>
      </trkpt>
      <trkpt lat="6.97384" lon="125.29806">
        <ele>1728.01</ele>
      </trkpt>
      <trkpt lat="6.97382" lon="125.29807">
        <ele>1727.41</ele>
      </trkpt>
      <trkpt lat="6.97379" lon="125.29808">
        <ele>1726.64</ele>
      </trkpt>
      <trkpt lat="6.97376" lon="125.2981">
        <ele>1725.63</ele>
      </trkpt>
      <trkpt lat="6.97373" lon="125.2981">
        <ele>1725.11</ele>
      </trkpt>
      <trkpt lat="6.9737" lon="125.29812">
        <ele>1724.13</ele>
      </trkpt>
      <trkpt lat="6.97367" lon="125.29813">
        <ele>1723.4</ele>
      </trkpt>
      <trkpt lat="6.97364" lon="125.29814">
        <ele>1722.66</ele>
      </trkpt>
      <trkpt lat="6.9736" lon="125.29817">
        <ele>1721.34</ele>
      </trkpt>
      <trkpt lat="6.97358" lon="125.2982">
        <ele>1720.38</ele>
      </trkpt>
      <trkpt lat="6.97357" lon="125.29821">
        <ele>1720.01</ele>
      </trkpt>
      <trkpt lat="6.97357" lon="125.29823">
        <ele>1719.58</ele>
      </trkpt>
      <trkpt lat="6.97356" lon="125.29824">
        <ele>1719.22</ele>
      </trkpt>
      <trkpt lat="6.97355" lon="125.29825">
        <ele>1718.85</ele>
      </trkpt>
      <trkpt lat="6.97352" lon="125.29826">
        <ele>1718.19</ele>
      </trkpt>
      <trkpt lat="6.97345" lon="125.29827">
        <ele>1716.92</ele>
      </trkpt>
      <trkpt lat="6.97341" lon="125.29829">
        <ele>1715.93</ele>
      </trkpt>
      <trkpt lat="6.97339" lon="125.29829">
        <ele>1715.63</ele>
      </trkpt>
      <trkpt lat="6.97329" lon="125.29834">
        <ele>1713.52</ele>
      </trkpt>
      <trkpt lat="6.97323" lon="125.29838">
        <ele>1712.08</ele>
      </trkpt>
      <trkpt lat="6.97316" lon="125.2984">
        <ele>1711.07</ele>
      </trkpt>
      <trkpt lat="6.97312" lon="125.2984">
        <ele>1710.78</ele>
      </trkpt>
      <trkpt lat="6.97308" lon="125.29842">
        <ele>1709.99</ele>
      </trkpt>
      <trkpt lat="6.97305" lon="125.29845">
        <ele>1709.02</ele>
      </trkpt>
      <trkpt lat="6.97301" lon="125.29848">
        <ele>1707.98</ele>
      </trkpt>
      <trkpt lat="6.97289" lon="125.29854">
        <ele>1705.6</ele>
      </trkpt>
      <trkpt lat="6.97289" lon="125.29854">
        <ele>1705.6</ele>
      </trkpt>
      <trkpt lat="6.97289" lon="125.29855">
        <ele>1705.35</ele>
      </trkpt>
      <trkpt lat="6.97288" lon="125.29857">
        <ele>1704.77</ele>
      </trkpt>
      <trkpt lat="6.97286" lon="125.29859">
        <ele>1704.12</ele>
      </trkpt>
      <trkpt lat="6.97284" lon="125.2986">
        <ele>1703.73</ele>
      </trkpt>
      <trkpt lat="6.97283" lon="125.29863">
        <ele>1702.9</ele>
      </trkpt>
      <trkpt lat="6.97282" lon="125.29865">
        <ele>1702.32</ele>
      </trkpt>
      <trkpt lat="6.97279" lon="125.29869">
        <ele>1701.1</ele>
      </trkpt>
      <trkpt lat="6.97274" lon="125.29874">
        <ele>1699.48</ele>
      </trkpt>
      <trkpt lat="6.9727" lon="125.29878">
        <ele>1698.18</ele>
      </trkpt>
      <trkpt lat="6.97266" lon="125.29881">
        <ele>1697.14</ele>
      </trkpt>
      <trkpt lat="6.97263" lon="125.29885">
        <ele>1695.92</ele>
      </trkpt>
      <trkpt lat="6.9726" lon="125.29889">
        <ele>1694.69</ele>
      </trkpt>
      <trkpt lat="6.97256" lon="125.29892">
        <ele>1693.65</ele>
      </trkpt>
      <trkpt lat="6.97253" lon="125.29897">
        <ele>1692.17</ele>
      </trkpt>
      <trkpt lat="6.9725" lon="125.29902">
        <ele>1690.7</ele>
      </trkpt>
      <trkpt lat="6.97245" lon="125.29907">
        <ele>1688.59</ele>
      </trkpt>
      <trkpt lat="6.97242" lon="125.2991">
        <ele>1687.39</ele>
      </trkpt>
      <trkpt lat="6.97239" lon="125.29914">
        <ele>1686.01</ele>
      </trkpt>
      <trkpt lat="6.97235" lon="125.29917">
        <ele>1684.74</ele>
      </trkpt>
      <trkpt lat="6.9723" lon="125.29918">
        <ele>1683.7</ele>
      </trkpt>
      <trkpt lat="6.97225" lon="125.29917">
        <ele>1683.29</ele>
      </trkpt>
      <trkpt lat="6.97221" lon="125.29917">
        <ele>1682.72</ele>
      </trkpt>
      <trkpt lat="6.97219" lon="125.29918">
        <ele>1682.1</ele>
      </trkpt>
      <trkpt lat="6.97218" lon="125.29918">
        <ele>1681.95</ele>
      </trkpt>
      <trkpt lat="6.97217" lon="125.29919">
        <ele>1681.48</ele>
      </trkpt>
      <trkpt lat="6.97215" lon="125.29919">
        <ele>1681.18</ele>
      </trkpt>
      <trkpt lat="6.97214" lon="125.29919">
        <ele>1681.04</ele>
      </trkpt>
      <trkpt lat="6.97213" lon="125.29919">
        <ele>1680.89</ele>
      </trkpt>
      <trkpt lat="6.97211" lon="125.2992">
        <ele>1680.26</ele>
      </trkpt>
      <trkpt lat="6.97209" lon="125.2992">
        <ele>1679.96</ele>
      </trkpt>
      <trkpt lat="6.97204" lon="125.29921">
        <ele>1678.87</ele>
      </trkpt>
      <trkpt lat="6.97199" lon="125.29921">
        <ele>1678.12</ele>
      </trkpt>
      <trkpt lat="6.97198" lon="125.2992">
        <ele>1678.33</ele>
      </trkpt>
      <trkpt lat="6.97196" lon="125.29921">
        <ele>1677.67</ele>
      </trkpt>
      <trkpt lat="6.97191" lon="125.29921">
        <ele>1676.91</ele>
      </trkpt>
      <trkpt lat="6.97188" lon="125.2992">
        <ele>1676.82</ele>
      </trkpt>
      <trkpt lat="6.97187" lon="125.2992">
        <ele>1676.66</ele>
      </trkpt>
      <trkpt lat="6.97186" lon="125.29921">
        <ele>1676.13</ele>
      </trkpt>
      <trkpt lat="6.97184" lon="125.29922">
        <ele>1675.43</ele>
      </trkpt>
      <trkpt lat="6.9718" lon="125.29924">
        <ele>1674.01</ele>
      </trkpt>
      <trkpt lat="6.97179" lon="125.29926">
        <ele>1673.04</ele>
      </trkpt>
      <trkpt lat="6.97176" lon="125.29927">
        <ele>1672.13</ele>
      </trkpt>
      <trkpt lat="6.97175" lon="125.29927">
        <ele>1671.96</ele>
      </trkpt>
      <trkpt lat="6.97172" lon="125.29927">
        <ele>1671.45</ele>
      </trkpt>
      <trkpt lat="6.97168" lon="125.29929">
        <ele>1669.91</ele>
      </trkpt>
      <trkpt lat="6.97167" lon="125.29931">
        <ele>1668.87</ele>
      </trkpt>
      <trkpt lat="6.97163" lon="125.29932">
        <ele>1666.79</ele>
      </trkpt>
      <trkpt lat="6.97161" lon="125.29935">
        <ele>1664.63</ele>
      </trkpt>
      <trkpt lat="6.97157" lon="125.29936">
        <ele>1662.47</ele>
      </trkpt>
      <trkpt lat="6.97155" lon="125.29939">
        <ele>1660.31</ele>
      </trkpt>
      <trkpt lat="6.97154" lon="125.29942">
        <ele>1658.58</ele>
      </trkpt>
      <trkpt lat="6.97153" lon="125.29944">
        <ele>1657.29</ele>
      </trkpt>
      <trkpt lat="6.97149" lon="125.29945">
        <ele>1655.15</ele>
      </trkpt>
      <trkpt lat="6.97149" lon="125.29947">
        <ele>1654.36</ele>
      </trkpt>
      <trkpt lat="6.97149" lon="125.29948">
        <ele>1653.96</ele>
      </trkpt>
      <trkpt lat="6.97148" lon="125.29951">
        <ele>1652.34</ele>
      </trkpt>
      <trkpt lat="6.97149" lon="125.29953">
        <ele>1651.98</ele>
      </trkpt>
      <trkpt lat="6.97149" lon="125.29954">
        <ele>1651.58</ele>
      </trkpt>
      <trkpt lat="6.9715" lon="125.29956">
        <ele>1651.22</ele>
      </trkpt>
      <trkpt lat="6.9715" lon="125.29957">
        <ele>1650.83</ele>
      </trkpt>
      <trkpt lat="6.9715" lon="125.29958">
        <ele>1650.43</ele>
      </trkpt>
      <trkpt lat="6.9715" lon="125.2996">
        <ele>1649.64</ele>
      </trkpt>
      <trkpt lat="6.9715" lon="125.29965">
        <ele>1647.66</ele>
      </trkpt>
      <trkpt lat="6.97148" lon="125.29971">
        <ele>1644.42</ele>
      </trkpt>
      <trkpt lat="6.97145" lon="125.29975">
        <ele>1641.52</ele>
      </trkpt>
      <trkpt lat="6.9714" lon="125.29979">
        <ele>1637.79</ele>
      </trkpt>
      <trkpt lat="6.97139" lon="125.29979">
        <ele>1637.36</ele>
      </trkpt>
      <trkpt lat="6.97139" lon="125.29979">
        <ele>1637.36</ele>
      </trkpt>
      <trkpt lat="6.97124" lon="125.2998">
        <ele>1631.02</ele>
      </trkpt>
      <trkpt lat="6.9712" lon="125.29981">
        <ele>1629.04</ele>
      </trkpt>
      <trkpt lat="6.97115" lon="125.29982">
        <ele>1626.67</ele>
      </trkpt>
      <trkpt lat="6.9711" lon="125.29984">
        <ele>1623.87</ele>
      </trkpt>
      <trkpt lat="6.97105" lon="125.2999">
        <ele>1619.46</ele>
      </trkpt>
      <trkpt lat="6.97105" lon="125.29992">
        <ele>1618.68</ele>
      </trkpt>
      <trkpt lat="6.97105" lon="125.29993">
        <ele>1618.3</ele>
      </trkpt>
      <trkpt lat="6.97105" lon="125.29998">
        <ele>1616.36</ele>
      </trkpt>
      <trkpt lat="6.97104" lon="125.30003">
        <ele>1614.02</ele>
      </trkpt>
      <trkpt lat="6.97096" lon="125.30017">
        <ele>1605.62</ele>
      </trkpt>
      <trkpt lat="6.97094" lon="125.3002">
        <ele>1603.75</ele>
      </trkpt>
      <trkpt lat="6.97092" lon="125.30024">
        <ele>1601.52</ele>
      </trkpt>
      <trkpt lat="6.9709" lon="125.30029">
        <ele>1598.97</ele>
      </trkpt>
      <trkpt lat="6.97088" lon="125.30035">
        <ele>1596.21</ele>
      </trkpt>
      <trkpt lat="6.97086" lon="125.3004">
        <ele>1593.87</ele>
      </trkpt>
      <trkpt lat="6.97085" lon="125.30045">
        <ele>1591.91</ele>
      </trkpt>
      <trkpt lat="6.97077" lon="125.30054">
        <ele>1588.92</ele>
      </trkpt>
      <trkpt lat="6.97073" lon="125.30058">
        <ele>1587.96</ele>
      </trkpt>
      <trkpt lat="6.9707" lon="125.30062">
        <ele>1586.97</ele>
      </trkpt>
      <trkpt lat="6.97067" lon="125.30065">
        <ele>1586.38</ele>
      </trkpt>
      <trkpt lat="6.97064" lon="125.30069">
        <ele>1585.56</ele>
      </trkpt>
      <trkpt lat="6.9706" lon="125.30073">
        <ele>1584.98</ele>
      </trkpt>
      <trkpt lat="6.97056" lon="125.30077">
        <ele>1584.53</ele>
      </trkpt>
      <trkpt lat="6.97051" lon="125.30083">
        <ele>1583.9</ele>
      </trkpt>
      <trkpt lat="6.97047" lon="125.30088">
        <ele>1584.1</ele>
      </trkpt>
      <trkpt lat="6.97045" lon="125.30091">
        <ele>1584.14</ele>
      </trkpt>
      <trkpt lat="6.97044" lon="125.30092">
        <ele>1584.2</ele>
      </trkpt>
      <trkpt lat="6.97044" lon="125.30094">
        <ele>1583.99</ele>
      </trkpt>
      <trkpt lat="6.97043" lon="125.30096">
        <ele>1583.94</ele>
      </trkpt>
      <trkpt lat="6.97043" lon="125.30097">
        <ele>1583.83</ele>
      </trkpt>
      <trkpt lat="6.97041" lon="125.30099">
        <ele>1583.9</ele>
      </trkpt>
      <trkpt lat="6.97039" lon="125.30102">
        <ele>1583.83</ele>
      </trkpt>
      <trkpt lat="6.97036" lon="125.30107">
        <ele>1583.62</ele>
      </trkpt>
      <trkpt lat="6.97032" lon="125.30113">
        <ele>1583.29</ele>
      </trkpt>
      <trkpt lat="6.97029" lon="125.30123">
        <ele>1582.19</ele>
      </trkpt>
      <trkpt lat="6.97026" lon="125.30127">
        <ele>1581.87</ele>
      </trkpt>
      <trkpt lat="6.97025" lon="125.30128">
        <ele>1581.81</ele>
      </trkpt>
      <trkpt lat="6.97023" lon="125.30131">
        <ele>1581.53</ele>
      </trkpt>
      <trkpt lat="6.97021" lon="125.30135">
        <ele>1581.08</ele>
      </trkpt>
      <trkpt lat="6.9701" lon="125.30153">
        <ele>1578.6</ele>
      </trkpt>
      <trkpt lat="6.97007" lon="125.30166">
        <ele>1576.13</ele>
      </trkpt>
      <trkpt lat="6.97005" lon="125.3017">
        <ele>1575.9</ele>
      </trkpt>
      <trkpt lat="6.97004" lon="125.30172">
        <ele>1575.84</ele>
      </trkpt>
      <trkpt lat="6.97003" lon="125.30174">
        <ele>1575.76</ele>
      </trkpt>
      <trkpt lat="6.97" lon="125.30177">
        <ele>1575.63</ele>
      </trkpt>
      <trkpt lat="6.96995" lon="125.30178">
        <ele>1575.95</ele>
      </trkpt>
      <trkpt lat="6.96994" lon="125.30181">
        <ele>1575.92</ele>
      </trkpt>
      <trkpt lat="6.96992" lon="125.30185">
        <ele>1575.92</ele>
      </trkpt>
      <trkpt lat="6.96993" lon="125.30191">
        <ele>1575.63</ele>
      </trkpt>
      <trkpt lat="6.96993" lon="125.30202">
        <ele>1575.03</ele>
      </trkpt>
      <trkpt lat="6.96992" lon="125.30208">
        <ele>1574.74</ele>
      </trkpt>
      <trkpt lat="6.9699" lon="125.30212">
        <ele>1574.68</ele>
      </trkpt>
      <trkpt lat="6.96989" lon="125.30214">
        <ele>1574.66</ele>
      </trkpt>
      <trkpt lat="6.96989" lon="125.30215">
        <ele>1574.61</ele>
      </trkpt>
      <trkpt lat="6.96988" lon="125.30217">
        <ele>1574.59</ele>
      </trkpt>
      <trkpt lat="6.96988" lon="125.30219">
        <ele>1574.48</ele>
      </trkpt>
      <trkpt lat="6.96988" lon="125.30224">
        <ele>1574.23</ele>
      </trkpt>
      <trkpt lat="6.96989" lon="125.3023">
        <ele>1573.91</ele>
      </trkpt>
      <trkpt lat="6.96987" lon="125.30233">
        <ele>1574.02</ele>
      </trkpt>
      <trkpt lat="6.96986" lon="125.30235">
        <ele>1574.05</ele>
      </trkpt>
      <trkpt lat="6.96986" lon="125.30235">
        <ele>1574.05</ele>
      </trkpt>
      <trkpt lat="6.96985" lon="125.30255">
        <ele>1573.07</ele>
      </trkpt>
      <trkpt lat="6.96985" lon="125.30257">
        <ele>1572.84</ele>
      </trkpt>
      <trkpt lat="6.96984" lon="125.30262">
        <ele>1572.37</ele>
      </trkpt>
      <trkpt lat="6.96983" lon="125.30267">
        <ele>1571.86</ele>
      </trkpt>
      <trkpt lat="6.96977" lon="125.30279">
        <ele>1570.63</ele>
      </trkpt>
      <trkpt lat="6.96976" lon="125.30282">
        <ele>1570.17</ele>
      </trkpt>
      <trkpt lat="6.96975" lon="125.30288">
        <ele>1569.17</ele>
      </trkpt>
      <trkpt lat="6.96976" lon="125.30291">
        <ele>1568.68</ele>
      </trkpt>
      <trkpt lat="6.96978" lon="125.30294">
        <ele>1568.24</ele>
      </trkpt>
      <trkpt lat="6.96977" lon="125.30299">
        <ele>1567.4</ele>
      </trkpt>
      <trkpt lat="6.96969" lon="125.30309">
        <ele>1565.36</ele>
      </trkpt>
      <trkpt lat="6.96969" lon="125.30311">
        <ele>1565.05</ele>
      </trkpt>
      <trkpt lat="6.96968" lon="125.30316">
        <ele>1564.23</ele>
      </trkpt>
      <trkpt lat="6.96969" lon="125.3032">
        <ele>1563.68</ele>
      </trkpt>
      <trkpt lat="6.96971" lon="125.30323">
        <ele>1563.39</ele>
      </trkpt>
      <trkpt lat="6.96972" lon="125.30326">
        <ele>1563.04</ele>
      </trkpt>
      <trkpt lat="6.96975" lon="125.30329">
        <ele>1562.99</ele>
      </trkpt>
      <trkpt lat="6.96976" lon="125.30331">
        <ele>1562.86</ele>
      </trkpt>
      <trkpt lat="6.96978" lon="125.30333">
        <ele>1562.88</ele>
      </trkpt>
      <trkpt lat="6.9698" lon="125.30334">
        <ele>1563.04</ele>
      </trkpt>
      <trkpt lat="6.9698" lon="125.30336">
        <ele>1562.81</ele>
      </trkpt>
      <trkpt lat="6.96981" lon="125.30338">
        <ele>1562.71</ele>
      </trkpt>
      <trkpt lat="6.96982" lon="125.30341">
        <ele>1562.48</ele>
      </trkpt>
      <trkpt lat="6.96982" lon="125.30345">
        <ele>1562.0</ele>
      </trkpt>
      <trkpt lat="6.96981" lon="125.3035">
        <ele>1561.27</ele>
      </trkpt>
      <trkpt lat="6.96979" lon="125.30353">
        <ele>1560.68</ele>
      </trkpt>
      <trkpt lat="6.96975" lon="125.30356">
        <ele>1559.87</ele>
      </trkpt>
      <trkpt lat="6.96966" lon="125.30363">
        <ele>1557.85</ele>
      </trkpt>
      <trkpt lat="6.96964" lon="125.30367">
        <ele>1557.03</ele>
      </trkpt>
      <trkpt lat="6.96961" lon="125.3037">
        <ele>1556.23</ele>
      </trkpt>
      <trkpt lat="6.96958" lon="125.30372">
        <ele>1555.58</ele>
      </trkpt>
      <trkpt lat="6.96956" lon="125.30374">
        <ele>1555.08</ele>
      </trkpt>
      <trkpt lat="6.96952" lon="125.30378">
        <ele>1554.1</ele>
      </trkpt>
      <trkpt lat="6.9695" lon="125.30382">
        <ele>1553.39</ele>
      </trkpt>
      <trkpt lat="6.96943" lon="125.3039">
        <ele>1551.72</ele>
      </trkpt>
      <trkpt lat="6.96941" lon="125.30394">
        <ele>1551.08</ele>
      </trkpt>
      <trkpt lat="6.96942" lon="125.30401">
        <ele>1550.43</ele>
      </trkpt>
      <trkpt lat="6.96941" lon="125.30404">
        <ele>1550.0</ele>
      </trkpt>
      <trkpt lat="6.96941" lon="125.30406">
        <ele>1549.78</ele>
      </trkpt>
      <trkpt lat="6.96941" lon="125.3041">
        <ele>1549.35</ele>
      </trkpt>
      <trkpt lat="6.96944" lon="125.30412">
        <ele>1549.46</ele>
      </trkpt>
      <trkpt lat="6.96949" lon="125.30415">
        <ele>1549.67</ele>
      </trkpt>
      <trkpt lat="6.96947" lon="125.30417">
        <ele>1549.21</ele>
      </trkpt>
      <trkpt lat="6.96947" lon="125.30419">
        <ele>1548.79</ele>
      </trkpt>
      <trkpt lat="6.96945" lon="125.30422">
        <ele>1547.92</ele>
      </trkpt>
      <trkpt lat="6.96945" lon="125.30426">
        <ele>1547.06</ele>
      </trkpt>
      <trkpt lat="6.96942" lon="125.30431">
        <ele>1545.55</ele>
      </trkpt>
      <trkpt lat="6.96936" lon="125.30433">
        <ele>1544.2</ele>
      </trkpt>
      <trkpt lat="6.96932" lon="125.30435">
        <ele>1543.1</ele>
      </trkpt>
      <trkpt lat="6.9693" lon="125.30438">
        <ele>1542.03</ele>
      </trkpt>
      <trkpt lat="6.96929" lon="125.30441">
        <ele>1541.1</ele>
      </trkpt>
      <trkpt lat="6.96929" lon="125.30445">
        <ele>1540.09</ele>
      </trkpt>
      <trkpt lat="6.96927" lon="125.30448">
        <ele>1539.01</ele>
      </trkpt>
      <trkpt lat="6.96925" lon="125.30449">
        <ele>1538.4</ele>
      </trkpt>
      <trkpt lat="6.96919" lon="125.30451">
        <ele>1536.79</ele>
      </trkpt>
      <trkpt lat="6.96917" lon="125.30453">
        <ele>1535.91</ele>
      </trkpt>
      <trkpt lat="6.96912" lon="125.30454">
        <ele>1533.01</ele>
      </trkpt>
      <trkpt lat="6.96911" lon="125.30454">
        <ele>1532.46</ele>
      </trkpt>
      <trkpt lat="6.96912" lon="125.30459">
        <ele>1531.72</ele>
      </trkpt>
      <trkpt lat="6.96911" lon="125.30462">
        <ele>1530.39</ele>
      </trkpt>
      <trkpt lat="6.96912" lon="125.30464">
        <ele>1530.43</ele>
      </trkpt>
      <trkpt lat="6.96913" lon="125.30465">
        <ele>1530.74</ele>
      </trkpt>
      <trkpt lat="6.96914" lon="125.30466">
        <ele>1531.05</ele>
      </trkpt>
      <trkpt lat="6.96914" lon="125.30468">
        <ele>1530.54</ele>
      </trkpt>
      <trkpt lat="6.96914" lon="125.3047">
        <ele>1530.03</ele>
      </trkpt>
      <trkpt lat="6.96914" lon="125.30471">
        <ele>1529.78</ele>
      </trkpt>
      <trkpt lat="6.96914" lon="125.30475">
        <ele>1528.66</ele>
      </trkpt>
      <trkpt lat="6.96914" lon="125.3048">
        <ele>1527.22</ele>
      </trkpt>
      <trkpt lat="6.96912" lon="125.30482">
        <ele>1525.5</ele>
      </trkpt>
      <trkpt lat="6.96912" lon="125.30486">
        <ele>1524.34</ele>
      </trkpt>
      <trkpt lat="6.96912" lon="125.30489">
        <ele>1523.48</ele>
      </trkpt>
      <trkpt lat="6.96912" lon="125.30491">
        <ele>1522.9</ele>
      </trkpt>
      <trkpt lat="6.96913" lon="125.30493">
        <ele>1522.9</ele>
      </trkpt>
      <trkpt lat="6.96913" lon="125.30496">
        <ele>1522.04</ele>
      </trkpt>
      <trkpt lat="6.96915" lon="125.30499">
        <ele>1522.33</ele>
      </trkpt>
      <trkpt lat="6.96915" lon="125.305">
        <ele>1522.04</ele>
      </trkpt>
      <trkpt lat="6.96914" lon="125.305">
        <ele>1521.46</ele>
      </trkpt>
      <trkpt lat="6.96914" lon="125.30501">
        <ele>1520.89</ele>
      </trkpt>
      <trkpt lat="6.96913" lon="125.30505">
        <ele>1518.03</ele>
      </trkpt>
      <trkpt lat="6.96914" lon="125.30513">
        <ele>1514.02</ele>
      </trkpt>
      <trkpt lat="6.96916" lon="125.30518">
        <ele>1512.26</ele>
      </trkpt>
      <trkpt lat="6.9692" lon="125.30521">
        <ele>1512.17</ele>
      </trkpt>
      <trkpt lat="6.96922" lon="125.30523">
        <ele>1511.8</ele>
      </trkpt>
      <trkpt lat="6.96926" lon="125.30526">
        <ele>1511.68</ele>
      </trkpt>
      <trkpt lat="6.96933" lon="125.30532">
        <ele>1511.21</ele>
      </trkpt>
      <trkpt lat="6.96935" lon="125.30534">
        <ele>1510.97</ele>
      </trkpt>
      <trkpt lat="6.96935" lon="125.30534">
        <ele>1510.97</ele>
      </trkpt>
      <trkpt lat="6.9694" lon="125.30539">
        <ele>1510.45</ele>
      </trkpt>
      <trkpt lat="6.96942" lon="125.30542">
        <ele>1509.77</ele>
      </trkpt>
      <trkpt lat="6.96946" lon="125.30546">
        <ele>1509.45</ele>
      </trkpt>
      <trkpt lat="6.96949" lon="125.30549">
        <ele>1509.19</ele>
      </trkpt>
      <trkpt lat="6.96951" lon="125.30553">
        <ele>1508.08</ele>
      </trkpt>
      <trkpt lat="6.96949" lon="125.30558">
        <ele>1504.76</ele>
      </trkpt>
      <trkpt lat="6.96946" lon="125.30561">
        <ele>1501.95</ele>
      </trkpt>
      <trkpt lat="6.96926" lon="125.30557">
        <ele>1494.57</ele>
      </trkpt>
      <trkpt lat="6.96924" lon="125.30557">
        <ele>1493.63</ele>
      </trkpt>
      <trkpt lat="6.96921" lon="125.30554">
        <ele>1493.91</ele>
      </trkpt>
      <trkpt lat="6.96916" lon="125.30552">
        <ele>1492.69</ele>
      </trkpt>
      <trkpt lat="6.96912" lon="125.3055">
        <ele>1491.68</ele>
      </trkpt>
      <trkpt lat="6.96907" lon="125.3055">
        <ele>1488.98</ele>
      </trkpt>
      <trkpt lat="6.96903" lon="125.30554">
        <ele>1484.52</ele>
      </trkpt>
      <trkpt lat="6.96901" lon="125.30565">
        <ele>1477.29</ele>
      </trkpt>
      <trkpt lat="6.96901" lon="125.30565">
        <ele>1477.29</ele>
      </trkpt>
      <trkpt lat="6.96899" lon="125.3057">
        <ele>1473.47</ele>
      </trkpt>
      <trkpt lat="6.96894" lon="125.30569">
        <ele>1471.41</ele>
      </trkpt>
      <trkpt lat="6.96889" lon="125.30568">
        <ele>1469.34</ele>
      </trkpt>
      <trkpt lat="6.96889" lon="125.30571">
        <ele>1467.72</ele>
      </trkpt>
      <trkpt lat="6.96891" lon="125.30573">
        <ele>1467.67</ele>
      </trkpt>
      <trkpt lat="6.96894" lon="125.30576">
        <ele>1467.58</ele>
      </trkpt>
      <trkpt lat="6.96896" lon="125.3058">
        <ele>1466.41</ele>
      </trkpt>
      <trkpt lat="6.96899" lon="125.30588">
        <ele>1463.84</ele>
      </trkpt>
      <trkpt lat="6.96899" lon="125.30588">
        <ele>1463.84</ele>
      </trkpt>
      <trkpt lat="6.96903" lon="125.30596">
        <ele>1461.71</ele>
      </trkpt>
      <trkpt lat="6.96904" lon="125.30599">
        <ele>1460.62</ele>
      </trkpt>
      <trkpt lat="6.96905" lon="125.30604">
        <ele>1458.47</ele>
      </trkpt>
      <trkpt lat="6.96902" lon="125.30608">
        <ele>1455.28</ele>
      </trkpt>
      <trkpt lat="6.96898" lon="125.3061">
        <ele>1452.81</ele>
      </trkpt>
      <trkpt lat="6.96889" lon="125.30616">
        <ele>1446.75</ele>
      </trkpt>
      <trkpt lat="6.96887" lon="125.30618">
        <ele>1445.16</ele>
      </trkpt>
      <trkpt lat="6.96885" lon="125.3062">
        <ele>1443.62</ele>
      </trkpt>
      <trkpt lat="6.96883" lon="125.30622">
        <ele>1442.12</ele>
      </trkpt>
      <trkpt lat="6.96881" lon="125.30624">
        <ele>1440.66</ele>
      </trkpt>
      <trkpt lat="6.9688" lon="125.30626">
        <ele>1439.52</ele>
      </trkpt>
      <trkpt lat="6.96875" lon="125.30631">
        <ele>1436.12</ele>
      </trkpt>
      <trkpt lat="6.96872" lon="125.30638">
        <ele>1432.69</ele>
      </trkpt>
      <trkpt lat="6.96868" lon="125.30643">
        <ele>1430.05</ele>
      </trkpt>
      <trkpt lat="6.96865" lon="125.30649">
        <ele>1427.41</ele>
      </trkpt>
      <trkpt lat="6.96862" lon="125.30653">
        <ele>1425.57</ele>
      </trkpt>
      <trkpt lat="6.9686" lon="125.30657">
        <ele>1423.96</ele>
      </trkpt>
      <trkpt lat="6.96857" lon="125.30659">
        <ele>1422.88</ele>
      </trkpt>
      <trkpt lat="6.96854" lon="125.3066">
        <ele>1422.15</ele>
      </trkpt>
      <trkpt lat="6.96849" lon="125.30661">
        <ele>1421.17</ele>
      </trkpt>
      <trkpt lat="6.96846" lon="125.3066">
        <ele>1421.01</ele>
      </trkpt>
      <trkpt lat="6.96838" lon="125.3066">
        <ele>1419.87</ele>
      </trkpt>
      <trkpt lat="6.96832" lon="125.30663">
        <ele>1418.39</ele>
      </trkpt>
      <trkpt lat="6.96828" lon="125.30664">
        <ele>1417.38</ele>
      </trkpt>
      <trkpt lat="6.9682" lon="125.30668">
        <ele>1414.95</ele>
      </trkpt>
      <trkpt lat="6.96807" lon="125.30672">
        <ele>1411.55</ele>
      </trkpt>
      <trkpt lat="6.96804" lon="125.30674">
        <ele>1410.61</ele>
      </trkpt>
      <trkpt lat="6.96801" lon="125.30674">
        <ele>1409.96</ele>
      </trkpt>
      <trkpt lat="6.96799" lon="125.30676">
        <ele>1409.24</ele>
      </trkpt>
      <trkpt lat="6.96795" lon="125.30677">
        <ele>1408.23</ele>
      </trkpt>
      <trkpt lat="6.9679" lon="125.3068">
        <ele>1406.72</ele>
      </trkpt>
      <trkpt lat="6.96783" lon="125.30681">
        <ele>1405.06</ele>
      </trkpt>
      <trkpt lat="6.9678" lon="125.3068">
        <ele>1404.56</ele>
      </trkpt>
      <trkpt lat="6.96777" lon="125.3068">
        <ele>1403.9</ele>
      </trkpt>
      <trkpt lat="6.96776" lon="125.3068">
        <ele>1403.67</ele>
      </trkpt>
      <trkpt lat="6.96775" lon="125.3068">
        <ele>1403.43</ele>
      </trkpt>
      <trkpt lat="6.96773" lon="125.3068">
        <ele>1402.97</ele>
      </trkpt>
      <trkpt lat="6.96771" lon="125.3068">
        <ele>1402.5</ele>
      </trkpt>
      <trkpt lat="6.96768" lon="125.30681">
        <ele>1401.64</ele>
      </trkpt>
      <trkpt lat="6.96764" lon="125.30682">
        <ele>1400.54</ele>
      </trkpt>
      <trkpt lat="6.96762" lon="125.30684">
        <ele>1399.74</ele>
      </trkpt>
      <trkpt lat="6.9676" lon="125.30686">
        <ele>1398.93</ele>
      </trkpt>
      <trkpt lat="6.96759" lon="125.30689">
        <ele>1398.18</ele>
      </trkpt>
      <trkpt lat="6.96761" lon="125.30693">
        <ele>1398.01</ele>
      </trkpt>
      <trkpt lat="6.96761" lon="125.30701">
        <ele>1396.59</ele>
      </trkpt>
      <trkpt lat="6.96762" lon="125.30705">
        <ele>1396.12</ele>
      </trkpt>
      <trkpt lat="6.96764" lon="125.30708">
        <ele>1396.09</ele>
      </trkpt>
      <trkpt lat="6.96766" lon="125.30718">
        <ele>1394.79</ele>
      </trkpt>
      <trkpt lat="6.96764" lon="125.30728">
        <ele>1392.59</ele>
      </trkpt>
      <trkpt lat="6.9676" lon="125.30738">
        <ele>1389.88</ele>
      </trkpt>
      <trkpt lat="6.9676" lon="125.30743">
        <ele>1389.05</ele>
      </trkpt>
      <trkpt lat="6.96758" lon="125.30748">
        <ele>1387.64</ele>
      </trkpt>
      <trkpt lat="6.96757" lon="125.30752">
        <ele>1386.71</ele>
      </trkpt>
      <trkpt lat="6.96756" lon="125.30756">
        <ele>1385.82</ele>
      </trkpt>
      <trkpt lat="6.96756" lon="125.30761">
        <ele>1385.06</ele>
      </trkpt>
      <trkpt lat="6.96756" lon="125.30767">
        <ele>1384.15</ele>
      </trkpt>
      <trkpt lat="6.96757" lon="125.30775">
        <ele>1383.19</ele>
      </trkpt>
      <trkpt lat="6.96756" lon="125.30778">
        <ele>1382.48</ele>
      </trkpt>
      <trkpt lat="6.96756" lon="125.30784">
        <ele>1381.69</ele>
      </trkpt>
      <trkpt lat="6.96756" lon="125.30786">
        <ele>1381.43</ele>
      </trkpt>
      <trkpt lat="6.96756" lon="125.3079">
        <ele>1380.91</ele>
      </trkpt>
      <trkpt lat="6.96752" lon="125.308">
        <ele>1378.93</ele>
      </trkpt>
      <trkpt lat="6.96752" lon="125.30805">
        <ele>1378.35</ele>
      </trkpt>
      <trkpt lat="6.9675" lon="125.30812">
        <ele>1377.07</ele>
      </trkpt>
      <trkpt lat="6.9675" lon="125.30815">
        <ele>1376.64</ele>
      </trkpt>
      <trkpt lat="6.9675" lon="125.30821">
        <ele>1375.78</ele>
      </trkpt>
      <trkpt lat="6.96751" lon="125.30824">
        <ele>1375.46</ele>
      </trkpt>
      <trkpt lat="6.96751" lon="125.30828">
        <ele>1374.88</ele>
      </trkpt>
      <trkpt lat="6.9675" lon="125.30832">
        <ele>1374.19</ele>
      </trkpt>
      <trkpt lat="6.9675" lon="125.30838">
        <ele>1374.0</ele>
      </trkpt>
      <trkpt lat="6.96749" lon="125.30841">
        <ele>1373.89</ele>
      </trkpt>
      <trkpt lat="6.96747" lon="125.30844">
        <ele>1373.68</ele>
      </trkpt>
      <trkpt lat="6.96746" lon="125.30847">
        <ele>1373.57</ele>
      </trkpt>
      <trkpt lat="6.96744" lon="125.3085">
        <ele>1373.35</ele>
      </trkpt>
      <trkpt lat="6.96741" lon="125.30852">
        <ele>1373.03</ele>
      </trkpt>
      <trkpt lat="6.96739" lon="125.30855">
        <ele>1372.81</ele>
      </trkpt>
      <trkpt lat="6.96732" lon="125.30861">
        <ele>1372.06</ele>
      </trkpt>
      <trkpt lat="6.96729" lon="125.30862">
        <ele>1371.71</ele>
      </trkpt>
      <trkpt lat="6.96726" lon="125.30867">
        <ele>1371.22</ele>
      </trkpt>
      <trkpt lat="6.96724" lon="125.30873">
        <ele>1370.79</ele>
      </trkpt>
      <trkpt lat="6.96721" lon="125.30876">
        <ele>1370.31</ele>
      </trkpt>
      <trkpt lat="6.96718" lon="125.30878">
        <ele>1369.84</ele>
      </trkpt>
      <trkpt lat="6.96719" lon="125.30879">
        <ele>1369.93</ele>
      </trkpt>
      <trkpt lat="6.96716" lon="125.30881">
        <ele>1369.45</ele>
      </trkpt>
      <trkpt lat="6.96714" lon="125.30884">
        <ele>1369.04</ele>
      </trkpt>
      <trkpt lat="6.9671" lon="125.30891">
        <ele>1368.21</ele>
      </trkpt>
      <trkpt lat="6.96706" lon="125.30902">
        <ele>1367.39</ele>
      </trkpt>
      <trkpt lat="6.96704" lon="125.30909">
        <ele>1366.9</ele>
      </trkpt>
      <trkpt lat="6.96702" lon="125.30913">
        <ele>1366.46</ele>
      </trkpt>
      <trkpt lat="6.96701" lon="125.30916">
        <ele>1366.2</ele>
      </trkpt>
      <trkpt lat="6.967" lon="125.30918">
        <ele>1365.92</ele>
      </trkpt>
      <trkpt lat="6.96698" lon="125.30923">
        <ele>1365.32</ele>
      </trkpt>
      <trkpt lat="6.96696" lon="125.30927">
        <ele>1364.85</ele>
      </trkpt>
      <trkpt lat="6.96694" lon="125.30932">
        <ele>1364.39</ele>
      </trkpt>
      <trkpt lat="6.96684" lon="125.30943">
        <ele>1362.9</ele>
      </trkpt>
      <trkpt lat="6.96683" lon="125.30945">
        <ele>1362.74</ele>
      </trkpt>
      <trkpt lat="6.96675" lon="125.30953">
        <ele>1361.72</ele>
      </trkpt>
      <trkpt lat="6.96671" lon="125.3096">
        <ele>1361.29</ele>
      </trkpt>
      <trkpt lat="6.96668" lon="125.30963">
        <ele>1361.08</ele>
      </trkpt>
      <trkpt lat="6.96665" lon="125.30968">
        <ele>1360.83</ele>
      </trkpt>
      <trkpt lat="6.9666" lon="125.30974">
        <ele>1360.25</ele>
      </trkpt>
      <trkpt lat="6.96658" lon="125.30977">
        <ele>1359.96</ele>
      </trkpt>
      <trkpt lat="6.96658" lon="125.30979">
        <ele>1359.91</ele>
      </trkpt>
      <trkpt lat="6.96656" lon="125.30985">
        <ele>1359.49</ele>
      </trkpt>
      <trkpt lat="6.96654" lon="125.30988">
        <ele>1359.11</ele>
      </trkpt>
      <trkpt lat="6.96653" lon="125.3099">
        <ele>1358.89</ele>
      </trkpt>
      <trkpt lat="6.96653" lon="125.30993">
        <ele>1358.79</ele>
      </trkpt>
      <trkpt lat="6.96651" lon="125.30997">
        <ele>1358.3</ele>
      </trkpt>
      <trkpt lat="6.96649" lon="125.31004">
        <ele>1357.39</ele>
      </trkpt>
      <trkpt lat="6.96647" lon="125.31011">
        <ele>1356.27</ele>
      </trkpt>
      <trkpt lat="6.96647" lon="125.31015">
        <ele>1355.84</ele>
      </trkpt>
      <trkpt lat="6.96646" lon="125.31019">
        <ele>1355.23</ele>
      </trkpt>
      <trkpt lat="6.96643" lon="125.31025">
        <ele>1354.04</ele>
      </trkpt>
      <trkpt lat="6.96639" lon="125.31029">
        <ele>1352.89</ele>
      </trkpt>
      <trkpt lat="6.96635" lon="125.31032">
        <ele>1351.98</ele>
      </trkpt>
      <trkpt lat="6.96632" lon="125.31035">
        <ele>1351.23</ele>
      </trkpt>
      <trkpt lat="6.9663" lon="125.31037">
        <ele>1350.72</ele>
      </trkpt>
      <trkpt lat="6.96627" lon="125.31041">
        <ele>1349.86</ele>
      </trkpt>
      <trkpt lat="6.96626" lon="125.31045">
        <ele>1349.28</ele>
      </trkpt>
      <trkpt lat="6.96621" lon="125.31054">
        <ele>1347.59</ele>
      </trkpt>
      <trkpt lat="6.96619" lon="125.31059">
        <ele>1346.85</ele>
      </trkpt>
      <trkpt lat="6.96618" lon="125.31062">
        <ele>1346.47</ele>
      </trkpt>
      <trkpt lat="6.96617" lon="125.31064">
        <ele>1346.18</ele>
      </trkpt>
      <trkpt lat="6.96613" lon="125.31068">
        <ele>1345.35</ele>
      </trkpt>
      <trkpt lat="6.9661" lon="125.3107">
        <ele>1344.8</ele>
      </trkpt>
      <trkpt lat="6.96608" lon="125.31073">
        <ele>1344.3</ele>
      </trkpt>
      <trkpt lat="6.96605" lon="125.31075">
        <ele>1343.72</ele>
      </trkpt>
      <trkpt lat="6.96602" lon="125.31078">
        <ele>1343.07</ele>
      </trkpt>
      <trkpt lat="6.96598" lon="125.31083">
        <ele>1342.14</ele>
      </trkpt>
      <trkpt lat="6.96594" lon="125.31086">
        <ele>1341.06</ele>
      </trkpt>
      <trkpt lat="6.96593" lon="125.31088">
        <ele>1340.55</ele>
      </trkpt>
      <trkpt lat="6.96591" lon="125.31092">
        <ele>1339.54</ele>
      </trkpt>
      <trkpt lat="6.96593" lon="125.31105">
        <ele>1337.49</ele>
      </trkpt>
      <trkpt lat="6.96594" lon="125.31108">
        <ele>1337.1</ele>
      </trkpt>
      <trkpt lat="6.96594" lon="125.31113">
        <ele>1336.45</ele>
      </trkpt>
      <trkpt lat="6.96596" lon="125.31117">
        <ele>1336.65</ele>
      </trkpt>
      <trkpt lat="6.96596" lon="125.31121">
        <ele>1336.54</ele>
      </trkpt>
      <trkpt lat="6.96598" lon="125.31127">
        <ele>1336.94</ele>
      </trkpt>
      <trkpt lat="6.96598" lon="125.3113">
        <ele>1336.91</ele>
      </trkpt>
      <trkpt lat="6.96597" lon="125.31134">
        <ele>1336.51</ele>
      </trkpt>
      <trkpt lat="6.96597" lon="125.3114">
        <ele>1336.67</ele>
      </trkpt>
      <trkpt lat="6.96595" lon="125.31148">
        <ele>1337.78</ele>
      </trkpt>
      <trkpt lat="6.96594" lon="125.3115">
        <ele>1337.87</ele>
      </trkpt>
      <trkpt lat="6.96594" lon="125.31152">
        <ele>1338.35</ele>
      </trkpt>
      <trkpt lat="6.96594" lon="125.31155">
        <ele>1339.06</ele>
      </trkpt>
      <trkpt lat="6.96593" lon="125.31158">
        <ele>1339.4</ele>
      </trkpt>
      <trkpt lat="6.96593" lon="125.31161">
        <ele>1340.12</ele>
      </trkpt>
      <trkpt lat="6.96591" lon="125.31166">
        <ele>1340.6</ele>
      </trkpt>
      <trkpt lat="6.96587" lon="125.31172">
        <ele>1339.52</ele>
      </trkpt>
      <trkpt lat="6.96586" lon="125.31175">
        <ele>1339.43</ele>
      </trkpt>
      <trkpt lat="6.96584" lon="125.31177">
        <ele>1339.22</ele>
      </trkpt>
      <trkpt lat="6.96582" lon="125.31182">
        <ele>1339.06</ele>
      </trkpt>
      <trkpt lat="6.96578" lon="125.31188">
        <ele>1337.49</ele>
      </trkpt>
      <trkpt lat="6.96572" lon="125.31198">
        <ele>1332.77</ele>
      </trkpt>
      <trkpt lat="6.96563" lon="125.31207">
        <ele>1325.75</ele>
      </trkpt>
      <trkpt lat="6.96558" lon="125.31213">
        <ele>1322.79</ele>
      </trkpt>
      <trkpt lat="6.96553" lon="125.31218">
        <ele>1321.49</ele>
      </trkpt>
      <trkpt lat="6.96549" lon="125.31222">
        <ele>1321.25</ele>
      </trkpt>
      <trkpt lat="6.96545" lon="125.31224">
        <ele>1321.2</ele>
      </trkpt>
      <trkpt lat="6.96542" lon="125.31225">
        <ele>1321.19</ele>
      </trkpt>
      <trkpt lat="6.96539" lon="125.31227">
        <ele>1321.05</ele>
      </trkpt>
      <trkpt lat="6.96536" lon="125.31229">
        <ele>1320.87</ele>
      </trkpt>
      <trkpt lat="6.96521" lon="125.31233">
        <ele>1320.19</ele>
      </trkpt>
      <trkpt lat="6.96518" lon="125.31232">
        <ele>1320.16</ele>
      </trkpt>
      <trkpt lat="6.96513" lon="125.31232">
        <ele>1319.93</ele>
      </trkpt>
      <trkpt lat="6.9651" lon="125.31231">
        <ele>1319.83</ele>
      </trkpt>
      <trkpt lat="6.96504" lon="125.31231">
        <ele>1319.52</ele>
      </trkpt>
      <trkpt lat="6.96501" lon="125.31232">
        <ele>1319.4</ele>
      </trkpt>
      <trkpt lat="6.96496" lon="125.31233">
        <ele>1319.27</ele>
      </trkpt>
      <trkpt lat="6.96488" lon="125.31237">
        <ele>1319.36</ele>
      </trkpt>
      <trkpt lat="6.9648" lon="125.31243">
        <ele>1319.92</ele>
      </trkpt>
      <trkpt lat="6.96476" lon="125.31246">
        <ele>1320.35</ele>
      </trkpt>
      <trkpt lat="6.96472" lon="125.31248">
        <ele>1320.65</ele>
      </trkpt>
      <trkpt lat="6.96467" lon="125.31253">
        <ele>1319.19</ele>
      </trkpt>
      <trkpt lat="6.96465" lon="125.31256">
        <ele>1318.33</ele>
      </trkpt>
      <trkpt lat="6.96463" lon="125.31257">
        <ele>1317.67</ele>
      </trkpt>
      <trkpt lat="6.96461" lon="125.3126">
        <ele>1316.83</ele>
      </trkpt>
      <trkpt lat="6.96457" lon="125.31264">
        <ele>1315.38</ele>
      </trkpt>
      <trkpt lat="6.96453" lon="125.31268">
        <ele>1313.97</ele>
      </trkpt>
      <trkpt lat="6.96444" lon="125.3128">
        <ele>1310.57</ele>
      </trkpt>
      <trkpt lat="6.96434" lon="125.31296">
        <ele>1306.98</ele>
      </trkpt>
      <trkpt lat="6.96425" lon="125.3131">
        <ele>1305.01</ele>
      </trkpt>
      <trkpt lat="6.96422" lon="125.31313">
        <ele>1304.36</ele>
      </trkpt>
      <trkpt lat="6.96414" lon="125.31317">
        <ele>1303.54</ele>
      </trkpt>
      <trkpt lat="6.96408" lon="125.3132">
        <ele>1303.54</ele>
      </trkpt>
      <trkpt lat="6.96404" lon="125.31323">
        <ele>1303.4</ele>
      </trkpt>
      <trkpt lat="6.964" lon="125.31325">
        <ele>1303.4</ele>
      </trkpt>
      <trkpt lat="6.96393" lon="125.31328">
        <ele>1303.47</ele>
      </trkpt>
      <trkpt lat="6.96384" lon="125.31331">
        <ele>1302.06</ele>
      </trkpt>
      <trkpt lat="6.9638" lon="125.31333">
        <ele>1300.8</ele>
      </trkpt>
      <trkpt lat="6.96375" lon="125.31337">
        <ele>1299.04</ele>
      </trkpt>
      <trkpt lat="6.96372" lon="125.31343">
        <ele>1297.56</ele>
      </trkpt>
      <trkpt lat="6.96369" lon="125.31345">
        <ele>1296.61</ele>
      </trkpt>
      <trkpt lat="6.96363" lon="125.3135">
        <ele>1294.64</ele>
      </trkpt>
      <trkpt lat="6.96359" lon="125.31352">
        <ele>1293.75</ele>
      </trkpt>
      <trkpt lat="6.96352" lon="125.31356">
        <ele>1292.42</ele>
      </trkpt>
      <trkpt lat="6.96343" lon="125.31361">
        <ele>1290.41</ele>
      </trkpt>
      <trkpt lat="6.9634" lon="125.31363">
        <ele>1289.74</ele>
      </trkpt>
      <trkpt lat="6.96336" lon="125.31367">
        <ele>1288.86</ele>
      </trkpt>
      <trkpt lat="6.96332" lon="125.3137">
        <ele>1288.43</ele>
      </trkpt>
      <trkpt lat="6.96328" lon="125.31377">
        <ele>1288.02</ele>
      </trkpt>
      <trkpt lat="6.96324" lon="125.31386">
        <ele>1287.28</ele>
      </trkpt>
      <trkpt lat="6.9632" lon="125.31396">
        <ele>1286.87</ele>
      </trkpt>
      <trkpt lat="6.96317" lon="125.314">
        <ele>1286.84</ele>
      </trkpt>
      <trkpt lat="6.96315" lon="125.31402">
        <ele>1286.84</ele>
      </trkpt>
      <trkpt lat="6.96313" lon="125.31405">
        <ele>1286.84</ele>
      </trkpt>
      <trkpt lat="6.96308" lon="125.3141">
        <ele>1286.93</ele>
      </trkpt>
      <trkpt lat="6.96306" lon="125.31412">
        <ele>1286.99</ele>
      </trkpt>
      <trkpt lat="6.96303" lon="125.31413">
        <ele>1287.26</ele>
      </trkpt>
      <trkpt lat="6.96296" lon="125.3142">
        <ele>1287.83</ele>
      </trkpt>
      <trkpt lat="6.96286" lon="125.31426">
        <ele>1288.3</ele>
      </trkpt>
      <trkpt lat="6.96275" lon="125.31426">
        <ele>1288.46</ele>
      </trkpt>
      <trkpt lat="6.96269" lon="125.31426">
        <ele>1287.31</ele>
      </trkpt>
      <trkpt lat="6.96267" lon="125.31425">
        <ele>1287.04</ele>
      </trkpt>
      <trkpt lat="6.96265" lon="125.31426">
        <ele>1286.54</ele>
      </trkpt>
      <trkpt lat="6.96262" lon="125.31425">
        <ele>1286.09</ele>
      </trkpt>
      <trkpt lat="6.96257" lon="125.31427">
        <ele>1284.87</ele>
      </trkpt>
      <trkpt lat="6.96251" lon="125.31431">
        <ele>1283.13</ele>
      </trkpt>
      <trkpt lat="6.96241" lon="125.31442">
        <ele>1279.94</ele>
      </trkpt>
      <trkpt lat="6.96234" lon="125.31456">
        <ele>1277.15</ele>
      </trkpt>
      <trkpt lat="6.96233" lon="125.31463">
        <ele>1275.99</ele>
      </trkpt>
      <trkpt lat="6.96233" lon="125.31468">
        <ele>1275.3</ele>
      </trkpt>
      <trkpt lat="6.96231" lon="125.31475">
        <ele>1273.71</ele>
      </trkpt>
      <trkpt lat="6.96231" lon="125.31487">
        <ele>1271.55</ele>
      </trkpt>
      <trkpt lat="6.96228" lon="125.31497">
        <ele>1269.0</ele>
      </trkpt>
      <trkpt lat="6.96228" lon="125.31498">
        <ele>1268.82</ele>
      </trkpt>
      <trkpt lat="6.96226" lon="125.31502">
        <ele>1267.76</ele>
      </trkpt>
      <trkpt lat="6.96226" lon="125.31502">
        <ele>1267.76</ele>
      </trkpt>
      <trkpt lat="6.96225" lon="125.31503">
        <ele>1267.4</ele>
      </trkpt>
      <trkpt lat="6.96222" lon="125.31506">
        <ele>1266.34</ele>
      </trkpt>
      <trkpt lat="6.96217" lon="125.31509">
        <ele>1265.77</ele>
      </trkpt>
      <trkpt lat="6.9621" lon="125.31514">
        <ele>1265.28</ele>
      </trkpt>
      <trkpt lat="6.96204" lon="125.31517">
        <ele>1265.2</ele>
      </trkpt>
      <trkpt lat="6.96196" lon="125.31521">
        <ele>1265.47</ele>
      </trkpt>
      <trkpt lat="6.96196" lon="125.31522">
        <ele>1265.53</ele>
      </trkpt>
      <trkpt lat="6.96179" lon="125.3153">
        <ele>1264.23</ele>
      </trkpt>
      <trkpt lat="6.96172" lon="125.31535">
        <ele>1262.84</ele>
      </trkpt>
      <trkpt lat="6.9617" lon="125.31537">
        <ele>1262.27</ele>
      </trkpt>
      <trkpt lat="6.96165" lon="125.31541">
        <ele>1261.06</ele>
      </trkpt>
      <trkpt lat="6.96161" lon="125.31543">
        <ele>1260.75</ele>
      </trkpt>
      <trkpt lat="6.96157" lon="125.31544">
        <ele>1260.64</ele>
      </trkpt>
      <trkpt lat="6.96152" lon="125.31545">
        <ele>1260.57</ele>
      </trkpt>
      <trkpt lat="6.96149" lon="125.31547">
        <ele>1260.52</ele>
      </trkpt>
      <trkpt lat="6.96143" lon="125.31549">
        <ele>1260.64</ele>
      </trkpt>
      <trkpt lat="6.96142" lon="125.31549">
        <ele>1260.67</ele>
      </trkpt>
      <trkpt lat="6.96124" lon="125.31556">
        <ele>1261.03</ele>
      </trkpt>
      <trkpt lat="6.96124" lon="125.31556">
        <ele>1261.03</ele>
      </trkpt>
      <trkpt lat="6.9612" lon="125.31558">
        <ele>1261.18</ele>
      </trkpt>
      <trkpt lat="6.96115" lon="125.31562">
        <ele>1261.46</ele>
      </trkpt>
      <trkpt lat="6.96114" lon="125.31567">
        <ele>1261.82</ele>
      </trkpt>
      <trkpt lat="6.96113" lon="125.31577">
        <ele>1262.54</ele>
      </trkpt>
      <trkpt lat="6.96113" lon="125.31577">
        <ele>1262.54</ele>
      </trkpt>
      <trkpt lat="6.96112" lon="125.31582">
        <ele>1262.9</ele>
      </trkpt>
      <trkpt lat="6.96111" lon="125.31588">
        <ele>1263.36</ele>
      </trkpt>
      <trkpt lat="6.96106" lon="125.31601">
        <ele>1264.97</ele>
      </trkpt>
      <trkpt lat="6.96105" lon="125.31604">
        <ele>1265.21</ele>
      </trkpt>
      <trkpt lat="6.96103" lon="125.3161">
        <ele>1265.56</ele>
      </trkpt>
      <trkpt lat="6.96102" lon="125.31612">
        <ele>1265.69</ele>
      </trkpt>
      <trkpt lat="6.961" lon="125.31616">
        <ele>1265.94</ele>
      </trkpt>
      <trkpt lat="6.96097" lon="125.31621">
        <ele>1266.19</ele>
      </trkpt>
      <trkpt lat="6.96093" lon="125.31629">
        <ele>1266.33</ele>
      </trkpt>
      <trkpt lat="6.96091" lon="125.31634">
        <ele>1266.31</ele>
      </trkpt>
      <trkpt lat="6.9609" lon="125.31636">
        <ele>1266.27</ele>
      </trkpt>
      <trkpt lat="6.9609" lon="125.31636">
        <ele>1266.27</ele>
      </trkpt>
      <trkpt lat="6.96086" lon="125.31655">
        <ele>1267.61</ele>
      </trkpt>
      <trkpt lat="6.96086" lon="125.31656">
        <ele>1267.71</ele>
      </trkpt>
      <trkpt lat="6.96084" lon="125.31661">
        <ele>1268.34</ele>
      </trkpt>
      <trkpt lat="6.96082" lon="125.31665">
        <ele>1269.09</ele>
      </trkpt>
      <trkpt lat="6.9608" lon="125.31669">
        <ele>1269.66</ele>
      </trkpt>
      <trkpt lat="6.96075" lon="125.3167">
        <ele>1270.75</ele>
      </trkpt>
      <trkpt lat="6.96071" lon="125.31668">
        <ele>1271.66</ele>
      </trkpt>
      <trkpt lat="6.96063" lon="125.3166">
        <ele>1271.62</ele>
      </trkpt>
      <trkpt lat="6.9606" lon="125.31657">
        <ele>1271.24</ele>
      </trkpt>
      <trkpt lat="6.96057" lon="125.31653">
        <ele>1270.41</ele>
      </trkpt>
      <trkpt lat="6.96053" lon="125.3165">
        <ele>1269.73</ele>
      </trkpt>
      <trkpt lat="6.96041" lon="125.31638">
        <ele>1267.48</ele>
      </trkpt>
      <trkpt lat="6.96041" lon="125.31638">
        <ele>1267.48</ele>
      </trkpt>
      <trkpt lat="6.96037" lon="125.31635">
        <ele>1267.58</ele>
      </trkpt>
      <trkpt lat="6.96032" lon="125.31633">
        <ele>1267.91</ele>
      </trkpt>
      <trkpt lat="6.96024" lon="125.3163">
        <ele>1267.18</ele>
      </trkpt>
      <trkpt lat="6.96024" lon="125.31631">
        <ele>1267.27</ele>
      </trkpt>
      <trkpt lat="6.95986" lon="125.31625">
        <ele>1260.49</ele>
      </trkpt>
      <trkpt lat="6.95986" lon="125.31625">
        <ele>1260.49</ele>
      </trkpt>
      <trkpt lat="6.95983" lon="125.31622">
        <ele>1260.3</ele>
      </trkpt>
      <trkpt lat="6.95983" lon="125.31622">
        <ele>1260.3</ele>
      </trkpt>
      <trkpt lat="6.9598" lon="125.31618">
        <ele>1260.17</ele>
      </trkpt>
      <trkpt lat="6.95979" lon="125.31613">
        <ele>1260.21</ele>
      </trkpt>
      <trkpt lat="6.95978" lon="125.31597">
        <ele>1259.3</ele>
      </trkpt>
      <trkpt lat="6.95978" lon="125.31593">
        <ele>1259.04</ele>
      </trkpt>
      <trkpt lat="6.95978" lon="125.31583">
        <ele>1258.38</ele>
      </trkpt>
      <trkpt lat="6.95978" lon="125.31572">
        <ele>1257.28</ele>
      </trkpt>
      <trkpt lat="6.95976" lon="125.31568">
        <ele>1256.69</ele>
      </trkpt>
      <trkpt lat="6.95971" lon="125.31563">
        <ele>1255.38</ele>
      </trkpt>
      <trkpt lat="6.9597" lon="125.31562">
        <ele>1254.91</ele>
      </trkpt>
      <trkpt lat="6.95971" lon="125.31559">
        <ele>1254.94</ele>
      </trkpt>
      <trkpt lat="6.95974" lon="125.31553">
        <ele>1254.75</ele>
      </trkpt>
      <trkpt lat="6.95977" lon="125.31546">
        <ele>1253.97</ele>
      </trkpt>
      <trkpt lat="6.95977" lon="125.31541">
        <ele>1253.17</ele>
      </trkpt>
      <trkpt lat="6.95976" lon="125.31537">
        <ele>1252.34</ele>
      </trkpt>
      <trkpt lat="6.95977" lon="125.31535">
        <ele>1252.2</ele>
      </trkpt>
      <trkpt lat="6.95977" lon="125.31532">
        <ele>1251.71</ele>
      </trkpt>
      <trkpt lat="6.95978" lon="125.31529">
        <ele>1251.44</ele>
      </trkpt>
      <trkpt lat="6.95979" lon="125.31526">
        <ele>1251.24</ele>
      </trkpt>
      <trkpt lat="6.9598" lon="125.31522">
        <ele>1250.96</ele>
      </trkpt>
      <trkpt lat="6.95982" lon="125.31516">
        <ele>1250.71</ele>
      </trkpt>
      <trkpt lat="6.95986" lon="125.31507">
        <ele>1250.73</ele>
      </trkpt>
      <trkpt lat="6.95987" lon="125.31503">
        <ele>1250.57</ele>
      </trkpt>
      <trkpt lat="6.95987" lon="125.31501">
        <ele>1250.36</ele>
      </trkpt>
      <trkpt lat="6.95991" lon="125.31494">
        <ele>1249.79</ele>
      </trkpt>
      <trkpt lat="6.95992" lon="125.3149">
        <ele>1249.26</ele>
      </trkpt>
      <trkpt lat="6.95994" lon="125.31485">
        <ele>1249.4</ele>
      </trkpt>
      <trkpt lat="6.95995" lon="125.31478">
        <ele>1248.92</ele>
      </trkpt>
      <trkpt lat="6.95997" lon="125.31474">
        <ele>1250.18</ele>
      </trkpt>
      <trkpt lat="6.96" lon="125.31461">
        <ele>1243.3</ele>
      </trkpt>
      <trkpt lat="6.96003" lon="125.31455">
        <ele>1240.71</ele>
      </trkpt>
      <trkpt lat="6.96003" lon="125.31451">
        <ele>1237.58</ele>
      </trkpt>
      <trkpt lat="6.96003" lon="125.31446">
        <ele>1233.67</ele>
      </trkpt>
      <trkpt lat="6.96003" lon="125.31442">
        <ele>1231.24</ele>
      </trkpt>
      <trkpt lat="6.96003" lon="125.31437">
        <ele>1228.75</ele>
      </trkpt>
      <trkpt lat="6.96004" lon="125.31434">
        <ele>1228.56</ele>
      </trkpt>
      <trkpt lat="6.96004" lon="125.31429">
        <ele>1226.15</ele>
      </trkpt>
      <trkpt lat="6.96005" lon="125.31425">
        <ele>1225.65</ele>
      </trkpt>
      <trkpt lat="6.96006" lon="125.31419">
        <ele>1224.35</ele>
      </trkpt>
      <trkpt lat="6.96006" lon="125.31412">
        <ele>1223.35</ele>
      </trkpt>
      <trkpt lat="6.96005" lon="125.31407">
        <ele>1222.2</ele>
      </trkpt>
      <trkpt lat="6.96007" lon="125.314">
        <ele>1224.5</ele>
      </trkpt>
      <trkpt lat="6.96008" lon="125.31395">
        <ele>1225.22</ele>
      </trkpt>
      <trkpt lat="6.96011" lon="125.31387">
        <ele>1226.3</ele>
      </trkpt>
      <trkpt lat="6.96012" lon="125.31381">
        <ele>1225.52</ele>
      </trkpt>
      <trkpt lat="6.96015" lon="125.31377">
        <ele>1226.38</ele>
      </trkpt>
      <trkpt lat="6.96014" lon="125.31374">
        <ele>1225.08</ele>
      </trkpt>
      <trkpt lat="6.96014" lon="125.31372">
        <ele>1224.61</ele>
      </trkpt>
      <trkpt lat="6.96008" lon="125.31367">
        <ele>1219.94</ele>
      </trkpt>
      <trkpt lat="6.96005" lon="125.31361">
        <ele>1216.81</ele>
      </trkpt>
      <trkpt lat="6.96002" lon="125.31359">
        <ele>1213.82</ele>
      </trkpt>
      <trkpt lat="6.96" lon="125.31356">
        <ele>1210.69</ele>
      </trkpt>
      <trkpt lat="6.96" lon="125.31356">
        <ele>1210.69</ele>
      </trkpt>
      <trkpt lat="6.95998" lon="125.31355">
        <ele>1208.73</ele>
      </trkpt>
      <trkpt lat="6.95993" lon="125.31355">
        <ele>1205.44</ele>
      </trkpt>
      <trkpt lat="6.95991" lon="125.31355">
        <ele>1204.12</ele>
      </trkpt>
      <trkpt lat="6.95988" lon="125.31355">
        <ele>1202.15</ele>
      </trkpt>
      <trkpt lat="6.95985" lon="125.31355">
        <ele>1200.18</ele>
      </trkpt>
      <trkpt lat="6.95978" lon="125.31358">
        <ele>1196.07</ele>
      </trkpt>
      <trkpt lat="6.95974" lon="125.31358">
        <ele>1193.17</ele>
      </trkpt>
      <trkpt lat="6.95973" lon="125.31356">
        <ele>1192.34</ele>
      </trkpt>
      <trkpt lat="6.95973" lon="125.31352">
        <ele>1192.13</ele>
      </trkpt>
      <trkpt lat="6.95973" lon="125.31348">
        <ele>1191.92</ele>
      </trkpt>
      <trkpt lat="6.95975" lon="125.31345">
        <ele>1192.63</ele>
      </trkpt>
      <trkpt lat="6.95976" lon="125.31343">
        <ele>1192.83</ele>
      </trkpt>
      <trkpt lat="6.95976" lon="125.31339">
        <ele>1192.36</ele>
      </trkpt>
      <trkpt lat="6.95974" lon="125.31336">
        <ele>1191.52</ele>
      </trkpt>
      <trkpt lat="6.95972" lon="125.31331">
        <ele>1190.99</ele>
      </trkpt>
      <trkpt lat="6.95967" lon="125.31332">
        <ele>1188.88</ele>
      </trkpt>
      <trkpt lat="6.95961" lon="125.31333">
        <ele>1186.21</ele>
      </trkpt>
      <trkpt lat="6.95957" lon="125.31337">
        <ele>1184.7</ele>
      </trkpt>
      <trkpt lat="6.95954" lon="125.31342">
        <ele>1183.85</ele>
      </trkpt>
      <trkpt lat="6.95952" lon="125.31346">
        <ele>1183.38</ele>
      </trkpt>
      <trkpt lat="6.95949" lon="125.31352">
        <ele>1182.76</ele>
      </trkpt>
      <trkpt lat="6.95949" lon="125.31353">
        <ele>1182.86</ele>
      </trkpt>
      <trkpt lat="6.95946" lon="125.31358">
        <ele>1182.24</ele>
      </trkpt>
      <trkpt lat="6.95943" lon="125.31361">
        <ele>1181.78</ele>
      </trkpt>
      <trkpt lat="6.95939" lon="125.31366">
        <ele>1179.92</ele>
      </trkpt>
      <trkpt lat="6.95937" lon="125.31372">
        <ele>1177.97</ele>
      </trkpt>
      <trkpt lat="6.95935" lon="125.31376">
        <ele>1176.52</ele>
      </trkpt>
      <trkpt lat="6.95933" lon="125.31381">
        <ele>1174.75</ele>
      </trkpt>
      <trkpt lat="6.95931" lon="125.31386">
        <ele>1172.92</ele>
      </trkpt>
      <trkpt lat="6.95931" lon="125.31392">
        <ele>1172.28</ele>
      </trkpt>
      <trkpt lat="6.9593" lon="125.31397">
        <ele>1172.28</ele>
      </trkpt>
      <trkpt lat="6.95928" lon="125.31406">
        <ele>1171.98</ele>
      </trkpt>
      <trkpt lat="6.95926" lon="125.31414">
        <ele>1171.33</ele>
      </trkpt>
      <trkpt lat="6.95925" lon="125.31419">
        <ele>1171.39</ele>
      </trkpt>
      <trkpt lat="6.95925" lon="125.31419">
        <ele>1171.39</ele>
      </trkpt>
      <trkpt lat="6.95925" lon="125.3142">
        <ele>1171.6</ele>
      </trkpt>
      <trkpt lat="6.95925" lon="125.31421">
        <ele>1171.8</ele>
      </trkpt>
      <trkpt lat="6.95922" lon="125.31425">
        <ele>1171.37</ele>
      </trkpt>
      <trkpt lat="6.95919" lon="125.31426">
        <ele>1170.33</ele>
      </trkpt>
      <trkpt lat="6.95914" lon="125.31427">
        <ele>1167.37</ele>
      </trkpt>
      <trkpt lat="6.95908" lon="125.31427">
        <ele>1162.36</ele>
      </trkpt>
      <trkpt lat="6.95908" lon="125.31427">
        <ele>1162.36</ele>
      </trkpt>
    </trkseg>
  </trk>
</gpx>
